date,product_name,category,region,store,quantity,price,discount,revenue,profit,promotion,holiday
2023-01-01,Laptop,Electronics,East,Store D,26,53365.36,0,1387499.38,514548.66,1,1
2023-01-01,Smartphone,Electronics,West,Store E,19,26455.44,20,402122.67,98967.67,0,1
2023-01-01,Headphones,Electronics,West,Store D,14,2469.65,5,32846.34,7991.66,0,1
2023-01-01,Office Chair,Furniture,North,Store D,12,7497.9,10,80977.32,11048.98,1,1
2023-01-01,Study Table,Furniture,South,Store C,17,12869.83,0,218787.19,75703.25,1,1
2023-01-01,T-Shirt,Fashion,North,Store A,16,822.41,10,11842.71,2255.03,0,1
2023-01-01,Jeans,Fashion,East,Store A,22,1836.91,5,38391.4,13327.69,0,1
2023-01-01,Shoes,Fashion,East,Store B,19,2479.74,0,47115.06,15304.6,1,1
2023-01-01,Coffee Maker,Home Appliances,North,Store E,22,4448.32,0,97863.04,35517.98,0,1
2023-01-01,Mixer Grinder,Home Appliances,South,Store A,13,3646.62,15,40295.15,7024.58,1,1
2023-01-02,Laptop,Electronics,South,Store C,6,57466.68,0,344800.11,108929.19,0,0
2023-01-02,Smartphone,Electronics,East,Store C,8,23852.14,0,190817.16,47906.38,0,0
2023-01-02,Headphones,Electronics,West,Store E,7,2637.64,20,14770.78,2275.56,0,0
2023-01-02,Office Chair,Furniture,North,Store D,8,7964.21,15,54156.64,18081.56,1,0
2023-01-02,Study Table,Furniture,West,Store C,5,11967.26,10,53852.68,7357.43,0,0
2023-01-02,T-Shirt,Fashion,West,Store D,11,762.88,0,8391.7,2153.95,0,0
2023-01-02,Jeans,Fashion,North,Store D,8,1939.56,5,14740.69,5478.43,0,0
2023-01-02,Shoes,Fashion,West,Store C,8,2693.53,5,20470.86,7040.47,0,0
2023-01-02,Coffee Maker,Home Appliances,East,Store A,8,4507.58,20,28848.51,3893.48,0,0
2023-01-02,Mixer Grinder,Home Appliances,West,Store A,8,3764.27,20,24091.3,4477.5,0,0
2023-01-03,Laptop,Electronics,West,Store C,17,53507.87,20,727706.97,163664.89,0,0
2023-01-03,Smartphone,Electronics,North,Store E,13,25924.0,10,303310.84,57757.03,0,0
2023-01-03,Headphones,Electronics,West,Store E,13,2437.05,0,31681.6,10611.02,0,0
2023-01-03,Office Chair,Furniture,East,Store B,7,7847.25,15,46691.13,8604.34,0,0
2023-01-03,Study Table,Furniture,East,Store E,4,11703.07,10,42131.04,12718.11,0,0
2023-01-03,T-Shirt,Fashion,North,Store D,14,775.15,0,10852.16,2163.64,1,0
2023-01-03,Jeans,Fashion,North,Store B,11,1834.66,0,20181.23,7144.29,1,0
2023-01-03,Shoes,Fashion,West,Store E,15,2601.3,5,37068.53,13644.02,0,0
2023-01-03,Coffee Maker,Home Appliances,West,Store E,7,4677.77,5,31107.19,11877.23,1,0
2023-01-03,Mixer Grinder,Home Appliances,North,Store A,6,3657.17,5,20845.86,8065.49,0,0
2023-01-04,Laptop,Electronics,North,Store C,4,57281.15,15,194755.92,43978.64,1,0
2023-01-04,Smartphone,Electronics,North,Store B,7,25385.19,10,159926.71,27947.28,0,0
2023-01-04,Headphones,Electronics,South,Store E,6,2523.93,10,13629.23,3156.07,0,0
2023-01-04,Office Chair,Furniture,South,Store D,4,7217.08,0,28868.33,7180.09,0,0
2023-01-04,Study Table,Furniture,South,Store B,4,12381.15,10,44572.14,8190.78,0,0
2023-01-04,T-Shirt,Fashion,West,Store A,12,842.86,10,9102.84,1640.59,1,0
2023-01-04,Jeans,Fashion,West,Store D,14,1909.81,20,21389.84,4333.4,0,0
2023-01-04,Shoes,Fashion,South,Store A,9,2500.63,5,21380.35,6680.81,0,0
2023-01-04,Coffee Maker,Home Appliances,East,Store A,8,4598.92,10,33112.2,10133.72,0,0
2023-01-04,Mixer Grinder,Home Appliances,South,Store A,13,3730.81,5,46075.54,17574.85,0,0
2023-01-05,Laptop,Electronics,South,Store E,12,54063.83,5,616327.63,172189.63,0,0
2023-01-05,Smartphone,Electronics,North,Store B,9,24019.4,5,205365.84,48966.85,1,0
2023-01-05,Headphones,Electronics,South,Store B,11,2564.9,10,25392.53,4431.8,0,0
2023-01-05,Office Chair,Furniture,South,Store C,7,7200.79,5,47885.26,7177.23,0,0
2023-01-05,Study Table,Furniture,West,Store C,10,12751.06,20,102008.48,29031.75,0,0
2023-01-05,T-Shirt,Fashion,East,Store A,13,845.18,5,10437.91,3141.73,1,0
2023-01-05,Jeans,Fashion,South,Store B,6,1870.82,0,11224.93,3710.34,0,0
2023-01-05,Shoes,Fashion,South,Store C,15,2416.01,5,34428.14,5499.87,0,0
2023-01-05,Coffee Maker,Home Appliances,South,Store D,10,4511.04,15,38343.82,10258.3,0,0
2023-01-05,Mixer Grinder,Home Appliances,East,Store E,3,3593.41,5,10241.23,3199.88,0,0
2023-01-06,Laptop,Electronics,East,Store C,10,55085.28,10,495767.53,104180.94,1,0
2023-01-06,Smartphone,Electronics,East,Store A,8,24589.29,5,186878.64,50349.75,1,0
2023-01-06,Headphones,Electronics,North,Store E,10,2542.45,15,21610.84,2231.84,0,0
2023-01-06,Office Chair,Furniture,South,Store B,4,7472.09,5,28393.95,5565.18,0,0
2023-01-06,Study Table,Furniture,South,Store B,3,12836.56,15,32733.23,10737.45,0,0
2023-01-06,T-Shirt,Fashion,North,Store D,18,797.53,0,14355.56,4472.04,1,0
2023-01-06,Jeans,Fashion,North,Store D,10,1768.09,0,17680.87,4576.91,0,0
2023-01-06,Shoes,Fashion,East,Store C,6,2452.82,5,13981.08,4258.02,0,0
2023-01-06,Coffee Maker,Home Appliances,South,Store D,6,4566.59,10,24659.58,8037.15,0,0
2023-01-06,Mixer Grinder,Home Appliances,East,Store B,8,3328.43,20,21301.94,3366.26,0,0
2023-01-07,Laptop,Electronics,North,Store D,6,59380.38,10,320654.04,69395.39,1,0
2023-01-07,Smartphone,Electronics,West,Store D,15,26084.99,15,332583.57,71468.59,1,0
2023-01-07,Headphones,Electronics,North,Store C,17,2547.2,10,38972.13,8061.82,1,0
2023-01-07,Office Chair,Furniture,North,Store E,9,7127.64,0,64148.79,22230.93,0,0
2023-01-07,Study Table,Furniture,East,Store C,9,11618.04,15,88878.04,8618.05,0,0
2023-01-07,T-Shirt,Fashion,North,Store D,15,850.16,5,12114.85,4077.23,0,0
2023-01-07,Jeans,Fashion,West,Store C,14,1792.16,5,23835.71,6949.33,0,0
2023-01-07,Shoes,Fashion,North,Store E,20,2577.97,20,41247.58,8246.63,1,0
2023-01-07,Coffee Maker,Home Appliances,West,Store D,13,4736.33,15,52336.44,15639.3,1,0
2023-01-07,Mixer Grinder,Home Appliances,South,Store E,9,3687.77,5,31530.43,11780.4,0,0
2023-01-08,Laptop,Electronics,East,Store D,17,56130.48,10,858796.34,255418.56,1,0
2023-01-08,Smartphone,Electronics,South,Store D,16,25251.52,5,383823.09,75618.69,0,0
2023-01-08,Headphones,Electronics,West,Store B,11,2658.44,0,29242.84,8128.86,0,0
2023-01-08,Office Chair,Furniture,West,Store D,13,7200.39,0,93605.04,33275.51,1,0
2023-01-08,Study Table,Furniture,South,Store C,9,12652.45,0,113872.06,48982.02,0,0
2023-01-08,T-Shirt,Fashion,South,Store C,12,806.02,10,8705.04,2564.6,0,0
2023-01-08,Jeans,Fashion,West,Store C,9,1923.01,5,16441.69,5670.94,0,0
2023-01-08,Shoes,Fashion,East,Store C,9,2697.9,0,24281.14,8753.46,0,0
2023-01-08,Coffee Maker,Home Appliances,South,Store E,12,4722.73,5,53839.16,20438.18,0,0
2023-01-08,Mixer Grinder,Home Appliances,West,Store E,13,3584.1,0,46593.26,12024.96,0,0
2023-01-09,Laptop,Electronics,West,Store B,19,54566.53,5,984925.85,341575.25,1,0
2023-01-09,Smartphone,Electronics,North,Store A,7,25668.46,5,170695.25,57251.24,0,0
2023-01-09,Headphones,Electronics,South,Store E,11,2551.03,0,28061.34,8425.63,0,0
2023-01-09,Office Chair,Furniture,East,Store A,5,7239.81,15,30769.18,4377.69,0,0
2023-01-09,Study Table,Furniture,North,Store B,3,12804.03,0,38412.09,11149.28,0,0
2023-01-09,T-Shirt,Fashion,West,Store B,12,802.55,15,8185.99,1771.95,0,0
2023-01-09,Jeans,Fashion,North,Store B,13,1766.43,10,20667.23,4996.23,0,0
2023-01-09,Shoes,Fashion,West,Store C,13,2528.7,5,31229.5,7856.38,0,0
2023-01-09,Coffee Maker,Home Appliances,North,Store E,8,4480.65,0,35845.21,11570.31,0,0
2023-01-09,Mixer Grinder,Home Appliances,South,Store C,3,3327.39,20,7985.74,1490.89,0,0
2023-01-10,Laptop,Electronics,South,Store D,14,59100.92,0,827412.9,260299.71,1,0
2023-01-10,Smartphone,Electronics,East,Store E,14,26685.93,20,298882.44,48142.55,1,0
2023-01-10,Headphones,Electronics,East,Store B,8,2412.47,0,19299.73,5781.39,0,0
2023-01-10,Office Chair,Furniture,South,Store B,9,7519.37,5,64290.64,16835.64,1,0
2023-01-10,Study Table,Furniture,West,Store A,8,11998.98,0,95991.87,22276.72,0,0
2023-01-10,T-Shirt,Fashion,East,Store D,5,819.37,5,3892.02,1299.65,0,0
2023-01-10,Jeans,Fashion,South,Store B,9,1709.83,10,13849.64,2773.12,0,0
2023-01-10,Shoes,Fashion,West,Store B,8,2694.93,0,21559.45,8024.88,0,0
2023-01-10,Coffee Maker,Home Appliances,South,Store A,9,4410.53,20,31755.8,583.29,0,0
2023-01-10,Mixer Grinder,Home Appliances,East,Store E,3,3700.92,20,8882.22,1068.76,1,0
2023-01-11,Laptop,Electronics,North,Store A,10,58399.91,15,496399.21,121113.43,0,0
2023-01-11,Smartphone,Electronics,West,Store C,6,24571.11,0,147426.66,57289.44,0,0
2023-01-11,Headphones,Electronics,East,Store E,14,2454.72,15,29211.14,7219.9,0,0
2023-01-11,Office Chair,Furniture,West,Store A,7,7130.02,15,42423.6,3175.1,0,0
2023-01-11,Study Table,Furniture,South,Store B,6,12389.05,0,74334.29,24136.08,1,0
2023-01-11,T-Shirt,Fashion,East,Store C,13,769.7,20,8004.86,20.36,1,0
2023-01-11,Jeans,Fashion,West,Store D,9,1845.2,0,16606.82,5884.19,0,0
2023-01-11,Shoes,Fashion,North,Store C,14,2498.67,5,33232.37,11827.49,1,0
2023-01-11,Coffee Maker,Home Appliances,South,Store C,1,4549.1,0,4549.1,1084.21,0,0
2023-01-11,Mixer Grinder,Home Appliances,East,Store E,9,3738.83,10,30284.55,6523.32,1,0
2023-01-12,Laptop,Electronics,West,Store C,7,55633.45,15,331019.03,32923.23,0,0
2023-01-12,Smartphone,Electronics,North,Store A,13,26742.76,0,347655.82,116581.78,1,0
2023-01-12,Headphones,Electronics,North,Store A,9,2423.61,20,17450.02,2068.39,0,0
2023-01-12,Office Chair,Furniture,North,Store B,6,7360.99,0,44165.96,9174.0,0,0
2023-01-12,Study Table,Furniture,West,Store D,2,11537.07,5,21920.44,6005.73,0,0
2023-01-12,T-Shirt,Fashion,South,Store E,10,830.66,5,7891.31,1945.91,0,0
2023-01-12,Jeans,Fashion,North,Store B,6,1716.44,10,9268.76,973.37,0,0
2023-01-12,Shoes,Fashion,East,Store A,15,2484.33,15,31675.17,3686.3,0,0
2023-01-12,Coffee Maker,Home Appliances,East,Store C,8,4784.99,0,38279.95,15259.44,1,0
2023-01-12,Mixer Grinder,Home Appliances,East,Store D,4,3476.2,10,12514.33,2747.29,1,0
2023-01-13,Laptop,Electronics,East,Store C,11,56134.6,5,586606.56,167632.41,0,0
2023-01-13,Smartphone,Electronics,South,Store D,13,25805.76,10,301927.35,85115.71,0,0
2023-01-13,Headphones,Electronics,North,Store E,12,2519.72,15,25701.19,4921.17,1,0
2023-01-13,Office Chair,Furniture,South,Store D,7,7567.44,20,42377.69,8647.01,0,0
2023-01-13,Study Table,Furniture,East,Store B,6,12344.64,5,70364.45,22541.2,0,0
2023-01-13,T-Shirt,Fashion,West,Store E,17,817.02,15,11806.0,2336.16,1,0
2023-01-13,Jeans,Fashion,West,Store B,9,1858.73,0,16728.55,6359.08,1,0
2023-01-13,Shoes,Fashion,South,Store E,6,2503.15,10,13516.99,3225.39,0,0
2023-01-13,Coffee Maker,Home Appliances,East,Store C,7,4358.97,0,30512.81,6284.03,0,0
2023-01-13,Mixer Grinder,Home Appliances,West,Store B,8,3703.05,0,29624.39,8466.76,0,0
2023-01-14,Laptop,Electronics,South,Store D,12,56575.42,0,678905.05,245113.39,0,0
2023-01-14,Smartphone,Electronics,South,Store A,18,24104.61,0,433882.91,111191.47,1,0
2023-01-14,Headphones,Electronics,North,Store D,14,2516.56,10,31708.71,5556.36,0,0
2023-01-14,Office Chair,Furniture,West,Store A,8,7289.23,5,55398.17,12458.35,0,0
2023-01-14,Study Table,Furniture,North,Store A,6,12232.42,5,69724.79,18646.34,0,0
2023-01-14,T-Shirt,Fashion,West,Store B,14,852.19,5,11334.15,4479.03,0,0
2023-01-14,Jeans,Fashion,East,Store A,12,1754.55,5,20001.89,6402.75,0,0
2023-01-14,Shoes,Fashion,West,Store E,11,2475.18,5,25865.68,6352.33,0,0
2023-01-14,Coffee Maker,Home Appliances,North,Store B,7,4425.09,5,29426.84,5067.05,0,0
2023-01-14,Mixer Grinder,Home Appliances,West,Store A,2,3559.4,10,6406.93,1459.07,0,0
2023-01-15,Laptop,Electronics,North,Store A,7,57755.1,15,343642.87,74067.92,0,0
2023-01-15,Smartphone,Electronics,East,Store E,14,24247.2,5,322487.72,97667.88,0,0
2023-01-15,Headphones,Electronics,West,Store B,11,2449.83,0,26948.13,9427.51,0,0
2023-01-15,Office Chair,Furniture,East,Store B,6,7831.4,5,44639.0,17510.85,0,0
2023-01-15,Study Table,Furniture,West,Store D,11,12605.29,15,117859.48,32365.56,1,0
2023-01-15,T-Shirt,Fashion,South,Store A,12,823.15,0,9877.85,3361.52,0,0
2023-01-15,Jeans,Fashion,West,Store B,7,1847.69,0,12933.84,3836.35,0,0
2023-01-15,Shoes,Fashion,West,Store E,10,2491.96,5,23673.62,4201.75,0,0
2023-01-15,Coffee Maker,Home Appliances,East,Store D,9,4740.34,10,38396.74,7337.61,0,0
2023-01-15,Mixer Grinder,Home Appliances,South,Store D,14,3367.28,10,42427.76,10760.61,1,0
2023-01-16,Laptop,Electronics,West,Store A,4,54973.5,0,219894.01,74179.67,0,0
2023-01-16,Smartphone,Electronics,South,Store A,13,26094.62,5,322268.58,119003.81,0,0
2023-01-16,Headphones,Electronics,East,Store D,10,2447.67,0,24476.75,5168.79,1,0
2023-01-16,Office Chair,Furniture,North,Store B,9,7191.47,5,61487.05,20673.44,1,0
2023-01-16,Study Table,Furniture,South,Store D,7,12339.98,0,86379.88,30464.13,0,0
2023-01-16,T-Shirt,Fashion,East,Store C,7,837.39,5,5568.67,1589.2,0,0
2023-01-16,Jeans,Fashion,East,Store A,7,1771.12,10,11158.03,3199.28,0,0
2023-01-16,Shoes,Fashion,West,Store D,12,2445.78,0,29349.39,10418.7,0,0
2023-01-16,Coffee Maker,Home Appliances,West,Store D,11,4737.35,5,49505.28,14618.34,1,0
2023-01-16,Mixer Grinder,Home Appliances,East,Store B,6,3445.96,5,19641.98,4599.76,0,0
2023-01-17,Laptop,Electronics,South,Store D,10,56959.65,0,569596.49,146256.21,0,0
2023-01-17,Smartphone,Electronics,North,Store D,12,25190.64,20,241830.12,59247.26,0,0
2023-01-17,Headphones,Electronics,West,Store A,7,2500.97,5,16631.44,4676.31,1,0
2023-01-17,Office Chair,Furniture,West,Store C,8,8001.43,5,60810.86,16360.02,1,0
2023-01-17,Study Table,Furniture,West,Store A,4,12146.08,20,38867.45,2327.61,1,0
2023-01-17,T-Shirt,Fashion,North,Store E,10,854.64,5,8119.09,2576.12,0,0
2023-01-17,Jeans,Fashion,West,Store D,3,1731.27,5,4934.12,1330.66,0,0
2023-01-17,Shoes,Fashion,North,Store D,7,2593.66,20,14524.48,2466.75,0,0
2023-01-17,Coffee Maker,Home Appliances,South,Store E,15,4352.06,0,65280.92,15960.26,0,0
2023-01-17,Mixer Grinder,Home Appliances,East,Store B,12,3329.25,5,37953.4,10888.51,0,0
2023-01-18,Laptop,Electronics,South,Store C,6,53708.85,15,273915.16,42943.11,1,0
2023-01-18,Smartphone,Electronics,West,Store C,5,24408.06,10,109836.28,13279.62,0,0
2023-01-18,Headphones,Electronics,South,Store D,12,2490.54,10,26897.78,4609.11,0,0
2023-01-18,Office Chair,Furniture,West,Store A,6,7909.86,10,42713.27,13527.72,0,0
2023-01-18,Study Table,Furniture,West,Store C,2,12503.98,10,22507.17,4700.35,0,0
2023-01-18,T-Shirt,Fashion,West,Store C,7,768.25,5,5108.88,1530.98,0,0
2023-01-18,Jeans,Fashion,East,Store D,16,1892.79,10,27256.18,9372.67,1,0
2023-01-18,Shoes,Fashion,North,Store D,11,2491.73,0,27409.02,9260.46,0,0
2023-01-18,Coffee Maker,Home Appliances,South,Store C,9,4543.04,15,34754.25,6933.41,0,0
2023-01-18,Mixer Grinder,Home Appliances,North,Store B,8,3760.26,10,27073.87,9926.32,0,0
2023-01-19,Laptop,Electronics,West,Store B,8,52490.34,5,398926.56,129964.43,0,0
2023-01-19,Smartphone,Electronics,North,Store C,9,24595.51,5,210291.63,45693.39,0,0
2023-01-19,Headphones,Electronics,North,Store E,8,2456.56,0,19652.51,4590.3,0,0
2023-01-19,Office Chair,Furniture,East,Store A,5,7571.84,0,37859.22,12087.52,0,0
2023-01-19,Study Table,Furniture,South,Store E,10,11714.13,10,105427.15,27840.94,1,0
2023-01-19,T-Shirt,Fashion,West,Store B,13,850.23,0,11052.99,3176.27,0,0
2023-01-19,Jeans,Fashion,West,Store C,15,1838.27,5,26195.3,9546.97,1,0
2023-01-19,Shoes,Fashion,East,Store D,11,2641.13,10,26147.15,7771.43,0,0
2023-01-19,Coffee Maker,Home Appliances,East,Store E,13,4805.09,15,53096.29,15080.48,1,0
2023-01-19,Mixer Grinder,Home Appliances,West,Store A,8,3470.45,10,24987.23,3205.61,0,0
2023-01-20,Laptop,Electronics,South,Store E,5,56020.91,5,266099.31,65491.31,0,0
2023-01-20,Smartphone,Electronics,North,Store B,13,26064.05,0,338832.59,95512.87,0,0
2023-01-20,Headphones,Electronics,North,Store A,11,2480.66,10,24558.52,4661.2,0,0
2023-01-20,Office Chair,Furniture,West,Store A,3,7335.14,15,18704.61,3745.08,0,0
2023-01-20,Study Table,Furniture,South,Store C,9,12008.02,0,108072.22,35894.69,1,0
2023-01-20,T-Shirt,Fashion,North,Store D,6,808.81,15,4124.94,1233.0,0,0
2023-01-20,Jeans,Fashion,West,Store B,15,1857.58,5,26470.49,8094.47,1,0
2023-01-20,Shoes,Fashion,West,Store E,6,2526.34,0,15158.03,5348.54,0,0
2023-01-20,Coffee Maker,Home Appliances,East,Store E,8,4415.11,0,35320.91,8572.04,0,0
2023-01-20,Mixer Grinder,Home Appliances,North,Store D,7,3629.49,15,21595.44,3238.29,0,0
2023-01-21,Laptop,Electronics,West,Store A,13,55570.7,15,614056.21,167356.9,0,0
2023-01-21,Smartphone,Electronics,East,Store B,10,25948.39,10,233535.47,77609.27,0,0
2023-01-21,Headphones,Electronics,West,Store D,12,2581.08,5,29424.36,11041.32,0,0
2023-01-21,Office Chair,Furniture,South,Store B,5,7316.2,5,34751.93,8129.16,0,0
2023-01-21,Study Table,Furniture,South,Store D,2,11457.29,0,22914.57,8047.9,0,0
2023-01-21,T-Shirt,Fashion,North,Store E,10,787.91,0,7879.07,1910.52,0,0
2023-01-21,Jeans,Fashion,South,Store A,19,1715.99,5,30973.59,6309.42,1,0
2023-01-21,Shoes,Fashion,North,Store C,20,2611.16,5,49612.03,11686.88,0,0
2023-01-21,Coffee Maker,Home Appliances,South,Store E,6,4760.31,10,25705.67,9308.55,0,0
2023-01-21,Mixer Grinder,Home Appliances,West,Store B,12,3597.41,15,36693.53,7697.25,0,0
2023-01-22,Laptop,Electronics,East,Store A,15,58702.54,0,880538.12,375671.21,0,0
2023-01-22,Smartphone,Electronics,West,Store B,10,25625.9,5,243446.05,91477.79,0,0
2023-01-22,Headphones,Electronics,South,Store A,11,2500.9,0,27509.93,6793.31,0,0
2023-01-22,Office Chair,Furniture,West,Store C,8,7137.0,15,48531.61,8535.05,0,0
2023-01-22,Study Table,Furniture,North,Store D,7,11991.1,5,79740.82,29239.35,0,0
2023-01-22,T-Shirt,Fashion,East,Store C,11,796.92,10,7889.51,2271.4,0,0
2023-01-22,Jeans,Fashion,West,Store A,14,1757.9,0,24610.56,5302.6,0,0
2023-01-22,Shoes,Fashion,East,Store B,11,2416.3,5,25250.32,4622.95,0,0
2023-01-22,Coffee Maker,Home Appliances,South,Store B,7,4727.52,20,26474.11,2016.9,0,0
2023-01-22,Mixer Grinder,Home Appliances,South,Store A,9,3572.9,15,27332.66,7495.74,0,0
2023-01-23,Laptop,Electronics,East,Store E,10,56132.63,5,533259.94,180712.72,0,0
2023-01-23,Smartphone,Electronics,West,Store C,14,24174.62,15,287677.98,27875.86,1,0
2023-01-23,Headphones,Electronics,West,Store E,19,2693.82,5,48623.47,15990.33,1,0
2023-01-23,Office Chair,Furniture,West,Store B,10,7911.42,5,75158.53,23726.01,0,0
2023-01-23,Study Table,Furniture,East,Store A,1,11775.0,0,11775.0,3901.29,0,0
2023-01-23,T-Shirt,Fashion,East,Store C,21,838.26,10,15843.13,2969.17,0,0
2023-01-23,Jeans,Fashion,North,Store C,15,1900.78,10,25660.48,7850.02,1,0
2023-01-23,Shoes,Fashion,East,Store A,13,2375.89,0,30886.58,5914.59,1,0
2023-01-23,Coffee Maker,Home Appliances,West,Store A,7,4339.93,0,30379.54,6896.84,1,0
2023-01-23,Mixer Grinder,Home Appliances,South,Store B,6,3648.1,0,21888.6,6767.89,0,0
2023-01-24,Laptop,Electronics,East,Store D,11,54153.1,0,595684.11,230285.38,1,0
2023-01-24,Smartphone,Electronics,East,Store E,12,24447.54,0,293370.49,90899.94,1,0
2023-01-24,Headphones,Electronics,South,Store A,11,2609.21,15,24396.14,5908.98,0,0
2023-01-24,Office Chair,Furniture,East,Store B,4,7170.68,5,27248.59,7757.27,0,0
2023-01-24,Study Table,Furniture,North,Store A,2,11893.38,10,21408.09,6567.91,0,0
2023-01-24,T-Shirt,Fashion,South,Store C,15,851.69,10,11497.8,3370.92,0,0
2023-01-24,Jeans,Fashion,South,Store D,6,1926.59,5,10981.56,2864.85,0,0
2023-01-24,Shoes,Fashion,East,Store B,7,2593.7,0,18155.88,4687.73,0,0
2023-01-24,Coffee Maker,Home Appliances,South,Store E,7,4725.91,10,29773.21,10856.88,0,0
2023-01-24,Mixer Grinder,Home Appliances,East,Store A,9,3748.52,5,32049.82,12436.97,0,0
2023-01-25,Laptop,Electronics,East,Store D,11,52557.5,0,578132.5,142510.72,1,0
2023-01-25,Smartphone,Electronics,South,Store B,9,24616.69,15,188317.71,23961.02,0,0
2023-01-25,Headphones,Electronics,South,Store D,8,2494.51,5,18958.3,6304.04,0,0
2023-01-25,Office Chair,Furniture,East,Store E,11,7326.92,0,80596.09,28834.03,0,0
2023-01-25,Study Table,Furniture,West,Store C,7,12415.49,5,82563.03,22416.81,0,0
2023-01-25,T-Shirt,Fashion,West,Store D,11,852.13,10,8436.04,1822.36,1,0
2023-01-25,Jeans,Fashion,East,Store E,16,1898.45,10,27337.71,5158.74,0,0
2023-01-25,Shoes,Fashion,North,Store D,11,2509.08,0,27599.88,9612.59,0,0
2023-01-25,Coffee Maker,Home Appliances,North,Store E,15,4338.7,10,58572.48,10338.54,1,0
2023-01-25,Mixer Grinder,Home Appliances,West,Store C,14,3541.99,0,49587.85,13852.17,1,0
2023-01-26,Laptop,Electronics,East,Store A,13,54064.82,15,597416.27,136780.85,0,0
2023-01-26,Smartphone,Electronics,South,Store C,20,25315.04,5,480985.67,123795.74,1,0
2023-01-26,Headphones,Electronics,West,Store E,12,2619.33,15,26717.12,7482.17,0,0
2023-01-26,Office Chair,Furniture,South,Store A,8,8006.16,5,60846.84,15711.67,0,0
2023-01-26,Study Table,Furniture,South,Store E,7,11968.39,10,75400.87,20536.82,1,0
2023-01-26,T-Shirt,Fashion,East,Store E,6,834.54,0,5007.22,1463.01,0,0
2023-01-26,Jeans,Fashion,West,Store B,15,1776.88,0,26653.19,5939.99,1,0
2023-01-26,Shoes,Fashion,East,Store E,15,2447.51,20,29370.14,4826.62,1,0
2023-01-26,Coffee Maker,Home Appliances,South,Store D,1,4406.21,20,3524.97,287.9,0,0
2023-01-26,Mixer Grinder,Home Appliances,East,Store A,14,3647.74,5,48514.95,17639.18,1,0
2023-01-27,Laptop,Electronics,East,Store A,12,52952.38,0,635428.56,143970.61,0,0
2023-01-27,Smartphone,Electronics,East,Store B,16,24384.53,15,331629.63,66765.01,1,0
2023-01-27,Headphones,Electronics,North,Store D,16,2557.67,10,36830.5,6011.45,1,0
2023-01-27,Office Chair,Furniture,South,Store A,4,7136.13,15,24262.85,2462.87,0,0
2023-01-27,Study Table,Furniture,North,Store B,6,12745.72,10,68826.88,23303.73,0,0
2023-01-27,T-Shirt,Fashion,West,Store C,18,791.93,10,12829.27,2086.57,1,0
2023-01-27,Jeans,Fashion,South,Store E,9,1938.69,15,14830.97,3286.15,0,0
2023-01-27,Shoes,Fashion,West,Store D,7,2513.92,20,14077.95,817.6,0,0
2023-01-27,Coffee Maker,Home Appliances,South,Store C,4,4849.5,5,18428.1,5085.14,0,0
2023-01-27,Mixer Grinder,Home Appliances,East,Store C,8,3770.43,5,28655.24,9055.54,1,0
2023-01-28,Laptop,Electronics,North,Store B,8,56579.2,0,452633.61,147703.85,0,0
2023-01-28,Smartphone,Electronics,East,Store B,12,26842.13,0,322105.51,126051.8,0,0
2023-01-28,Headphones,Electronics,North,Store D,12,2379.91,0,28558.93,5347.85,0,0
2023-01-28,Office Chair,Furniture,East,Store C,8,7843.12,20,50195.98,4659.65,0,0
2023-01-28,Study Table,Furniture,East,Store D,5,12022.5,20,48089.98,3020.12,0,0
2023-01-28,T-Shirt,Fashion,North,Store A,16,767.81,15,10442.17,914.33,0,0
2023-01-28,Jeans,Fashion,East,Store D,16,1852.48,5,28157.7,7583.36,0,0
2023-01-28,Shoes,Fashion,North,Store B,8,2614.04,15,17775.47,5730.8,0,0
2023-01-28,Coffee Maker,Home Appliances,East,Store A,7,4765.52,20,26686.9,3222.04,0,0
2023-01-28,Mixer Grinder,Home Appliances,East,Store D,12,3663.01,10,39560.52,8781.86,1,0
2023-01-29,Laptop,Electronics,North,Store C,14,54635.29,10,688404.64,106488.84,1,0
2023-01-29,Smartphone,Electronics,South,Store E,14,24557.25,10,309421.31,54977.28,0,0
2023-01-29,Headphones,Electronics,North,Store D,7,2537.53,5,16874.55,3901.49,0,0
2023-01-29,Office Chair,Furniture,North,Store A,5,7136.21,10,32112.92,6853.68,0,0
2023-01-29,Study Table,Furniture,North,Store E,6,11883.3,0,71299.79,24860.35,0,0
2023-01-29,T-Shirt,Fashion,West,Store B,12,841.03,15,8578.55,2294.54,0,0
2023-01-29,Jeans,Fashion,West,Store E,12,1913.99,20,18374.35,5022.99,0,0
2023-01-29,Shoes,Fashion,South,Store C,16,2661.36,10,38323.55,11851.71,1,0
2023-01-29,Coffee Maker,Home Appliances,West,Store C,6,4708.27,5,26837.12,6443.07,0,0
2023-01-29,Mixer Grinder,Home Appliances,South,Store D,3,3434.9,15,8758.99,1789.42,0,0
2023-01-30,Laptop,Electronics,West,Store C,6,56656.55,20,271951.43,40872.85,0,0
2023-01-30,Smartphone,Electronics,East,Store A,11,24214.24,0,266356.6,67098.95,0,0
2023-01-30,Headphones,Electronics,East,Store E,6,2557.22,5,14576.16,3879.41,0,0
2023-01-30,Office Chair,Furniture,West,Store B,5,7450.29,5,35388.87,7545.85,0,0
2023-01-30,Study Table,Furniture,North,Store E,7,12768.67,0,89380.67,33092.86,0,0
2023-01-30,T-Shirt,Fashion,South,Store D,14,783.1,20,8770.73,161.33,1,0
2023-01-30,Jeans,Fashion,North,Store E,5,1874.31,10,8434.4,2431.08,0,0
2023-01-30,Shoes,Fashion,West,Store D,10,2495.3,15,21210.09,3373.28,0,0
2023-01-30,Coffee Maker,Home Appliances,North,Store E,6,4283.56,10,23131.21,5924.01,0,0
2023-01-30,Mixer Grinder,Home Appliances,West,Store E,6,3712.93,10,20049.8,5402.38,0,0
2023-01-31,Laptop,Electronics,North,Store B,12,55473.05,5,632392.77,122523.23,0,0
2023-01-31,Smartphone,Electronics,South,Store A,10,26222.77,10,236004.9,77557.39,0,0
2023-01-31,Headphones,Electronics,West,Store B,4,2454.1,15,8343.95,1340.75,0,0
2023-01-31,Office Chair,Furniture,West,Store B,12,7906.31,20,75900.62,10977.62,1,0
2023-01-31,Study Table,Furniture,East,Store E,7,11887.03,0,83209.18,32571.15,0,0
2023-01-31,T-Shirt,Fashion,East,Store B,9,759.61,5,6494.63,965.36,0,0
2023-01-31,Jeans,Fashion,South,Store E,10,1880.48,10,16924.3,3940.87,0,0
2023-01-31,Shoes,Fashion,South,Store C,11,2494.73,5,26069.98,6516.09,0,0
2023-01-31,Coffee Maker,Home Appliances,East,Store C,11,4306.82,10,42637.5,7197.18,0,0
2023-01-31,Mixer Grinder,Home Appliances,South,Store A,6,3756.68,5,21413.07,8583.98,0,0
2023-02-01,Laptop,Electronics,North,Store A,13,52476.97,0,682200.58,198717.35,0,0
2023-02-01,Smartphone,Electronics,North,Store A,11,25773.55,15,240982.69,27800.25,0,0
2023-02-01,Headphones,Electronics,West,Store E,8,2449.54,0,19596.35,5907.57,0,0
2023-02-01,Office Chair,Furniture,North,Store B,5,7327.09,0,36635.46,9879.03,0,0
2023-02-01,Study Table,Furniture,South,Store D,9,12693.73,0,114243.57,35705.8,1,0
2023-02-01,T-Shirt,Fashion,North,Store E,14,759.38,0,10631.27,3568.83,0,0
2023-02-01,Jeans,Fashion,East,Store A,13,1753.66,5,21657.64,6164.43,0,0
2023-02-01,Shoes,Fashion,North,Store C,16,2415.1,0,38641.59,10602.41,1,0
2023-02-01,Coffee Maker,Home Appliances,West,Store A,7,4347.09,10,27386.67,4526.01,1,0
2023-02-01,Mixer Grinder,Home Appliances,East,Store A,12,3400.21,15,34682.17,3023.96,0,0
2023-02-02,Laptop,Electronics,East,Store E,14,55968.53,0,783559.41,249216.73,0,0
2023-02-02,Smartphone,Electronics,East,Store D,10,24424.51,0,244245.08,83528.48,0,0
2023-02-02,Headphones,Electronics,East,Store E,11,2485.63,0,27341.97,8314.6,0,0
2023-02-02,Office Chair,Furniture,West,Store A,9,7579.04,0,68211.36,18314.78,0,0
2023-02-02,Study Table,Furniture,South,Store A,5,11728.82,10,52779.69,10769.96,0,0
2023-02-02,T-Shirt,Fashion,South,Store E,21,836.89,0,17574.75,6205.3,1,0
2023-02-02,Jeans,Fashion,West,Store A,10,1777.76,0,17777.55,6849.17,0,0
2023-02-02,Shoes,Fashion,East,Store D,12,2575.34,0,30904.14,9674.64,0,0
2023-02-02,Coffee Maker,Home Appliances,West,Store D,9,4771.98,0,42947.8,17999.06,0,0
2023-02-02,Mixer Grinder,Home Appliances,West,Store A,5,3393.46,5,16118.96,2569.52,1,0
2023-02-03,Laptop,Electronics,South,Store B,4,54354.01,0,217416.03,80870.07,0,0
2023-02-03,Smartphone,Electronics,East,Store A,11,25147.36,0,276620.98,70489.0,0,0
2023-02-03,Headphones,Electronics,North,Store E,12,2472.48,5,28186.29,6967.44,1,0
2023-02-03,Office Chair,Furniture,North,Store A,10,7443.62,5,70714.44,25568.49,0,0
2023-02-03,Study Table,Furniture,East,Store C,6,12552.63,5,71550.0,27929.54,1,0
2023-02-03,T-Shirt,Fashion,North,Store C,6,789.83,5,4502.05,815.95,0,0
2023-02-03,Jeans,Fashion,North,Store D,14,1721.39,0,24099.46,5850.64,1,0
2023-02-03,Shoes,Fashion,East,Store E,8,2641.6,5,20076.14,5127.62,0,0
2023-02-03,Coffee Maker,Home Appliances,North,Store C,5,4766.93,5,22642.93,8246.91,0,0
2023-02-03,Mixer Grinder,Home Appliances,East,Store E,4,3359.84,10,12095.42,2635.1,0,0
2023-02-04,Laptop,Electronics,North,Store B,13,56677.56,10,663127.44,191384.91,1,0
2023-02-04,Smartphone,Electronics,South,Store E,8,23893.13,10,172030.54,27070.48,0,0
2023-02-04,Headphones,Electronics,East,Store C,10,2519.34,20,20154.7,1779.57,0,0
2023-02-04,Office Chair,Furniture,North,Store B,4,7277.38,15,24743.08,5554.6,0,0
2023-02-04,Study Table,Furniture,West,Store E,6,11992.2,5,68355.55,21052.59,0,0
2023-02-04,T-Shirt,Fashion,West,Store C,11,800.41,10,7924.1,1948.43,0,0
2023-02-04,Jeans,Fashion,North,Store E,10,1826.1,10,16434.87,4236.23,0,0
2023-02-04,Shoes,Fashion,East,Store B,11,2386.81,0,26254.88,8415.63,0,0
2023-02-04,Coffee Maker,Home Appliances,East,Store C,21,4477.3,10,84620.91,16505.61,1,0
2023-02-04,Mixer Grinder,Home Appliances,North,Store C,10,3775.6,0,37756.01,16593.66,1,0
2023-02-05,Laptop,Electronics,West,Store D,13,53545.46,20,556872.79,47724.43,0,0
2023-02-05,Smartphone,Electronics,East,Store E,11,24305.54,0,267360.98,81662.81,0,0
2023-02-05,Headphones,Electronics,South,Store B,8,2380.39,0,19043.14,4660.95,1,0
2023-02-05,Office Chair,Furniture,West,Store B,7,7333.36,20,41066.79,5597.75,0,0
2023-02-05,Study Table,Furniture,East,Store B,13,12488.44,0,162349.69,58525.4,1,0
2023-02-05,T-Shirt,Fashion,West,Store B,14,772.76,10,9736.74,1991.86,0,0
2023-02-05,Jeans,Fashion,East,Store D,10,1926.64,15,16376.46,5273.66,0,0
2023-02-05,Shoes,Fashion,West,Store E,11,2589.37,0,28483.1,7681.79,0,0
2023-02-05,Coffee Maker,Home Appliances,South,Store E,11,4401.51,5,45995.74,14437.22,1,0
2023-02-05,Mixer Grinder,Home Appliances,South,Store C,12,3510.51,0,42126.13,15976.85,1,0
2023-02-06,Laptop,Electronics,North,Store E,13,54012.62,15,596839.42,42224.01,1,0
2023-02-06,Smartphone,Electronics,West,Store D,10,24531.73,5,233051.41,52794.14,1,0
2023-02-06,Headphones,Electronics,South,Store D,9,2692.62,20,19386.84,2671.87,0,0
2023-02-06,Office Chair,Furniture,West,Store C,7,7321.49,15,43562.87,3232.47,0,0
2023-02-06,Study Table,Furniture,East,Store A,5,12417.27,0,62086.33,17652.4,0,0
2023-02-06,T-Shirt,Fashion,East,Store B,11,768.74,0,8456.12,1657.93,0,0
2023-02-06,Jeans,Fashion,East,Store D,14,1797.48,0,25164.67,9402.99,0,0
2023-02-06,Shoes,Fashion,West,Store E,17,2585.94,10,39564.91,12155.11,0,0
2023-02-06,Coffee Maker,Home Appliances,North,Store E,7,4322.74,0,30259.15,9892.93,0,0
2023-02-06,Mixer Grinder,Home Appliances,West,Store D,9,3573.75,5,30555.54,6893.75,1,0
2023-02-07,Laptop,Electronics,West,Store B,11,54347.48,10,538040.02,117816.31,1,0
2023-02-07,Smartphone,Electronics,West,Store E,15,26824.26,10,362127.44,117159.32,1,0
2023-02-07,Headphones,Electronics,West,Store E,7,2486.39,5,16534.48,5610.56,0,0
2023-02-07,Office Chair,Furniture,West,Store A,7,7472.68,10,47077.89,13173.04,1,0
2023-02-07,Study Table,Furniture,North,Store E,7,11891.27,0,83238.91,31377.64,1,0
2023-02-07,T-Shirt,Fashion,East,Store C,12,790.81,0,9489.69,3041.89,0,0
2023-02-07,Jeans,Fashion,South,Store D,9,1739.06,10,14086.4,2685.85,0,0
2023-02-07,Shoes,Fashion,West,Store D,11,2434.68,10,24103.37,7482.86,0,0
2023-02-07,Coffee Maker,Home Appliances,North,Store D,6,4591.7,5,26172.71,9554.6,0,0
2023-02-07,Mixer Grinder,Home Appliances,East,Store C,6,3465.04,0,20790.21,5870.66,0,0
2023-02-08,Laptop,Electronics,South,Store C,13,56832.9,5,701886.36,212888.79,1,0
2023-02-08,Smartphone,Electronics,South,Store D,5,26031.85,10,117143.32,34687.9,0,0
2023-02-08,Headphones,Electronics,North,Store D,9,2539.43,0,22854.85,8699.06,0,0
2023-02-08,Office Chair,Furniture,North,Store D,9,7918.38,0,71265.42,19338.3,1,0
2023-02-08,Study Table,Furniture,North,Store A,7,12545.61,0,87819.27,34261.75,1,0
2023-02-08,T-Shirt,Fashion,North,Store D,12,815.17,15,8314.72,2425.1,0,0
2023-02-08,Jeans,Fashion,East,Store A,9,1810.26,0,16292.36,4841.72,0,0
2023-02-08,Shoes,Fashion,South,Store B,11,2631.16,0,28942.71,7917.97,0,0
2023-02-08,Coffee Maker,Home Appliances,West,Store B,9,4281.14,20,30824.2,-0.83,0,0
2023-02-08,Mixer Grinder,Home Appliances,North,Store E,7,3377.99,0,23645.92,8385.43,1,0
2023-02-09,Laptop,Electronics,East,Store C,8,58937.95,0,471503.63,170587.22,0,0
2023-02-09,Smartphone,Electronics,East,Store A,5,26413.73,0,132068.66,38509.45,0,0
2023-02-09,Headphones,Electronics,South,Store B,6,2569.35,0,15416.12,5376.34,0,0
2023-02-09,Office Chair,Furniture,North,Store E,4,7664.46,0,30657.83,9847.41,1,0
2023-02-09,Study Table,Furniture,East,Store A,3,12244.38,0,36733.14,10949.84,0,0
2023-02-09,T-Shirt,Fashion,South,Store B,19,776.7,0,14757.23,5301.74,1,0
2023-02-09,Jeans,Fashion,North,Store A,13,1730.37,20,17995.8,2760.05,0,0
2023-02-09,Shoes,Fashion,East,Store D,4,2508.44,10,9030.39,1857.91,0,0
2023-02-09,Coffee Maker,Home Appliances,West,Store A,7,4636.25,0,32453.78,12375.65,0,0
2023-02-09,Mixer Grinder,Home Appliances,North,Store E,7,3427.22,15,20391.95,3930.9,0,0
2023-02-10,Laptop,Electronics,East,Store C,10,56385.27,5,535660.09,123231.52,1,0
2023-02-10,Smartphone,Electronics,East,Store D,7,25058.9,5,166641.71,45273.94,1,0
2023-02-10,Headphones,Electronics,North,Store D,10,2491.29,5,23667.24,5995.23,0,0
2023-02-10,Office Chair,Furniture,East,Store A,3,7373.18,15,18801.6,3385.84,0,0
2023-02-10,Study Table,Furniture,West,Store D,5,11895.0,5,56501.23,10652.07,0,0
2023-02-10,T-Shirt,Fashion,West,Store A,7,853.37,5,5674.88,2074.87,0,0
2023-02-10,Jeans,Fashion,North,Store E,6,1723.29,5,9822.77,3286.27,0,0
2023-02-10,Shoes,Fashion,West,Store A,6,2463.56,10,13303.24,2972.17,0,0
2023-02-10,Coffee Maker,Home Appliances,North,Store C,7,4737.55,0,33162.88,12081.45,0,0
2023-02-10,Mixer Grinder,Home Appliances,South,Store E,8,3600.2,5,27361.53,8608.78,0,0
2023-02-11,Laptop,Electronics,West,Store A,9,56235.45,0,506119.01,146123.95,0,0
2023-02-11,Smartphone,Electronics,South,Store D,20,26141.73,0,522834.67,204078.71,1,0
2023-02-11,Headphones,Electronics,South,Store C,8,2654.21,0,21233.69,7433.48,0,0
2023-02-11,Office Chair,Furniture,West,Store E,13,7779.92,0,101138.91,29839.52,0,0
2023-02-11,Study Table,Furniture,East,Store D,8,12818.43,10,92292.73,28295.11,0,0
2023-02-11,T-Shirt,Fashion,South,Store D,23,798.18,20,14686.43,2538.07,1,0
2023-02-11,Jeans,Fashion,South,Store C,11,1779.79,15,16641.02,1708.92,0,0
2023-02-11,Shoes,Fashion,East,Store B,13,2595.79,20,26996.18,5564.8,1,0
2023-02-11,Coffee Maker,Home Appliances,South,Store C,11,4352.04,15,40691.54,4709.63,0,0
2023-02-11,Mixer Grinder,Home Appliances,East,Store D,10,3465.08,5,32918.29,8911.93,0,0
2023-02-12,Laptop,Electronics,West,Store E,14,58843.67,10,741430.27,259749.87,1,0
2023-02-12,Smartphone,Electronics,West,Store D,10,26874.6,0,268746.04,88183.72,0,0
2023-02-12,Headphones,Electronics,West,Store C,15,2564.35,20,30772.25,1552.8,0,0
2023-02-12,Office Chair,Furniture,West,Store A,4,7157.44,5,27198.26,8540.06,0,0
2023-02-12,Study Table,Furniture,South,Store C,8,12114.52,5,92070.39,30035.52,0,0
2023-02-12,T-Shirt,Fashion,North,Store D,11,804.26,20,7077.49,347.54,0,0
2023-02-12,Jeans,Fashion,West,Store C,10,1709.1,0,17091.03,3334.07,0,0
2023-02-12,Shoes,Fashion,West,Store B,8,2675.79,10,19265.7,5721.19,0,0
2023-02-12,Coffee Maker,Home Appliances,West,Store D,7,4386.08,0,30702.54,11581.65,0,0
2023-02-12,Mixer Grinder,Home Appliances,South,Store B,8,3470.93,15,23602.32,3967.68,0,0
2023-02-13,Laptop,Electronics,North,Store B,5,53928.49,5,256160.35,50626.32,0,0
2023-02-13,Smartphone,Electronics,West,Store D,9,24358.15,0,219223.38,61723.63,1,0
2023-02-13,Headphones,Electronics,East,Store D,8,2479.13,0,19833.04,7241.61,0,0
2023-02-13,Office Chair,Furniture,North,Store C,3,7656.02,15,19522.84,5707.52,0,0
2023-02-13,Study Table,Furniture,East,Store A,3,12600.33,5,35910.94,8253.47,0,0
2023-02-13,T-Shirt,Fashion,East,Store A,20,789.07,0,15781.3,5108.75,1,0
2023-02-13,Jeans,Fashion,West,Store C,7,1862.17,15,11079.92,2592.02,0,0
2023-02-13,Shoes,Fashion,South,Store E,14,2682.94,0,37561.19,15247.77,0,0
2023-02-13,Coffee Maker,Home Appliances,East,Store D,15,4758.18,10,64235.37,15272.15,1,0
2023-02-13,Mixer Grinder,Home Appliances,East,Store A,7,3433.05,0,24031.38,8008.84,0,0
2023-02-14,Laptop,Electronics,West,Store D,9,52431.24,10,424693.06,66209.89,0,0
2023-02-14,Smartphone,Electronics,South,Store C,6,23769.65,15,121225.23,18161.0,0,0
2023-02-14,Headphones,Electronics,North,Store A,7,2611.88,15,15540.7,4091.09,0,0
2023-02-14,Office Chair,Furniture,South,Store B,2,7693.55,5,14617.74,4054.54,0,0
2023-02-14,Study Table,Furniture,West,Store A,6,12693.84,10,68546.74,22879.97,0,0
2023-02-14,T-Shirt,Fashion,South,Store B,9,834.37,0,7509.31,2163.99,0,0
2023-02-14,Jeans,Fashion,North,Store C,18,1836.41,0,33055.46,13386.89,1,0
2023-02-14,Shoes,Fashion,North,Store A,10,2617.37,5,24864.97,8265.2,0,0
2023-02-14,Coffee Maker,Home Appliances,West,Store D,10,4800.3,5,45602.89,14349.99,0,0
2023-02-14,Mixer Grinder,Home Appliances,South,Store B,3,3476.82,5,9908.92,2876.18,0,0
2023-02-15,Laptop,Electronics,West,Store D,12,55240.78,15,563455.97,130697.73,1,0
2023-02-15,Smartphone,Electronics,West,Store E,8,26517.07,0,212136.55,89103.03,0,0
2023-02-15,Headphones,Electronics,East,Store C,10,2615.09,20,20920.73,4542.53,0,0
2023-02-15,Office Chair,Furniture,East,Store B,5,7675.31,5,36457.7,9903.77,1,0
2023-02-15,Study Table,Furniture,South,Store B,11,12210.13,0,134311.41,50417.48,0,0
2023-02-15,T-Shirt,Fashion,West,Store D,10,787.8,5,7484.07,1887.3,0,0
2023-02-15,Jeans,Fashion,North,Store D,15,1717.64,10,23188.09,4690.99,1,0
2023-02-15,Shoes,Fashion,West,Store B,17,2689.97,0,45729.55,16278.56,1,0
2023-02-15,Coffee Maker,Home Appliances,South,Store A,5,4570.37,0,22851.87,6238.44,0,0
2023-02-15,Mixer Grinder,Home Appliances,West,Store B,2,3378.68,15,5743.75,1486.86,0,0
2023-02-16,Laptop,Electronics,West,Store A,9,55460.91,0,499148.2,150682.88,1,0
2023-02-16,Smartphone,Electronics,North,Store B,10,25230.86,10,227077.75,55386.97,0,0
2023-02-16,Headphones,Electronics,East,Store C,10,2407.36,5,22869.95,7797.83,0,0
2023-02-16,Office Chair,Furniture,West,Store B,5,7872.19,5,37392.9,12149.58,0,0
2023-02-16,Study Table,Furniture,South,Store E,7,11687.11,0,81809.77,19972.23,0,0
2023-02-16,T-Shirt,Fashion,South,Store D,12,807.72,0,9692.63,3684.48,0,0
2023-02-16,Jeans,Fashion,East,Store E,10,1717.1,0,17171.02,4933.35,0,0
2023-02-16,Shoes,Fashion,South,Store A,10,2677.93,0,26779.32,8405.26,0,0
2023-02-16,Coffee Maker,Home Appliances,North,Store E,10,4440.42,5,42183.97,12717.6,0,0
2023-02-16,Mixer Grinder,Home Appliances,West,Store B,9,3547.6,5,30331.97,10675.9,0,0
2023-02-17,Laptop,Electronics,North,Store D,6,58573.06,5,333866.42,126852.89,0,0
2023-02-17,Smartphone,Electronics,South,Store D,5,26931.85,5,127926.3,43459.73,0,0
2023-02-17,Headphones,Electronics,North,Store A,11,2510.58,5,26235.54,5390.68,0,0
2023-02-17,Office Chair,Furniture,East,Store B,8,7415.41,0,59323.3,14898.78,1,0
2023-02-17,Study Table,Furniture,South,Store D,6,12118.15,15,61802.59,9405.25,0,0
2023-02-17,T-Shirt,Fashion,West,Store C,12,763.94,0,9167.26,3380.89,0,0
2023-02-17,Jeans,Fashion,North,Store D,10,1711.51,10,15403.58,2142.43,0,0
2023-02-17,Shoes,Fashion,South,Store E,15,2532.39,10,34187.31,5317.61,1,0
2023-02-17,Coffee Maker,Home Appliances,West,Store D,6,4307.16,20,20674.35,1662.63,0,0
2023-02-17,Mixer Grinder,Home Appliances,South,Store C,5,3503.77,10,15766.98,4452.04,1,0
2023-02-18,Laptop,Electronics,South,Store A,6,56093.41,20,269248.38,70405.1,0,0
2023-02-18,Smartphone,Electronics,East,Store B,13,24684.41,20,256717.88,30232.0,0,0
2023-02-18,Headphones,Electronics,South,Store D,4,2649.63,0,10598.52,4492.23,0,0
2023-02-18,Office Chair,Furniture,West,Store C,6,7153.22,15,36481.43,7540.29,0,0
2023-02-18,Study Table,Furniture,West,Store D,11,11771.73,15,110065.69,25534.35,1,0
2023-02-18,T-Shirt,Fashion,South,Store B,14,818.38,20,9165.86,715.76,0,0
2023-02-18,Jeans,Fashion,East,Store A,18,1796.06,10,29096.17,9128.1,0,0
2023-02-18,Shoes,Fashion,North,Store C,18,2685.32,20,38668.61,9674.4,0,0
2023-02-18,Coffee Maker,Home Appliances,West,Store D,10,4376.22,0,43762.19,14601.34,1,0
2023-02-18,Mixer Grinder,Home Appliances,West,Store D,7,3558.91,10,22421.12,4284.12,0,0
2023-02-19,Laptop,Electronics,East,Store D,12,56592.37,10,611197.59,204674.48,1,0
2023-02-19,Smartphone,Electronics,East,Store B,12,26485.27,0,317823.26,136184.15,0,0
2023-02-19,Headphones,Electronics,North,Store E,8,2398.62,20,15351.14,2634.41,0,0
2023-02-19,Office Chair,Furniture,West,Store A,5,7337.02,10,33016.57,8041.49,0,0
2023-02-19,Study Table,Furniture,West,Store D,9,12517.91,0,112661.15,40888.78,1,0
2023-02-19,T-Shirt,Fashion,West,Store D,8,825.99,0,6607.94,2562.34,0,0
2023-02-19,Jeans,Fashion,South,Store C,10,1812.93,15,15409.92,4172.11,0,0
2023-02-19,Shoes,Fashion,East,Store C,23,2558.9,0,58854.6,18869.79,1,0
2023-02-19,Coffee Maker,Home Appliances,North,Store A,3,4697.5,5,13387.86,4864.66,0,0
2023-02-19,Mixer Grinder,Home Appliances,North,Store B,5,3348.99,10,15070.44,3165.01,0,0
2023-02-20,Laptop,Electronics,West,Store A,7,57718.15,5,383825.7,134422.56,0,0
2023-02-20,Smartphone,Electronics,North,Store E,8,24222.93,0,193783.4,42206.81,0,0
2023-02-20,Headphones,Electronics,North,Store E,7,2419.09,0,16933.63,5614.48,0,0
2023-02-20,Office Chair,Furniture,North,Store E,10,7149.03,20,57192.23,2786.93,1,0
2023-02-20,Study Table,Furniture,East,Store A,11,12689.17,5,132601.81,36734.2,1,0
2023-02-20,T-Shirt,Fashion,West,Store B,10,825.64,20,6605.12,1362.9,0,0
2023-02-20,Jeans,Fashion,North,Store E,11,1863.93,10,18452.87,4031.48,0,0
2023-02-20,Shoes,Fashion,West,Store B,6,2568.22,0,15409.31,4065.67,0,0
2023-02-20,Coffee Maker,Home Appliances,East,Store E,8,4387.61,5,33345.82,11085.65,0,0
2023-02-20,Mixer Grinder,Home Appliances,East,Store E,8,3408.83,0,27270.67,10183.37,1,0
2023-02-21,Laptop,Electronics,East,Store A,13,54749.74,0,711746.66,205996.86,1,0
2023-02-21,Smartphone,Electronics,West,Store E,9,26878.88,15,205623.44,45175.38,0,0
2023-02-21,Headphones,Electronics,West,Store A,13,2429.11,5,29999.55,6333.07,0,0
2023-02-21,Office Chair,Furniture,East,Store D,4,7859.88,0,31439.51,12071.26,0,0
2023-02-21,Study Table,Furniture,East,Store A,5,12813.57,20,51254.3,14655.49,0,0
2023-02-21,T-Shirt,Fashion,East,Store C,8,815.73,0,6525.83,1903.67,0,0
2023-02-21,Jeans,Fashion,West,Store D,10,1787.56,15,15194.23,2539.61,0,0
2023-02-21,Shoes,Fashion,West,Store B,6,2612.39,5,14890.61,3627.07,0,0
2023-02-21,Coffee Maker,Home Appliances,West,Store D,4,4307.0,0,17227.98,6370.73,0,0
2023-02-21,Mixer Grinder,Home Appliances,South,Store B,12,3739.14,10,40382.7,12288.48,0,0
2023-02-22,Laptop,Electronics,West,Store E,10,56777.23,15,482606.43,81222.02,0,0
2023-02-22,Smartphone,Electronics,East,Store B,8,26706.08,0,213648.68,83941.99,0,0
2023-02-22,Headphones,Electronics,North,Store A,6,2451.96,10,13240.58,4013.88,1,0
2023-02-22,Office Chair,Furniture,North,Store D,5,7323.66,10,32956.48,8697.01,0,0
2023-02-22,Study Table,Furniture,South,Store B,5,11624.05,0,58120.25,15014.39,0,0
2023-02-22,T-Shirt,Fashion,East,Store D,11,765.61,5,8000.65,1760.42,1,0
2023-02-22,Jeans,Fashion,West,Store C,13,1845.22,0,23987.83,8693.26,0,0
2023-02-22,Shoes,Fashion,East,Store B,15,2663.52,5,37955.11,9974.44,0,0
2023-02-22,Coffee Maker,Home Appliances,West,Store B,5,4476.98,5,21265.65,7065.99,0,0
2023-02-22,Mixer Grinder,Home Appliances,North,Store B,6,3591.9,0,21551.42,7230.03,0,0
2023-02-23,Laptop,Electronics,West,Store B,11,58449.13,0,642940.46,207057.15,0,0
2023-02-23,Smartphone,Electronics,East,Store A,13,24548.91,5,303179.04,54660.78,0,0
2023-02-23,Headphones,Electronics,North,Store B,8,2507.06,0,20056.46,4720.76,0,0
2023-02-23,Office Chair,Furniture,East,Store B,6,7295.42,20,35017.99,2768.95,0,0
2023-02-23,Study Table,Furniture,East,Store A,6,12007.45,20,57635.75,4941.09,0,0
2023-02-23,T-Shirt,Fashion,East,Store B,8,783.39,5,5953.76,2095.95,0,0
2023-02-23,Jeans,Fashion,North,Store A,13,1868.14,0,24285.82,6778.8,1,0
2023-02-23,Shoes,Fashion,North,Store E,14,2576.3,0,36068.16,13131.15,0,0
2023-02-23,Coffee Maker,Home Appliances,South,Store E,14,4304.17,20,48206.68,8706.71,1,0
2023-02-23,Mixer Grinder,Home Appliances,West,Store A,6,3597.71,0,21586.25,7694.72,0,0
2023-02-24,Laptop,Electronics,West,Store E,14,53752.87,10,677286.19,170457.01,1,0
2023-02-24,Smartphone,Electronics,East,Store A,8,25772.48,0,206179.88,52540.75,0,0
2023-02-24,Headphones,Electronics,South,Store A,7,2659.3,0,18615.09,7709.05,0,0
2023-02-24,Office Chair,Furniture,North,Store B,7,7703.74,15,45837.23,13136.03,0,0
2023-02-24,Study Table,Furniture,West,Store C,9,12169.05,15,93093.26,19119.47,0,0
2023-02-24,T-Shirt,Fashion,East,Store A,13,818.54,5,10109.02,3431.21,1,0
2023-02-24,Jeans,Fashion,East,Store E,14,1748.93,10,22036.57,4896.91,0,0
2023-02-24,Shoes,Fashion,South,Store C,11,2687.72,5,28086.65,9726.12,0,0
2023-02-24,Coffee Maker,Home Appliances,South,Store A,6,4828.0,10,26071.22,5414.23,0,0
2023-02-24,Mixer Grinder,Home Appliances,East,Store E,9,3754.41,0,33789.72,9353.03,1,0
2023-02-25,Laptop,Electronics,South,Store C,15,56961.15,10,768975.5,127090.39,1,0
2023-02-25,Smartphone,Electronics,West,Store B,8,26470.78,5,201177.9,50027.3,0,0
2023-02-25,Headphones,Electronics,East,Store D,9,2440.23,10,19765.88,2701.25,1,0
2023-02-25,Office Chair,Furniture,East,Store B,10,7151.78,0,71517.84,21068.89,0,0
2023-02-25,Study Table,Furniture,South,Store C,11,12786.44,10,126585.8,45920.41,0,0
2023-02-25,T-Shirt,Fashion,West,Store A,14,806.83,0,11295.6,4021.55,0,0
2023-02-25,Jeans,Fashion,South,Store C,19,1842.75,15,29760.39,7211.24,0,0
2023-02-25,Shoes,Fashion,East,Store E,17,2421.36,0,41163.13,10340.11,0,0
2023-02-25,Coffee Maker,Home Appliances,West,Store B,13,4580.2,15,50611.23,12745.31,1,0
2023-02-25,Mixer Grinder,Home Appliances,West,Store E,11,3635.21,10,35988.6,6729.55,1,0
2023-02-26,Laptop,Electronics,South,Store D,7,53332.58,5,354661.69,68328.86,0,0
2023-02-26,Smartphone,Electronics,East,Store D,13,26856.69,0,349136.91,150018.2,1,0
2023-02-26,Headphones,Electronics,West,Store A,16,2498.08,0,39969.26,9898.61,0,0
2023-02-26,Office Chair,Furniture,West,Store D,11,7294.63,5,76228.86,21717.33,0,0
2023-02-26,Study Table,Furniture,West,Store B,9,12931.02,5,110560.2,43867.2,0,0
2023-02-26,T-Shirt,Fashion,West,Store D,12,816.12,0,9793.41,3020.87,0,0
2023-02-26,Jeans,Fashion,East,Store E,14,1723.65,5,22924.6,6072.38,0,0
2023-02-26,Shoes,Fashion,North,Store E,14,2615.95,0,36623.26,9558.17,0,0
2023-02-26,Coffee Maker,Home Appliances,East,Store E,14,4685.76,10,59040.6,17025.21,1,0
2023-02-26,Mixer Grinder,Home Appliances,North,Store C,5,3598.5,5,17092.86,3919.75,0,0
2023-02-27,Laptop,Electronics,South,Store D,10,56267.93,0,562679.29,201537.44,1,0
2023-02-27,Smartphone,Electronics,South,Store B,9,25005.7,20,180041.01,34217.04,0,0
2023-02-27,Headphones,Electronics,South,Store B,13,2431.98,20,25292.63,5733.46,0,0
2023-02-27,Office Chair,Furniture,East,Store B,9,7741.32,15,59221.09,12603.4,0,0
2023-02-27,Study Table,Furniture,South,Store D,9,12476.67,0,112290.0,34939.62,1,0
2023-02-27,T-Shirt,Fashion,East,Store C,12,826.43,5,9421.35,2413.4,1,0
2023-02-27,Jeans,Fashion,South,Store A,12,1812.09,0,21745.13,5462.36,1,0
2023-02-27,Shoes,Fashion,South,Store C,16,2508.46,0,40135.35,13991.22,1,0
2023-02-27,Coffee Maker,Home Appliances,West,Store B,5,4741.44,10,21336.49,6745.35,0,0
2023-02-27,Mixer Grinder,Home Appliances,West,Store C,7,3439.73,10,21670.27,4805.8,0,0
2023-02-28,Laptop,Electronics,South,Store D,12,56568.03,0,678816.37,276924.67,0,0
2023-02-28,Smartphone,Electronics,North,Store A,13,26826.45,0,348743.79,111255.03,0,0
2023-02-28,Headphones,Electronics,West,Store B,13,2646.94,5,32689.67,12232.17,0,0
2023-02-28,Office Chair,Furniture,South,Store D,6,8063.88,5,45964.14,14041.89,0,0
2023-02-28,Study Table,Furniture,East,Store B,7,11447.51,15,68112.71,16338.66,1,0
2023-02-28,T-Shirt,Fashion,South,Store E,11,824.21,10,8159.67,2140.03,1,0
2023-02-28,Jeans,Fashion,South,Store E,17,1793.12,0,30483.01,7407.93,1,0
2023-02-28,Shoes,Fashion,South,Store C,11,2523.47,15,23594.46,4097.74,1,0
2023-02-28,Coffee Maker,Home Appliances,North,Store A,10,4290.15,0,42901.49,13591.28,0,0
2023-02-28,Mixer Grinder,Home Appliances,South,Store E,8,3665.12,0,29320.95,9750.13,0,0
2023-03-01,Laptop,Electronics,South,Store D,13,54797.19,0,712363.43,260555.85,0,0
2023-03-01,Smartphone,Electronics,East,Store C,15,24568.99,0,368534.91,81383.85,1,0
2023-03-01,Headphones,Electronics,South,Store A,9,2393.56,10,19387.8,3162.86,0,0
2023-03-01,Office Chair,Furniture,North,Store A,6,7292.39,15,37191.17,3647.74,0,0
2023-03-01,Study Table,Furniture,East,Store D,8,12101.69,0,96813.55,26143.72,0,0
2023-03-01,T-Shirt,Fashion,East,Store C,16,852.39,5,12956.29,3223.49,0,0
2023-03-01,Jeans,Fashion,East,Store A,12,1806.8,0,21681.6,7752.71,1,0
2023-03-01,Shoes,Fashion,North,Store B,15,2500.12,15,31876.51,4014.9,1,0
2023-03-01,Coffee Maker,Home Appliances,South,Store D,5,4352.05,0,21760.25,4782.33,0,0
2023-03-01,Mixer Grinder,Home Appliances,West,Store E,7,3485.03,5,23175.44,6078.67,0,0
2023-03-02,Laptop,Electronics,West,Store B,9,56267.42,15,430445.76,67433.07,1,0
2023-03-02,Smartphone,Electronics,East,Store A,12,26053.93,0,312647.1,88164.9,0,0
2023-03-02,Headphones,Electronics,East,Store A,10,2653.77,5,25210.85,8077.39,0,0
2023-03-02,Office Chair,Furniture,West,Store B,6,7870.15,0,47220.87,13822.08,0,0
2023-03-02,Study Table,Furniture,East,Store A,11,12827.66,0,141104.27,50850.99,1,0
2023-03-02,T-Shirt,Fashion,South,Store A,12,815.56,20,7829.36,1110.44,0,0
2023-03-02,Jeans,Fashion,West,Store D,8,1897.71,5,14422.59,5658.22,0,0
2023-03-02,Shoes,Fashion,West,Store C,13,2391.84,20,24875.08,3306.88,0,0
2023-03-02,Coffee Maker,Home Appliances,East,Store E,11,4837.54,0,53212.97,20725.52,0,0
2023-03-02,Mixer Grinder,Home Appliances,East,Store A,3,3688.86,5,10513.25,2815.64,0,0
2023-03-03,Laptop,Electronics,North,Store E,6,58940.61,5,335961.46,102463.24,0,0
2023-03-03,Smartphone,Electronics,North,Store D,10,26688.37,15,226851.14,69807.33,0,0
2023-03-03,Headphones,Electronics,East,Store C,13,2570.79,10,30078.28,9950.89,0,0
2023-03-03,Office Chair,Furniture,South,Store C,10,7382.38,0,73823.76,23052.41,1,0
2023-03-03,Study Table,Furniture,East,Store E,6,11517.19,0,69103.15,18961.0,0,0
2023-03-03,T-Shirt,Fashion,North,Store B,17,809.2,15,11693.0,1931.11,0,0
2023-03-03,Jeans,Fashion,South,Store C,11,1896.51,0,20861.57,7102.47,0,0
2023-03-03,Shoes,Fashion,South,Store E,8,2634.57,0,21076.54,6017.21,0,0
2023-03-03,Coffee Maker,Home Appliances,North,Store E,7,4781.62,15,28450.66,8574.46,0,0
2023-03-03,Mixer Grinder,Home Appliances,West,Store D,9,3347.45,5,28620.73,6492.6,1,0
2023-03-04,Laptop,Electronics,North,Store B,12,52283.69,5,596034.11,191434.25,1,0
2023-03-04,Smartphone,Electronics,South,Store A,10,26319.34,20,210554.76,49622.22,1,0
2023-03-04,Headphones,Electronics,East,Store D,15,2595.12,5,36980.5,9737.75,0,0
2023-03-04,Office Chair,Furniture,East,Store A,9,7184.17,10,58191.74,12669.63,0,0
2023-03-04,Study Table,Furniture,North,Store D,9,12134.3,5,103748.28,35888.97,0,0
2023-03-04,T-Shirt,Fashion,West,Store E,15,855.49,0,12832.41,4390.74,1,0
2023-03-04,Jeans,Fashion,South,Store B,16,1752.73,0,28043.69,6466.5,1,0
2023-03-04,Shoes,Fashion,East,Store C,12,2452.42,0,29429.08,10312.27,0,0
2023-03-04,Coffee Maker,Home Appliances,East,Store A,9,4781.4,5,40880.99,14821.55,1,0
2023-03-04,Mixer Grinder,Home Appliances,West,Store C,10,3454.35,10,31089.16,6398.76,0,0
2023-03-05,Laptop,Electronics,South,Store E,15,56094.5,5,799346.61,205798.34,0,0
2023-03-05,Smartphone,Electronics,West,Store E,12,24994.94,20,239951.43,20557.28,0,0
2023-03-05,Headphones,Electronics,South,Store A,10,2527.02,0,25270.18,9042.61,0,0
2023-03-05,Office Chair,Furniture,North,Store B,10,7573.61,5,71949.34,26744.48,1,0
2023-03-05,Study Table,Furniture,East,Store D,7,12917.82,0,90424.74,36676.4,0,0
2023-03-05,T-Shirt,Fashion,South,Store A,14,801.31,0,11218.29,3580.36,0,0
2023-03-05,Jeans,Fashion,North,Store D,14,1717.93,0,24051.04,4430.47,0,0
2023-03-05,Shoes,Fashion,South,Store D,18,2478.04,0,44604.8,10827.65,1,0
2023-03-05,Coffee Maker,Home Appliances,East,Store A,9,4583.91,10,37129.65,5762.42,1,0
2023-03-05,Mixer Grinder,Home Appliances,West,Store E,10,3738.18,5,35512.69,9445.13,1,0
2023-03-06,Laptop,Electronics,South,Store B,7,53482.3,5,355657.27,72520.45,0,0
2023-03-06,Smartphone,Electronics,North,Store B,8,25607.79,5,194619.2,72948.7,0,0
2023-03-06,Headphones,Electronics,South,Store C,9,2612.55,0,23512.96,8847.7,0,0
2023-03-06,Office Chair,Furniture,West,Store B,7,7922.4,15,47138.31,12366.09,0,0
2023-03-06,Study Table,Furniture,South,Store C,7,12157.38,0,85101.63,27474.28,0,0
2023-03-06,T-Shirt,Fashion,East,Store B,11,809.57,5,8460.04,2387.82,0,0
2023-03-06,Jeans,Fashion,South,Store C,9,1735.39,5,14837.55,2400.96,0,0
2023-03-06,Shoes,Fashion,North,Store E,10,2522.29,10,22700.64,6938.49,0,0
2023-03-06,Coffee Maker,Home Appliances,West,Store E,8,4798.62,0,38389.0,10490.09,0,0
2023-03-06,Mixer Grinder,Home Appliances,South,Store B,4,3479.04,5,13220.36,3627.3,0,0
2023-03-07,Laptop,Electronics,East,Store B,5,53459.24,5,253931.4,72970.14,1,0
2023-03-07,Smartphone,Electronics,South,Store A,18,24575.6,5,420242.77,70689.82,1,0
2023-03-07,Headphones,Electronics,North,Store E,3,2400.76,15,6121.93,1363.42,0,0
2023-03-07,Office Chair,Furniture,North,Store D,4,7978.13,5,30316.91,10689.04,0,0
2023-03-07,Study Table,Furniture,West,Store E,6,11842.27,5,67500.95,12009.36,1,0
2023-03-07,T-Shirt,Fashion,South,Store D,8,775.74,5,5895.65,934.9,1,0
2023-03-07,Jeans,Fashion,South,Store C,9,1809.69,0,16287.19,5772.0,0,0
2023-03-07,Shoes,Fashion,South,Store A,9,2688.16,0,24193.4,8566.94,0,0
2023-03-07,Coffee Maker,Home Appliances,West,Store C,4,4418.91,20,14140.51,1616.55,0,0
2023-03-07,Mixer Grinder,Home Appliances,South,Store D,4,3422.94,5,13007.16,2435.86,0,0
2023-03-08,Laptop,Electronics,South,Store C,7,55748.66,10,351216.54,84695.01,0,0
2023-03-08,Smartphone,Electronics,North,Store C,8,26823.77,20,171672.11,44576.3,0,0
2023-03-08,Headphones,Electronics,North,Store D,11,2400.58,0,26406.34,7296.16,0,0
2023-03-08,Office Chair,Furniture,West,Store E,6,8076.47,0,48458.84,19140.15,0,0
2023-03-08,Study Table,Furniture,West,Store E,5,11870.17,10,53415.77,10655.14,0,0
2023-03-08,T-Shirt,Fashion,West,Store E,11,766.44,0,8430.88,3015.86,0,0
2023-03-08,Jeans,Fashion,West,Store E,14,1780.32,5,23678.31,7742.49,0,0
2023-03-08,Shoes,Fashion,West,Store B,10,2422.29,10,21800.59,4313.23,0,0
2023-03-08,Coffee Maker,Home Appliances,East,Store A,10,4808.42,0,48084.16,14803.97,1,0
2023-03-08,Mixer Grinder,Home Appliances,South,Store B,7,3599.82,0,25198.76,6656.17,0,0
2023-03-09,Laptop,Electronics,East,Store D,20,58295.69,20,932731.06,151761.08,1,0
2023-03-09,Smartphone,Electronics,East,Store D,10,23791.49,10,214123.39,24903.56,0,0
2023-03-09,Headphones,Electronics,East,Store C,10,2560.08,0,25600.82,6725.81,0,0
2023-03-09,Office Chair,Furniture,West,Store E,6,8047.72,5,45872.0,15510.52,0,0
2023-03-09,Study Table,Furniture,North,Store B,7,12622.93,10,79524.45,24216.37,0,0
2023-03-09,T-Shirt,Fashion,North,Store A,10,845.88,5,8035.85,3028.08,0,0
2023-03-09,Jeans,Fashion,South,Store E,13,1753.92,5,21660.95,7371.05,1,0
2023-03-09,Shoes,Fashion,North,Store D,10,2456.11,10,22104.97,3379.06,1,0
2023-03-09,Coffee Maker,Home Appliances,East,Store C,9,4479.51,10,36284.01,9850.43,0,0
2023-03-09,Mixer Grinder,Home Appliances,South,Store D,8,3749.3,0,29994.43,10734.38,0,0
2023-03-10,Laptop,Electronics,East,Store D,10,57295.46,10,515659.18,137225.42,1,0
2023-03-10,Smartphone,Electronics,South,Store B,13,23905.48,20,248616.95,3881.89,1,0
2023-03-10,Headphones,Electronics,South,Store B,15,2613.83,0,39207.4,14651.51,1,0
2023-03-10,Office Chair,Furniture,East,Store B,12,7174.33,10,77482.78,8477.05,1,0
2023-03-10,Study Table,Furniture,East,Store A,6,11575.77,5,65981.89,15305.49,0,0
2023-03-10,T-Shirt,Fashion,South,Store A,15,854.82,15,10899.0,3482.5,0,0
2023-03-10,Jeans,Fashion,South,Store C,10,1770.49,5,16819.62,5492.23,0,0
2023-03-10,Shoes,Fashion,West,Store A,7,2397.52,5,15943.48,4983.38,0,0
2023-03-10,Coffee Maker,Home Appliances,North,Store C,11,4680.29,10,46334.86,8874.54,1,0
2023-03-10,Mixer Grinder,Home Appliances,East,Store E,11,3367.61,5,35191.57,6768.71,1,0
2023-03-11,Laptop,Electronics,East,Store C,9,58549.9,0,526949.12,207080.56,0,0
2023-03-11,Smartphone,Electronics,West,Store C,17,24867.93,10,380479.39,104269.12,1,0
2023-03-11,Headphones,Electronics,South,Store E,16,2385.09,0,38161.5,10171.39,1,0
2023-03-11,Office Chair,Furniture,West,Store C,5,7802.88,0,39014.38,15554.93,0,0
2023-03-11,Study Table,Furniture,South,Store E,5,12503.76,5,59392.84,18395.81,0,0
2023-03-11,T-Shirt,Fashion,West,Store D,17,817.62,15,11814.59,2402.12,1,0
2023-03-11,Jeans,Fashion,East,Store D,9,1897.52,0,17077.64,4478.57,0,0
2023-03-11,Shoes,Fashion,North,Store A,5,2415.84,20,9663.34,1163.74,0,0
2023-03-11,Coffee Maker,Home Appliances,West,Store A,12,4837.41,10,52244.01,13986.06,1,0
2023-03-11,Mixer Grinder,Home Appliances,North,Store D,14,3611.9,10,45510.0,9498.53,0,0
2023-03-12,Laptop,Electronics,South,Store E,16,54300.73,10,781930.55,207419.18,1,0
2023-03-12,Smartphone,Electronics,East,Store C,15,24606.72,5,350645.73,61207.52,1,0
2023-03-12,Headphones,Electronics,North,Store C,11,2596.3,15,24275.39,6851.82,1,0
2023-03-12,Office Chair,Furniture,South,Store E,8,7826.47,0,62611.79,17382.45,1,0
2023-03-12,Study Table,Furniture,West,Store C,4,11795.45,5,44822.71,7896.47,0,0
2023-03-12,T-Shirt,Fashion,South,Store C,12,834.62,5,9514.71,2982.45,0,0
2023-03-12,Jeans,Fashion,North,Store D,16,1755.93,0,28094.94,8682.32,1,0
2023-03-12,Shoes,Fashion,West,Store E,13,2498.5,10,29232.42,4658.03,0,0
2023-03-12,Coffee Maker,Home Appliances,North,Store C,7,4683.32,0,32783.27,9402.5,0,0
2023-03-12,Mixer Grinder,Home Appliances,West,Store C,5,3329.19,0,16645.93,4170.07,0,0
2023-03-13,Laptop,Electronics,North,Store D,8,52310.43,5,397559.25,67093.98,1,0
2023-03-13,Smartphone,Electronics,East,Store A,6,24054.92,10,129896.57,26056.81,0,0
2023-03-13,Headphones,Electronics,East,Store E,9,2505.05,0,22545.45,8435.95,1,0
2023-03-13,Office Chair,Furniture,South,Store C,11,7252.09,20,63818.42,2496.8,1,0
2023-03-13,Study Table,Furniture,East,Store D,4,12461.71,0,49846.84,19999.11,0,0
2023-03-13,T-Shirt,Fashion,East,Store E,12,767.32,0,9207.8,1832.03,0,0
2023-03-13,Jeans,Fashion,West,Store C,19,1901.24,0,36123.65,10882.17,1,0
2023-03-13,Shoes,Fashion,South,Store D,8,2564.18,5,19487.8,6199.49,0,0
2023-03-13,Coffee Maker,Home Appliances,West,Store B,8,4680.58,0,37444.63,10759.62,0,0
2023-03-13,Mixer Grinder,Home Appliances,North,Store B,8,3599.88,10,25919.13,4402.62,1,0
2023-03-14,Laptop,Electronics,South,Store C,4,52381.36,5,199049.16,56336.5,0,0
2023-03-14,Smartphone,Electronics,North,Store E,12,24430.94,0,293171.25,88583.5,0,0
2023-03-14,Headphones,Electronics,South,Store B,9,2520.66,15,19283.01,3204.41,0,0
2023-03-14,Office Chair,Furniture,East,Store D,10,7346.94,15,62449.0,10369.11,0,0
2023-03-14,Study Table,Furniture,North,Store C,4,12733.97,0,50935.88,19142.39,0,0
2023-03-14,T-Shirt,Fashion,West,Store A,17,836.34,0,14217.82,4097.91,0,0
2023-03-14,Jeans,Fashion,East,Store C,13,1874.13,0,24363.75,6493.86,0,0
2023-03-14,Shoes,Fashion,East,Store E,13,2480.53,10,29022.24,4500.62,1,0
2023-03-14,Coffee Maker,Home Appliances,West,Store D,3,4754.86,0,14264.59,5655.93,0,0
2023-03-14,Mixer Grinder,Home Appliances,East,Store B,6,3757.91,20,18037.95,4071.61,0,0
2023-03-15,Laptop,Electronics,West,Store A,17,55222.79,5,891848.0,187729.56,1,0
2023-03-15,Smartphone,Electronics,West,Store D,8,26373.87,0,210990.99,63523.24,0,0
2023-03-15,Headphones,Electronics,South,Store C,13,2616.25,5,32310.7,8303.79,1,0
2023-03-15,Office Chair,Furniture,North,Store B,6,7407.74,5,42224.1,10129.97,0,0
2023-03-15,Study Table,Furniture,East,Store A,4,12284.72,5,46681.94,13033.59,0,0
2023-03-15,T-Shirt,Fashion,North,Store E,10,830.82,10,7477.37,2102.13,1,0
2023-03-15,Jeans,Fashion,West,Store B,10,1874.79,5,17810.5,6645.92,0,0
2023-03-15,Shoes,Fashion,East,Store C,8,2407.56,15,16371.4,982.69,0,0
2023-03-15,Coffee Maker,Home Appliances,West,Store C,8,4305.58,5,32722.39,6680.1,0,0
2023-03-15,Mixer Grinder,Home Appliances,East,Store E,8,3328.09,0,26624.71,9053.88,0,0
2023-03-16,Laptop,Electronics,East,Store E,10,58943.3,0,589432.98,207937.12,1,0
2023-03-16,Smartphone,Electronics,North,Store D,9,24110.49,20,173595.53,22142.45,0,0
2023-03-16,Headphones,Electronics,North,Store A,5,2498.32,5,11867.04,3227.31,0,0
2023-03-16,Office Chair,Furniture,West,Store C,6,7475.55,5,42610.66,14591.66,0,0
2023-03-16,Study Table,Furniture,North,Store C,5,12636.62,10,56864.78,14070.31,0,0
2023-03-16,T-Shirt,Fashion,North,Store C,13,793.63,5,9801.37,2317.6,0,0
2023-03-16,Jeans,Fashion,South,Store E,16,1937.89,20,24805.03,7479.35,0,0
2023-03-16,Shoes,Fashion,West,Store D,15,2573.43,20,30881.1,3035.87,0,0
2023-03-16,Coffee Maker,Home Appliances,West,Store C,4,4682.18,10,16855.84,4946.22,1,0
2023-03-16,Mixer Grinder,Home Appliances,North,Store C,6,3769.09,0,22614.54,6712.49,0,0
2023-03-17,Laptop,Electronics,East,Store B,11,52917.08,10,523879.09,104155.91,1,0
2023-03-17,Smartphone,Electronics,West,Store D,20,23815.91,0,476318.22,133170.8,1,0
2023-03-17,Headphones,Electronics,North,Store E,7,2503.62,10,15772.79,4331.97,0,0
2023-03-17,Office Chair,Furniture,East,Store A,6,7247.79,15,36963.74,2648.65,1,0
2023-03-17,Study Table,Furniture,West,Store E,14,12408.73,5,165036.1,39135.91,1,0
2023-03-17,T-Shirt,Fashion,East,Store D,15,788.33,0,11825.01,3488.79,1,0
2023-03-17,Jeans,Fashion,North,Store C,14,1815.08,0,25411.12,7955.16,0,0
2023-03-17,Shoes,Fashion,North,Store D,14,2424.84,0,33947.72,10203.91,0,0
2023-03-17,Coffee Maker,Home Appliances,North,Store A,10,4845.68,5,46033.99,16334.74,1,0
2023-03-17,Mixer Grinder,Home Appliances,South,Store D,13,3420.23,5,42239.79,14909.33,0,0
2023-03-18,Laptop,Electronics,South,Store B,10,54754.45,20,438035.58,63269.47,0,0
2023-03-18,Smartphone,Electronics,West,Store B,14,24237.05,10,305386.88,59361.67,0,0
2023-03-18,Headphones,Electronics,North,Store D,9,2475.31,20,17822.2,3794.39,0,0
2023-03-18,Office Chair,Furniture,East,Store C,7,7176.72,10,45213.33,8582.68,0,0
2023-03-18,Study Table,Furniture,North,Store E,11,11717.89,15,109562.28,12711.0,0,0
2023-03-18,T-Shirt,Fashion,South,Store A,8,859.19,10,6186.14,2240.98,0,0
2023-03-18,Jeans,Fashion,West,Store B,16,1891.93,5,28757.26,10680.43,0,0
2023-03-18,Shoes,Fashion,South,Store E,16,2540.99,0,40655.89,14998.75,0,0
2023-03-18,Coffee Maker,Home Appliances,West,Store D,7,4383.71,20,24548.79,103.56,1,0
2023-03-18,Mixer Grinder,Home Appliances,West,Store E,9,3744.93,20,26963.52,3050.81,0,0
2023-03-19,Laptop,Electronics,East,Store B,7,54134.08,5,359991.61,104287.77,0,0
2023-03-19,Smartphone,Electronics,South,Store C,14,25334.64,0,354684.96,100733.24,0,0
2023-03-19,Headphones,Electronics,East,Store D,6,2562.51,5,14606.33,5195.46,0,0
2023-03-19,Office Chair,Furniture,West,Store E,11,8060.64,20,70933.59,16125.17,0,0
2023-03-19,Study Table,Furniture,South,Store E,11,11890.75,5,124258.31,40256.81,0,0
2023-03-19,T-Shirt,Fashion,West,Store A,11,766.31,15,7164.97,819.57,0,0
2023-03-19,Jeans,Fashion,North,Store D,6,1916.03,10,10346.55,3439.74,0,0
2023-03-19,Shoes,Fashion,South,Store A,18,2591.96,5,44322.44,10472.41,0,0
2023-03-19,Coffee Maker,Home Appliances,East,Store D,4,4275.79,5,16248.01,3837.44,0,0
2023-03-19,Mixer Grinder,Home Appliances,North,Store B,11,3547.06,0,39017.63,14844.76,1,0
2023-03-20,Laptop,Electronics,South,Store E,15,55590.78,5,792168.55,261515.97,0,0
2023-03-20,Smartphone,Electronics,South,Store A,15,26245.89,10,354319.54,64470.4,0,0
2023-03-20,Headphones,Electronics,West,Store B,7,2555.11,5,16991.45,4731.1,0,0
2023-03-20,Office Chair,Furniture,North,Store E,6,7265.1,0,43590.57,10840.11,0,0
2023-03-20,Study Table,Furniture,West,Store C,2,11925.6,10,21466.08,4536.78,0,0
2023-03-20,T-Shirt,Fashion,West,Store E,11,760.29,10,7526.83,1789.65,0,0
2023-03-20,Jeans,Fashion,North,Store A,10,1855.8,0,18558.05,5223.98,0,0
2023-03-20,Shoes,Fashion,South,Store D,13,2609.12,0,33918.56,9713.32,0,0
2023-03-20,Coffee Maker,Home Appliances,West,Store B,10,4698.79,15,39939.69,9668.82,0,0
2023-03-20,Mixer Grinder,Home Appliances,West,Store B,7,3593.79,0,25156.55,7813.36,0,0
2023-03-21,Laptop,Electronics,East,Store B,15,57311.35,20,687736.16,81669.5,1,0
2023-03-21,Smartphone,Electronics,West,Store A,6,25450.26,10,137431.43,23168.17,0,0
2023-03-21,Headphones,Electronics,North,Store C,15,2430.3,5,34631.77,10412.41,1,0
2023-03-21,Office Chair,Furniture,East,Store C,7,7426.14,15,44185.53,6459.35,0,0
2023-03-21,Study Table,Furniture,East,Store E,5,11904.64,5,56547.04,20297.06,0,0
2023-03-21,T-Shirt,Fashion,West,Store B,10,808.99,0,8089.89,1869.18,0,0
2023-03-21,Jeans,Fashion,North,Store D,14,1756.54,0,24591.59,7657.75,0,0
2023-03-21,Shoes,Fashion,East,Store D,13,2561.52,5,31634.74,10141.09,0,0
2023-03-21,Coffee Maker,Home Appliances,South,Store B,6,4664.98,10,25190.9,7490.21,0,0
2023-03-21,Mixer Grinder,Home Appliances,South,Store E,5,3409.36,0,17046.81,4933.95,1,0
2023-03-22,Laptop,Electronics,North,Store A,9,53957.18,5,461333.86,89885.03,0,0
2023-03-22,Smartphone,Electronics,North,Store D,8,24115.64,20,154340.09,30924.25,0,0
2023-03-22,Headphones,Electronics,North,Store E,18,2377.36,5,40652.92,13159.53,1,0
2023-03-22,Office Chair,Furniture,South,Store D,4,7439.03,0,29756.11,8631.75,0,0
2023-03-22,Study Table,Furniture,East,Store E,14,12201.97,5,162286.15,36411.69,1,0
2023-03-22,T-Shirt,Fashion,South,Store E,11,845.06,10,8366.08,2843.51,0,0
2023-03-22,Jeans,Fashion,South,Store B,7,1801.13,20,10086.32,2015.02,0,0
2023-03-22,Shoes,Fashion,North,Store B,10,2500.77,5,23757.32,4878.78,0,0
2023-03-22,Coffee Maker,Home Appliances,North,Store E,7,4463.77,0,31246.39,8689.77,1,0
2023-03-22,Mixer Grinder,Home Appliances,South,Store B,10,3601.51,10,32413.57,8931.51,0,0
2023-03-23,Laptop,Electronics,South,Store D,15,56244.92,10,759306.36,171502.43,0,0
2023-03-23,Smartphone,Electronics,East,Store D,15,23903.8,5,340629.22,112846.34,1,0
2023-03-23,Headphones,Electronics,West,Store E,11,2575.47,10,25497.11,6033.85,0,0
2023-03-23,Office Chair,Furniture,East,Store B,6,7539.92,20,36191.6,6370.93,0,0
2023-03-23,Study Table,Furniture,North,Store B,7,12922.67,0,90458.69,36175.4,0,0
2023-03-23,T-Shirt,Fashion,West,Store A,10,812.72,20,6501.79,529.75,0,0
2023-03-23,Jeans,Fashion,East,Store C,9,1909.97,20,13751.82,3371.7,0,0
2023-03-23,Shoes,Fashion,North,Store C,13,2456.37,5,30336.19,7890.76,1,0
2023-03-23,Coffee Maker,Home Appliances,East,Store C,11,4716.64,0,51883.04,19248.5,0,0
2023-03-23,Mixer Grinder,Home Appliances,South,Store A,7,3456.47,15,20565.97,5485.62,0,0
2023-03-24,Laptop,Electronics,East,Store D,12,53596.83,0,643161.99,205472.45,1,0
2023-03-24,Smartphone,Electronics,West,Store A,11,26039.15,0,286430.62,81693.72,1,0
2023-03-24,Headphones,Electronics,East,Store C,15,2599.12,5,37037.5,9952.58,0,0
2023-03-24,Office Chair,Furniture,North,Store D,8,7471.25,5,56781.53,16384.15,0,0
2023-03-24,Study Table,Furniture,South,Store B,5,12343.72,20,49374.89,6252.4,0,0
2023-03-24,T-Shirt,Fashion,South,Store B,16,858.77,5,13053.25,3494.87,1,0
2023-03-24,Jeans,Fashion,South,Store C,8,1909.1,0,15272.83,6555.03,0,0
2023-03-24,Shoes,Fashion,East,Store A,7,2556.99,10,16109.06,5595.09,0,0
2023-03-24,Coffee Maker,Home Appliances,South,Store A,5,4751.31,20,19005.25,1844.12,0,0
2023-03-24,Mixer Grinder,Home Appliances,West,Store D,10,3398.7,5,32287.6,6872.45,1,0
2023-03-25,Laptop,Electronics,North,Store C,8,52276.94,10,376393.96,62388.87,0,0
2023-03-25,Smartphone,Electronics,East,Store C,19,25665.12,0,487637.26,157141.17,1,0
2023-03-25,Headphones,Electronics,West,Store D,22,2499.78,15,46745.95,6451.46,1,0
2023-03-25,Office Chair,Furniture,North,Store C,5,7797.72,5,37039.15,12279.68,0,0
2023-03-25,Study Table,Furniture,South,Store C,5,12026.87,15,51114.2,7370.86,0,0
2023-03-25,T-Shirt,Fashion,East,Store D,17,861.83,5,13918.58,5126.8,0,0
2023-03-25,Jeans,Fashion,West,Store E,16,1719.52,15,23385.42,4579.12,0,0
2023-03-25,Shoes,Fashion,South,Store E,11,2589.67,5,27062.03,8682.93,0,0
2023-03-25,Coffee Maker,Home Appliances,South,Store A,13,4797.56,20,49894.63,9388.74,1,0
2023-03-25,Mixer Grinder,Home Appliances,South,Store A,15,3537.65,10,47758.24,10337.95,1,0
2023-03-26,Laptop,Electronics,North,Store E,14,57029.69,5,758494.93,209187.94,1,0
2023-03-26,Smartphone,Electronics,North,Store C,9,26501.24,5,226585.58,71126.37,1,0
2023-03-26,Headphones,Electronics,South,Store B,16,2487.97,0,39807.52,10675.56,0,0
2023-03-26,Office Chair,Furniture,South,Store A,11,8048.85,10,79683.57,24899.26,1,0
2023-03-26,Study Table,Furniture,West,Store B,9,12226.98,15,93536.4,26058.29,0,0
2023-03-26,T-Shirt,Fashion,South,Store E,13,794.77,10,9298.76,1769.24,1,0
2023-03-26,Jeans,Fashion,East,Store A,12,1914.82,10,20680.07,6465.69,0,0
2023-03-26,Shoes,Fashion,North,Store C,12,2399.47,0,28793.62,6546.68,0,0
2023-03-26,Coffee Maker,Home Appliances,West,Store C,13,4786.08,0,62218.99,26323.4,0,0
2023-03-26,Mixer Grinder,Home Appliances,North,Store D,6,3723.85,5,21225.96,5176.76,0,0
2023-03-27,Laptop,Electronics,East,Store E,7,55741.59,5,370681.6,138117.52,0,0
2023-03-27,Smartphone,Electronics,North,Store C,7,25930.67,0,181514.67,52765.64,0,0
2023-03-27,Headphones,Electronics,North,Store E,13,2646.09,0,34399.18,14851.52,1,0
2023-03-27,Office Chair,Furniture,West,Store B,10,7413.94,0,74139.39,19344.22,0,0
2023-03-27,Study Table,Furniture,West,Store D,4,11469.53,5,43584.21,6398.46,0,0
2023-03-27,T-Shirt,Fashion,North,Store B,9,774.25,10,6271.46,1712.31,0,0
2023-03-27,Jeans,Fashion,West,Store E,10,1788.97,10,16100.7,3092.74,0,0
2023-03-27,Shoes,Fashion,South,Store D,14,2674.81,20,29957.88,3240.2,1,0
2023-03-27,Coffee Maker,Home Appliances,South,Store E,10,4634.3,0,46342.97,12827.98,0,0
2023-03-27,Mixer Grinder,Home Appliances,East,Store A,9,3536.45,0,31828.05,9437.53,0,0
2023-03-28,Laptop,Electronics,East,Store B,19,52531.78,0,998103.79,260592.69,1,0
2023-03-28,Smartphone,Electronics,West,Store C,8,26802.1,10,192975.14,48792.33,0,0
2023-03-28,Headphones,Electronics,South,Store B,12,2435.69,5,27766.85,7898.72,0,0
2023-03-28,Office Chair,Furniture,East,Store D,3,8055.59,5,22958.42,8989.94,0,0
2023-03-28,Study Table,Furniture,East,Store C,10,11930.83,5,113342.88,27932.89,1,0
2023-03-28,T-Shirt,Fashion,North,Store D,14,765.44,0,10716.14,3901.18,0,0
2023-03-28,Jeans,Fashion,West,Store B,13,1773.19,0,23051.49,6714.03,0,0
2023-03-28,Shoes,Fashion,South,Store C,7,2631.02,5,17496.31,5393.98,0,0
2023-03-28,Coffee Maker,Home Appliances,West,Store B,6,4375.0,10,23625.01,7211.64,0,0
2023-03-28,Mixer Grinder,Home Appliances,South,Store A,13,3357.53,5,41465.54,10974.25,1,0
2023-03-29,Laptop,Electronics,South,Store E,7,54296.19,10,342066.02,97281.08,0,0
2023-03-29,Smartphone,Electronics,East,Store E,10,25411.72,5,241411.33,48463.26,0,0
2023-03-29,Headphones,Electronics,West,Store B,11,2563.15,5,26784.9,8341.03,0,0
2023-03-29,Office Chair,Furniture,East,Store C,7,7828.61,0,54800.25,22594.7,0,0
2023-03-29,Study Table,Furniture,North,Store D,4,11570.66,0,46282.66,11781.8,0,0
2023-03-29,T-Shirt,Fashion,East,Store B,15,780.53,5,11122.5,3500.72,1,0
2023-03-29,Jeans,Fashion,West,Store D,16,1929.27,20,24694.66,2942.27,0,0
2023-03-29,Shoes,Fashion,West,Store E,8,2421.74,5,18405.23,4686.35,0,0
2023-03-29,Coffee Maker,Home Appliances,North,Store E,7,4599.5,0,32196.49,10034.66,1,0
2023-03-29,Mixer Grinder,Home Appliances,West,Store D,10,3560.54,5,33825.17,7584.67,0,0
2023-03-30,Laptop,Electronics,East,Store B,11,58965.71,10,583760.54,220550.15,0,0
2023-03-30,Smartphone,Electronics,South,Store D,9,25483.53,10,206416.62,50583.26,0,0
2023-03-30,Headphones,Electronics,North,Store D,10,2543.16,0,25431.55,10364.23,0,0
2023-03-30,Office Chair,Furniture,South,Store A,8,7894.93,5,60001.48,16022.39,0,0
2023-03-30,Study Table,Furniture,North,Store E,10,12571.99,10,113147.87,26491.91,1,0
2023-03-30,T-Shirt,Fashion,West,Store C,20,796.9,5,15141.08,5518.2,1,0
2023-03-30,Jeans,Fashion,East,Store D,8,1909.94,15,12987.6,1783.62,0,0
2023-03-30,Shoes,Fashion,West,Store B,6,2493.49,15,12716.8,2125.09,0,0
2023-03-30,Coffee Maker,Home Appliances,North,Store D,5,4469.26,5,21229.0,7101.49,0,0
2023-03-30,Mixer Grinder,Home Appliances,South,Store A,5,3404.44,15,14468.85,3067.76,0,0
2023-03-31,Laptop,Electronics,North,Store A,6,56295.12,5,320882.2,101174.39,0,0
2023-03-31,Smartphone,Electronics,South,Store C,9,25959.41,10,210271.21,41618.85,0,0
2023-03-31,Headphones,Electronics,South,Store E,6,2384.89,0,14309.33,4423.33,0,0
2023-03-31,Office Chair,Furniture,South,Store C,6,7633.83,0,45802.97,13643.74,0,0
2023-03-31,Study Table,Furniture,East,Store C,11,12456.28,15,116466.2,32539.92,0,0
2023-03-31,T-Shirt,Fashion,West,Store D,5,853.95,0,4269.76,1534.58,0,0
2023-03-31,Jeans,Fashion,South,Store B,9,1783.53,5,15249.19,3426.82,0,0
2023-03-31,Shoes,Fashion,East,Store E,17,2472.72,0,42036.3,13971.07,1,0
2023-03-31,Coffee Maker,Home Appliances,North,Store C,13,4670.11,5,57675.88,19168.06,1,0
2023-03-31,Mixer Grinder,Home Appliances,East,Store A,10,3666.77,15,31167.56,4287.3,0,0
2023-04-01,Laptop,Electronics,North,Store A,13,57280.08,10,670176.97,164225.83,1,0
2023-04-01,Smartphone,Electronics,North,Store C,12,25145.29,5,286656.36,54489.32,0,0
2023-04-01,Headphones,Electronics,North,Store B,22,2386.14,0,52495.19,12542.04,1,0
2023-04-01,Office Chair,Furniture,South,Store D,8,7222.24,5,54889.01,8931.89,0,0
2023-04-01,Study Table,Furniture,West,Store A,4,12936.92,10,46572.92,10775.27,0,0
2023-04-01,T-Shirt,Fashion,West,Store C,17,805.54,5,13009.55,2964.45,1,0
2023-04-01,Jeans,Fashion,North,Store C,11,1762.83,5,18421.58,6020.53,0,0
2023-04-01,Shoes,Fashion,South,Store D,18,2636.34,20,37963.3,5827.86,1,0
2023-04-01,Coffee Maker,Home Appliances,North,Store D,9,4308.25,5,36835.55,5402.33,1,0
2023-04-01,Mixer Grinder,Home Appliances,North,Store A,5,3620.86,0,18104.32,6619.98,0,0
2023-04-02,Laptop,Electronics,West,Store D,10,54171.79,0,541717.86,159025.53,0,0
2023-04-02,Smartphone,Electronics,East,Store B,10,24858.58,5,236156.55,61784.75,0,0
2023-04-02,Headphones,Electronics,East,Store C,11,2382.88,0,26211.66,6617.81,0,0
2023-04-02,Office Chair,Furniture,North,Store A,4,7825.57,15,26606.93,8212.9,0,0
2023-04-02,Study Table,Furniture,South,Store B,11,11762.44,20,103509.5,9484.56,1,0
2023-04-02,T-Shirt,Fashion,West,Store A,15,762.36,5,10863.62,2660.19,0,0
2023-04-02,Jeans,Fashion,East,Store E,15,1830.49,10,24711.67,4353.34,0,0
2023-04-02,Shoes,Fashion,West,Store E,15,2632.51,0,39487.66,14182.66,1,0
2023-04-02,Coffee Maker,Home Appliances,West,Store C,15,4552.48,10,61458.49,16199.74,1,0
2023-04-02,Mixer Grinder,Home Appliances,East,Store A,7,3672.01,0,25704.05,9119.03,0,0
2023-04-03,Laptop,Electronics,West,Store B,10,58603.8,0,586037.95,233574.77,0,0
2023-04-03,Smartphone,Electronics,East,Store D,7,26312.79,0,184189.55,73922.88,0,0
2023-04-03,Headphones,Electronics,West,Store E,10,2688.64,10,24197.72,8025.93,0,0
2023-04-03,Office Chair,Furniture,North,Store E,7,7691.1,10,48453.96,9648.26,0,0
2023-04-03,Study Table,Furniture,North,Store A,6,11554.8,10,62395.9,8321.83,0,0
2023-04-03,T-Shirt,Fashion,North,Store B,16,851.96,0,13631.43,5537.01,0,0
2023-04-03,Jeans,Fashion,East,Store C,9,1925.66,10,15597.86,5625.52,0,0
2023-04-03,Shoes,Fashion,West,Store E,9,2514.5,5,21498.99,4039.97,0,0
2023-04-03,Coffee Maker,Home Appliances,South,Store A,10,4332.71,5,41160.79,9146.13,1,0
2023-04-03,Mixer Grinder,Home Appliances,North,Store C,10,3360.32,5,31923.06,6428.25,0,0
2023-04-04,Laptop,Electronics,South,Store B,5,58973.23,5,280122.84,93981.06,0,0
2023-04-04,Smartphone,Electronics,West,Store D,11,24899.86,10,246508.61,64994.67,0,0
2023-04-04,Headphones,Electronics,East,Store D,9,2654.11,5,22692.68,8680.17,1,0
2023-04-04,Office Chair,Furniture,North,Store A,9,7549.62,15,57754.57,16375.54,0,0
2023-04-04,Study Table,Furniture,North,Store B,7,11927.73,0,83494.08,20875.94,1,0
2023-04-04,T-Shirt,Fashion,South,Store D,15,820.49,0,12307.35,3750.78,1,0
2023-04-04,Jeans,Fashion,North,Store E,14,1862.97,15,22169.4,5088.35,0,0
2023-04-04,Shoes,Fashion,East,Store E,14,2558.94,0,35825.1,13284.37,0,0
2023-04-04,Coffee Maker,Home Appliances,East,Store A,15,4781.02,0,71715.32,24376.09,1,0
2023-04-04,Mixer Grinder,Home Appliances,South,Store E,6,3543.3,0,21259.78,5840.88,0,0
2023-04-05,Laptop,Electronics,South,Store A,14,56707.58,20,635124.93,125495.41,0,0
2023-04-05,Smartphone,Electronics,West,Store C,3,24673.2,10,66617.63,9730.23,0,0
2023-04-05,Headphones,Electronics,North,Store B,8,2512.79,5,19097.17,5799.25,0,0
2023-04-05,Office Chair,Furniture,East,Store C,7,7471.55,5,49685.81,15809.01,0,0
2023-04-05,Study Table,Furniture,East,Store E,5,11439.9,0,57199.52,12595.06,0,0
2023-04-05,T-Shirt,Fashion,West,Store E,9,807.1,10,6537.48,1444.46,0,0
2023-04-05,Jeans,Fashion,North,Store A,12,1898.0,0,22776.01,9173.76,0,0
2023-04-05,Shoes,Fashion,South,Store A,13,2653.86,5,32775.12,11973.6,1,0
2023-04-05,Coffee Maker,Home Appliances,West,Store C,8,4306.67,20,27562.68,2095.05,1,0
2023-04-05,Mixer Grinder,Home Appliances,West,Store E,6,3511.31,15,17907.68,1705.06,0,0
2023-04-06,Laptop,Electronics,East,Store A,9,53092.7,20,382267.44,-112.74,0,0
2023-04-06,Smartphone,Electronics,North,Store E,12,24757.63,5,282237.0,88653.54,1,0
2023-04-06,Headphones,Electronics,North,Store C,13,2635.87,15,29126.36,8810.13,0,0
2023-04-06,Office Chair,Furniture,North,Store D,6,7313.86,5,41688.99,13001.08,0,0
2023-04-06,Study Table,Furniture,North,Store A,10,12849.36,5,122068.91,31184.11,1,0
2023-04-06,T-Shirt,Fashion,West,Store B,9,852.82,10,6907.85,1347.68,0,0
2023-04-06,Jeans,Fashion,North,Store A,15,1838.87,5,26203.86,6406.52,1,0
2023-04-06,Shoes,Fashion,South,Store E,17,2428.6,10,37157.53,8459.54,0,0
2023-04-06,Coffee Maker,Home Appliances,South,Store A,15,4303.06,5,61318.62,10101.73,1,0
2023-04-06,Mixer Grinder,Home Appliances,North,Store E,5,3358.47,10,15113.09,3911.44,0,0
2023-04-07,Laptop,Electronics,West,Store D,13,55652.88,0,723487.39,171663.06,1,0
2023-04-07,Smartphone,Electronics,East,Store A,6,24377.3,20,117011.03,3177.0,0,0
2023-04-07,Headphones,Electronics,South,Store D,4,2396.13,0,9584.51,2920.52,0,0
2023-04-07,Office Chair,Furniture,East,Store B,7,7689.02,20,43058.51,8101.97,1,0
2023-04-07,Study Table,Furniture,North,Store B,7,12729.69,5,84652.44,22813.36,0,0
2023-04-07,T-Shirt,Fashion,East,Store B,8,782.39,5,5946.2,1886.44,0,0
2023-04-07,Jeans,Fashion,North,Store C,11,1844.6,5,19276.11,4278.26,1,0
2023-04-07,Shoes,Fashion,East,Store A,8,2609.45,0,20875.63,7855.3,0,0
2023-04-07,Coffee Maker,Home Appliances,South,Store B,6,4644.01,10,25077.63,6022.08,0,0
2023-04-07,Mixer Grinder,Home Appliances,South,Store B,3,3447.85,15,8792.02,1229.62,0,0
2023-04-08,Laptop,Electronics,South,Store D,15,57415.4,10,775107.89,267478.91,1,0
2023-04-08,Smartphone,Electronics,North,Store A,13,24851.54,10,290763.05,47832.03,0,0
2023-04-08,Headphones,Electronics,East,Store A,9,2623.19,0,23608.67,9716.01,0,0
2023-04-08,Office Chair,Furniture,North,Store E,8,7706.03,10,55483.41,12524.26,1,0
2023-04-08,Study Table,Furniture,North,Store A,8,11600.58,20,74243.72,4591.58,0,0
2023-04-08,T-Shirt,Fashion,North,Store A,14,796.8,0,11155.14,3929.24,0,0
2023-04-08,Jeans,Fashion,North,Store A,19,1908.92,5,34455.95,11047.22,0,0
2023-04-08,Shoes,Fashion,North,Store A,9,2662.89,5,22767.7,5476.42,0,0
2023-04-08,Coffee Maker,Home Appliances,North,Store B,8,4342.87,5,33005.81,7045.31,0,0
2023-04-08,Mixer Grinder,Home Appliances,North,Store D,8,3709.93,10,26711.51,7531.63,1,0
2023-04-09,Laptop,Electronics,North,Store A,18,58209.81,0,1047776.55,381587.35,1,0
2023-04-09,Smartphone,Electronics,North,Store D,10,24434.38,5,232126.63,55442.15,0,0
2023-04-09,Headphones,Electronics,East,Store C,8,2431.94,0,19455.53,4969.12,0,0
2023-04-09,Office Chair,Furniture,East,Store D,4,7895.12,5,30001.46,8457.77,0,0
2023-04-09,Study Table,Furniture,North,Store D,4,11715.84,10,42177.03,5686.43,0,0
2023-04-09,T-Shirt,Fashion,North,Store C,8,787.6,10,5670.75,1010.84,0,0
2023-04-09,Jeans,Fashion,North,Store B,13,1924.96,0,25024.49,7603.47,0,0
2023-04-09,Shoes,Fashion,East,Store C,14,2392.27,20,26793.41,2077.29,0,0
2023-04-09,Coffee Maker,Home Appliances,West,Store B,5,4480.71,15,19043.03,1874.23,0,0
2023-04-09,Mixer Grinder,Home Appliances,East,Store C,6,3703.12,5,21107.79,6009.21,0,0
2023-04-10,Laptop,Electronics,South,Store C,11,52911.77,15,494725.06,53133.2,1,0
2023-04-10,Smartphone,Electronics,North,Store A,9,25206.42,10,204171.99,31202.19,1,0
2023-04-10,Headphones,Electronics,West,Store D,8,2595.48,15,17649.25,3271.33,0,0
2023-04-10,Office Chair,Furniture,East,Store A,11,7972.95,0,87702.43,28165.43,0,0
2023-04-10,Study Table,Furniture,North,Store A,8,11478.81,15,78055.92,8950.04,0,0
2023-04-10,T-Shirt,Fashion,South,Store D,10,809.87,10,7288.85,2220.23,0,0
2023-04-10,Jeans,Fashion,East,Store E,5,1856.5,0,9282.48,3027.5,0,0
2023-04-10,Shoes,Fashion,West,Store C,20,2680.21,0,53604.17,19467.55,1,0
2023-04-10,Coffee Maker,Home Appliances,South,Store D,9,4492.78,0,40435.05,15346.63,0,0
2023-04-10,Mixer Grinder,Home Appliances,East,Store A,4,3427.14,0,13708.54,3917.42,0,0
2023-04-11,Laptop,Electronics,South,Store D,21,52344.87,10,989318.04,182428.02,1,0
2023-04-11,Smartphone,Electronics,East,Store E,11,25024.1,10,247738.55,37944.54,1,0
2023-04-11,Headphones,Electronics,North,Store C,11,2624.15,15,24535.82,6243.04,0,0
2023-04-11,Office Chair,Furniture,North,Store C,6,7680.27,5,43777.56,9677.06,0,0
2023-04-11,Study Table,Furniture,West,Store A,6,12703.44,10,68598.55,20225.68,0,0
2023-04-11,T-Shirt,Fashion,North,Store A,12,817.55,10,8829.53,2796.75,1,0
2023-04-11,Jeans,Fashion,North,Store B,11,1865.92,0,20525.13,6980.13,1,0
2023-04-11,Shoes,Fashion,West,Store C,19,2493.55,10,42639.66,10598.58,1,0
2023-04-11,Coffee Maker,Home Appliances,West,Store E,9,4559.21,0,41032.85,16106.1,1,0
2023-04-11,Mixer Grinder,Home Appliances,East,Store A,12,3366.25,20,32316.01,2071.64,0,0
2023-04-12,Laptop,Electronics,North,Store A,16,56701.3,0,907220.73,349335.04,1,0
2023-04-12,Smartphone,Electronics,East,Store D,15,25768.14,5,367195.95,86881.0,1,0
2023-04-12,Headphones,Electronics,South,Store B,9,2421.0,5,20699.58,4322.51,1,0
2023-04-12,Office Chair,Furniture,North,Store E,5,7224.39,5,34315.83,8484.21,1,0
2023-04-12,Study Table,Furniture,West,Store B,7,12225.4,5,81298.92,17650.72,0,0
2023-04-12,T-Shirt,Fashion,North,Store C,11,828.47,0,9113.2,3478.82,0,0
2023-04-12,Jeans,Fashion,North,Store C,13,1936.13,5,23911.23,5740.6,1,0
2023-04-12,Shoes,Fashion,South,Store E,8,2572.97,0,20583.78,7011.21,0,0
2023-04-12,Coffee Maker,Home Appliances,East,Store D,7,4450.52,0,31153.62,10656.65,1,0
2023-04-12,Mixer Grinder,Home Appliances,East,Store D,6,3480.75,20,16707.6,2443.07,1,0
2023-04-13,Laptop,Electronics,North,Store C,4,53192.63,5,202132.0,43823.97,0,0
2023-04-13,Smartphone,Electronics,South,Store B,4,24212.43,20,77479.78,4727.17,0,0
2023-04-13,Headphones,Electronics,South,Store E,12,2412.26,5,27499.74,4980.35,0,0
2023-04-13,Office Chair,Furniture,North,Store C,10,7905.76,10,71151.87,19489.78,0,0
2023-04-13,Study Table,Furniture,East,Store C,7,12619.97,0,88339.81,23304.12,0,0
2023-04-13,T-Shirt,Fashion,West,Store B,14,784.4,5,10432.57,2253.12,1,0
2023-04-13,Jeans,Fashion,South,Store A,16,1895.73,0,30331.68,10817.47,0,0
2023-04-13,Shoes,Fashion,West,Store D,13,2438.81,0,31704.57,9724.59,0,0
2023-04-13,Coffee Maker,Home Appliances,South,Store B,7,4656.73,0,32597.1,10226.61,0,0
2023-04-13,Mixer Grinder,Home Appliances,North,Store D,9,3729.93,5,31890.93,8197.87,0,0
2023-04-14,Laptop,Electronics,North,Store B,7,54109.83,10,340891.92,44617.91,0,0
2023-04-14,Smartphone,Electronics,West,Store B,12,24071.34,15,245527.64,59203.85,0,0
2023-04-14,Headphones,Electronics,South,Store B,13,2510.68,10,29374.95,5440.22,1,0
2023-04-14,Office Chair,Furniture,East,Store E,8,7667.8,0,61342.41,21894.43,1,0
2023-04-14,Study Table,Furniture,West,Store A,9,12035.14,0,108316.27,24309.68,0,0
2023-04-14,T-Shirt,Fashion,West,Store E,16,818.96,5,12448.16,4396.85,1,0
2023-04-14,Jeans,Fashion,East,Store B,10,1928.96,5,18325.14,6580.15,0,0
2023-04-14,Shoes,Fashion,North,Store E,15,2503.54,0,37553.15,13235.42,1,0
2023-04-14,Coffee Maker,Home Appliances,West,Store E,9,4775.07,5,40826.85,13745.17,0,0
2023-04-14,Mixer Grinder,Home Appliances,West,Store D,11,3416.03,20,30061.07,6300.97,0,0
2023-04-15,Laptop,Electronics,North,Store E,10,55870.56,15,474899.74,86083.38,0,0
2023-04-15,Smartphone,Electronics,West,Store B,6,24730.19,5,140962.08,34416.46,0,0
2023-04-15,Headphones,Electronics,South,Store C,15,2648.64,10,35756.65,10125.77,0,0
2023-04-15,Office Chair,Furniture,West,Store A,10,7222.72,5,68615.86,13431.79,0,0
2023-04-15,Study Table,Furniture,North,Store A,8,12515.56,15,85105.84,16454.35,0,0
2023-04-15,T-Shirt,Fashion,East,Store D,18,858.92,5,14687.49,5227.61,0,0
2023-04-15,Jeans,Fashion,East,Store A,22,1872.92,0,41204.32,15621.97,1,0
2023-04-15,Shoes,Fashion,South,Store A,22,2488.22,10,49266.81,14626.38,1,0
2023-04-15,Coffee Maker,Home Appliances,East,Store E,15,4818.35,0,72275.26,28045.2,1,0
2023-04-15,Mixer Grinder,Home Appliances,East,Store B,9,3453.12,5,29524.14,10184.18,0,0
2023-04-16,Laptop,Electronics,West,Store C,13,53127.38,15,587057.55,52208.09,0,0
2023-04-16,Smartphone,Electronics,West,Store C,15,24569.46,0,368541.94,117806.5,1,0
2023-04-16,Headphones,Electronics,South,Store B,14,2523.18,0,35324.46,9197.35,1,0
2023-04-16,Office Chair,Furniture,West,Store D,7,7987.04,0,55909.3,17339.33,0,0
2023-04-16,Study Table,Furniture,South,Store A,5,11709.44,15,49765.1,5680.39,0,0
2023-04-16,T-Shirt,Fashion,South,Store E,12,805.47,0,9665.65,2646.08,1,0
2023-04-16,Jeans,Fashion,South,Store E,26,1817.63,0,47258.33,11387.75,1,0
2023-04-16,Shoes,Fashion,East,Store C,9,2486.32,0,22376.87,8281.55,0,0
2023-04-16,Coffee Maker,Home Appliances,North,Store E,12,4678.4,0,56140.74,19766.78,1,0
2023-04-16,Mixer Grinder,Home Appliances,South,Store E,7,3511.77,5,23353.3,7804.24,0,0
2023-04-17,Laptop,Electronics,East,Store C,10,55381.68,0,553816.84,193378.08,0,0
2023-04-17,Smartphone,Electronics,East,Store D,8,24543.21,0,196345.65,72231.16,1,0
2023-04-17,Headphones,Electronics,West,Store D,14,2540.07,5,33782.87,7678.58,1,0
2023-04-17,Office Chair,Furniture,East,Store B,6,7134.98,0,42809.87,15630.38,0,0
2023-04-17,Study Table,Furniture,South,Store B,7,12515.18,5,83225.92,21816.98,0,0
2023-04-17,T-Shirt,Fashion,South,Store E,20,825.69,5,15688.11,3746.6,1,0
2023-04-17,Jeans,Fashion,South,Store D,10,1761.68,15,14974.28,2636.32,1,0
2023-04-17,Shoes,Fashion,North,Store E,7,2696.7,5,17933.06,4304.86,0,0
2023-04-17,Coffee Maker,Home Appliances,East,Store E,5,4415.71,0,22078.57,6490.6,1,0
2023-04-17,Mixer Grinder,Home Appliances,West,Store A,10,3531.6,0,35315.95,9268.33,0,0
2023-04-18,Laptop,Electronics,North,Store B,12,57815.53,5,659097.03,252009.65,1,0
2023-04-18,Smartphone,Electronics,South,Store B,13,24909.59,5,307633.41,66288.71,0,0
2023-04-18,Headphones,Electronics,West,Store A,7,2579.34,0,18055.4,5571.93,1,0
2023-04-18,Office Chair,Furniture,West,Store C,3,7393.1,15,18852.39,4791.7,0,0
2023-04-18,Study Table,Furniture,West,Store B,2,12895.18,15,21921.81,3379.99,0,0
2023-04-18,T-Shirt,Fashion,South,Store B,13,810.9,0,10541.74,3679.53,0,0
2023-04-18,Jeans,Fashion,West,Store E,6,1868.36,20,8968.11,1680.62,0,0
2023-04-18,Shoes,Fashion,East,Store C,18,2377.63,5,40657.52,6166.21,1,0
2023-04-18,Coffee Maker,Home Appliances,South,Store C,11,4277.41,15,39993.82,10106.49,0,0
2023-04-18,Mixer Grinder,Home Appliances,West,Store B,4,3514.31,10,12651.52,4016.07,0,0
2023-04-19,Laptop,Electronics,North,Store B,10,57214.64,0,572146.45,159756.09,0,0
2023-04-19,Smartphone,Electronics,West,Store E,5,26327.48,15,111891.81,24595.2,0,0
2023-04-19,Headphones,Electronics,West,Store A,9,2424.19,10,19635.96,5717.62,0,0
2023-04-19,Office Chair,Furniture,East,Store E,4,7941.8,10,28590.46,6768.87,0,0
2023-04-19,Study Table,Furniture,North,Store B,9,12897.34,20,92860.86,21662.44,1,0
2023-04-19,T-Shirt,Fashion,East,Store B,11,845.96,0,9305.55,3756.02,1,0
2023-04-19,Jeans,Fashion,North,Store B,14,1865.2,5,24807.15,9576.51,0,0
2023-04-19,Shoes,Fashion,East,Store C,8,2629.49,0,21035.92,6333.01,0,0
2023-04-19,Coffee Maker,Home Appliances,East,Store B,8,4649.94,0,37199.49,12209.26,0,0
2023-04-19,Mixer Grinder,Home Appliances,North,Store B,6,3382.05,0,20292.29,6975.62,1,0
2023-04-20,Laptop,Electronics,South,Store B,11,52481.48,10,519566.69,92725.3,0,0
2023-04-20,Smartphone,Electronics,South,Store B,7,26156.69,0,183096.81,50934.25,0,0
2023-04-20,Headphones,Electronics,South,Store A,4,2515.15,0,10060.62,2824.1,0,0
2023-04-20,Office Chair,Furniture,North,Store D,15,7630.02,0,114450.24,42364.75,1,0
2023-04-20,Study Table,Furniture,East,Store E,7,12655.07,0,88585.5,28879.01,0,0
2023-04-20,T-Shirt,Fashion,South,Store E,10,806.12,0,8061.19,3042.48,0,0
2023-04-20,Jeans,Fashion,West,Store A,17,1924.98,5,31088.4,12337.19,1,0
2023-04-20,Shoes,Fashion,North,Store C,9,2646.46,10,21436.37,5578.6,0,0
2023-04-20,Coffee Maker,Home Appliances,North,Store A,4,4436.88,5,16860.15,5722.07,1,0
2023-04-20,Mixer Grinder,Home Appliances,East,Store A,4,3730.09,0,14920.37,5134.4,0,0
2023-04-21,Laptop,Electronics,North,Store E,12,57108.48,0,685301.79,251821.67,0,0
2023-04-21,Smartphone,Electronics,South,Store E,5,25754.88,0,128774.39,42321.84,0,0
2023-04-21,Headphones,Electronics,East,Store C,13,2596.81,5,32070.55,11976.34,1,0
2023-04-21,Office Chair,Furniture,South,Store A,5,7471.65,15,31754.53,7704.82,0,0
2023-04-21,Study Table,Furniture,East,Store D,1,12365.87,10,11129.28,2785.37,0,0
2023-04-21,T-Shirt,Fashion,North,Store D,17,762.5,0,12962.43,4557.11,0,0
2023-04-21,Jeans,Fashion,South,Store C,16,1834.19,10,26412.3,5010.02,1,0
2023-04-21,Shoes,Fashion,West,Store D,10,2626.42,0,26264.19,9599.48,0,0
2023-04-21,Coffee Maker,Home Appliances,South,Store B,7,4626.86,10,29149.22,6441.01,0,0
2023-04-21,Mixer Grinder,Home Appliances,East,Store C,12,3644.39,20,34986.13,6035.45,0,0
2023-04-22,Laptop,Electronics,East,Store C,11,54316.4,0,597480.35,183456.56,1,0
2023-04-22,Smartphone,Electronics,West,Store B,13,23805.74,10,278527.19,35548.2,1,0
2023-04-22,Headphones,Electronics,East,Store E,11,2688.98,15,25141.98,4260.71,0,0
2023-04-22,Office Chair,Furniture,North,Store D,5,7298.78,0,36493.89,9346.6,0,0
2023-04-22,Study Table,Furniture,South,Store B,6,11932.28,0,71593.65,19815.2,1,0
2023-04-22,T-Shirt,Fashion,East,Store B,13,779.21,0,10129.68,2670.71,1,0
2023-04-22,Jeans,Fashion,South,Store C,11,1898.76,0,20886.31,6257.2,0,0
2023-04-22,Shoes,Fashion,South,Store B,16,2571.79,0,41148.72,16059.65,1,0
2023-04-22,Coffee Maker,Home Appliances,West,Store A,8,4583.47,10,33000.98,5563.36,0,0
2023-04-22,Mixer Grinder,Home Appliances,East,Store B,14,3568.66,0,49961.3,18528.98,0,0
2023-04-23,Laptop,Electronics,South,Store A,10,52762.73,20,422101.84,87789.33,0,0
2023-04-23,Smartphone,Electronics,South,Store C,20,24214.05,20,387424.81,78323.55,1,0
2023-04-23,Headphones,Electronics,East,Store B,14,2516.19,20,28181.29,6233.46,0,0
2023-04-23,Office Chair,Furniture,South,Store C,7,7435.34,0,52047.38,17069.58,0,0
2023-04-23,Study Table,Furniture,West,Store B,5,12688.98,5,60272.66,23813.39,0,0
2023-04-23,T-Shirt,Fashion,West,Store B,17,841.23,5,13585.9,4067.53,0,0
2023-04-23,Jeans,Fashion,West,Store A,13,1887.31,0,24535.07,6334.84,0,0
2023-04-23,Shoes,Fashion,North,Store C,10,2553.16,0,25531.61,7814.4,0,0
2023-04-23,Coffee Maker,Home Appliances,South,Store C,9,4542.83,0,40885.5,16400.79,0,0
2023-04-23,Mixer Grinder,Home Appliances,North,Store B,6,3623.3,20,17391.82,2742.69,0,0
2023-04-24,Laptop,Electronics,West,Store D,8,54924.68,5,417427.55,132009.17,0,0
2023-04-24,Smartphone,Electronics,East,Store E,14,26852.61,0,375936.57,144952.95,0,0
2023-04-24,Headphones,Electronics,East,Store E,9,2474.57,10,20044.05,4640.47,0,0
2023-04-24,Office Chair,Furniture,East,Store D,10,7780.89,5,73918.5,18330.64,1,0
2023-04-24,Study Table,Furniture,North,Store D,8,11553.94,5,87809.96,20328.45,1,0
2023-04-24,T-Shirt,Fashion,North,Store E,5,853.25,15,3626.31,1177.61,0,0
2023-04-24,Jeans,Fashion,South,Store C,16,1726.67,5,26245.31,8811.93,1,0
2023-04-24,Shoes,Fashion,West,Store D,10,2415.16,5,22944.06,6215.46,0,0
2023-04-24,Coffee Maker,Home Appliances,East,Store A,6,4580.38,20,21985.84,1769.47,0,0
2023-04-24,Mixer Grinder,Home Appliances,South,Store A,8,3471.52,0,27772.2,8135.71,1,0
2023-04-25,Laptop,Electronics,West,Store D,8,53972.86,0,431782.89,113604.48,0,0
2023-04-25,Smartphone,Electronics,North,Store B,4,26512.08,20,84838.66,9629.74,0,0
2023-04-25,Headphones,Electronics,South,Store E,10,2570.96,0,25709.58,8196.0,0,0
2023-04-25,Office Chair,Furniture,South,Store E,6,7990.52,5,45545.94,16501.12,1,0
2023-04-25,Study Table,Furniture,South,Store D,9,12008.67,0,108078.0,37754.4,1,0
2023-04-25,T-Shirt,Fashion,East,Store A,13,841.31,0,10937.05,3316.11,0,0
2023-04-25,Jeans,Fashion,East,Store C,9,1863.85,0,16774.62,5455.85,0,0
2023-04-25,Shoes,Fashion,North,Store A,7,2646.06,0,18522.42,6096.4,1,0
2023-04-25,Coffee Maker,Home Appliances,South,Store D,4,4402.57,0,17610.3,5542.37,0,0
2023-04-25,Mixer Grinder,Home Appliances,East,Store B,6,3672.09,5,20930.91,6943.37,1,0
2023-04-26,Laptop,Electronics,North,Store B,3,58180.31,15,148359.78,25541.98,0,0
2023-04-26,Smartphone,Electronics,South,Store E,14,25420.64,10,320300.05,87409.18,1,0
2023-04-26,Headphones,Electronics,West,Store C,11,2439.48,0,26834.3,6707.83,0,0
2023-04-26,Office Chair,Furniture,North,Store E,2,7504.81,0,15009.63,4142.98,0,0
2023-04-26,Study Table,Furniture,East,Store C,8,12078.58,10,86965.74,19711.0,0,0
2023-04-26,T-Shirt,Fashion,West,Store A,14,809.04,0,11326.61,3413.64,0,0
2023-04-26,Jeans,Fashion,West,Store E,9,1732.71,0,15594.36,3570.84,0,0
2023-04-26,Shoes,Fashion,East,Store D,11,2421.04,5,25299.91,5782.21,0,0
2023-04-26,Coffee Maker,Home Appliances,South,Store D,5,4523.0,10,20353.51,4599.19,0,0
2023-04-26,Mixer Grinder,Home Appliances,West,Store C,11,3690.1,5,38561.55,10815.66,0,0
2023-04-27,Laptop,Electronics,South,Store C,11,56048.57,10,554880.81,101645.6,0,0
2023-04-27,Smartphone,Electronics,East,Store C,10,25163.79,20,201310.31,23263.72,1,0
2023-04-27,Headphones,Electronics,West,Store A,7,2684.94,0,18794.57,5826.16,0,0
2023-04-27,Office Chair,Furniture,East,Store A,7,7389.7,15,43968.7,12100.41,0,0
2023-04-27,Study Table,Furniture,West,Store A,13,12758.59,5,157568.58,57974.58,1,0
2023-04-27,T-Shirt,Fashion,North,Store E,14,813.01,5,10812.97,2828.87,1,0
2023-04-27,Jeans,Fashion,West,Store A,14,1862.92,0,26080.95,7715.57,0,0
2023-04-27,Shoes,Fashion,East,Store E,7,2592.82,0,18149.77,7596.19,0,0
2023-04-27,Coffee Maker,Home Appliances,North,Store D,6,4446.01,10,24008.47,5763.57,0,0
2023-04-27,Mixer Grinder,Home Appliances,North,Store A,3,3415.76,15,8710.18,2295.32,1,0
2023-04-28,Laptop,Electronics,East,Store C,7,53400.1,10,336420.65,61577.35,1,0
2023-04-28,Smartphone,Electronics,West,Store C,6,24134.01,15,123083.43,24695.38,0,0
2023-04-28,Headphones,Electronics,East,Store B,8,2631.64,10,18947.82,4024.67,0,0
2023-04-28,Office Chair,Furniture,West,Store B,8,7869.46,0,62955.7,16585.47,0,0
2023-04-28,Study Table,Furniture,North,Store D,6,11690.17,0,70141.04,23639.36,1,0
2023-04-28,T-Shirt,Fashion,North,Store E,10,829.05,0,8290.53,2723.73,0,0
2023-04-28,Jeans,Fashion,West,Store B,14,1932.06,10,24343.98,5425.96,0,0
2023-04-28,Shoes,Fashion,South,Store D,7,2542.44,20,14237.64,820.94,0,0
2023-04-28,Coffee Maker,Home Appliances,East,Store C,6,4365.08,0,26190.5,6552.23,0,0
2023-04-28,Mixer Grinder,Home Appliances,South,Store B,8,3770.51,0,30164.05,12001.14,0,0
2023-04-29,Laptop,Electronics,East,Store D,16,54811.43,15,745435.42,201750.74,0,0
2023-04-29,Smartphone,Electronics,West,Store A,4,26428.66,5,100428.91,26636.9,0,0
2023-04-29,Headphones,Electronics,South,Store E,10,2431.43,20,19451.46,3447.91,0,0
2023-04-29,Office Chair,Furniture,South,Store B,8,7663.03,0,61304.26,24170.92,0,0
2023-04-29,Study Table,Furniture,East,Store D,10,11503.73,15,97781.67,5195.86,0,0
2023-04-29,T-Shirt,Fashion,South,Store C,15,786.35,10,10615.71,3327.13,0,0
2023-04-29,Jeans,Fashion,South,Store A,10,1738.17,0,17381.67,3625.11,0,0
2023-04-29,Shoes,Fashion,West,Store A,14,2477.62,0,34686.65,13372.18,0,0
2023-04-29,Coffee Maker,Home Appliances,North,Store B,12,4340.29,0,52083.45,17864.4,0,0
2023-04-29,Mixer Grinder,Home Appliances,South,Store E,15,3583.81,0,53757.19,16977.65,1,0
2023-04-30,Laptop,Electronics,South,Store D,10,56409.77,5,535892.78,196037.53,1,0
2023-04-30,Smartphone,Electronics,East,Store A,8,25862.83,0,206902.61,54345.86,0,0
2023-04-30,Headphones,Electronics,West,Store B,15,2533.06,0,37995.96,14080.09,0,0
2023-04-30,Office Chair,Furniture,South,Store C,7,7130.73,15,42427.86,7260.35,1,0
2023-04-30,Study Table,Furniture,South,Store D,7,11824.21,10,74492.52,18284.83,0,0
2023-04-30,T-Shirt,Fashion,West,Store A,8,834.43,10,6007.93,1396.98,0,0
2023-04-30,Jeans,Fashion,North,Store E,14,1812.27,10,22834.61,6187.8,0,0
2023-04-30,Shoes,Fashion,East,Store B,11,2385.93,0,26245.23,8829.46,0,0
2023-04-30,Coffee Maker,Home Appliances,West,Store C,10,4772.36,5,45337.44,10785.77,0,0
2023-04-30,Mixer Grinder,Home Appliances,North,Store D,8,3665.11,5,27854.83,8813.92,0,0
2023-05-01,Laptop,Electronics,East,Store C,2,57449.78,20,91919.65,18996.52,0,0
2023-05-01,Smartphone,Electronics,South,Store B,12,24085.73,5,274577.28,83904.3,0,0
2023-05-01,Headphones,Electronics,East,Store A,13,2560.71,0,33289.21,11172.04,1,0
2023-05-01,Office Chair,Furniture,West,Store B,6,7531.25,15,38409.39,5384.08,0,0
2023-05-01,Study Table,Furniture,West,Store E,8,11967.94,0,95743.5,26618.27,1,0
2023-05-01,T-Shirt,Fashion,North,Store E,19,829.29,0,15756.53,6017.34,1,0
2023-05-01,Jeans,Fashion,North,Store C,8,1796.13,5,13650.58,4190.86,0,0
2023-05-01,Shoes,Fashion,South,Store E,16,2554.64,10,36786.76,6627.72,1,0
2023-05-01,Coffee Maker,Home Appliances,North,Store A,10,4376.67,10,39390.05,11873.06,1,0
2023-05-01,Mixer Grinder,Home Appliances,East,Store A,17,3418.54,10,52303.59,15838.48,1,0
2023-05-02,Laptop,Electronics,South,Store E,10,56255.65,10,506300.87,156116.92,0,0
2023-05-02,Smartphone,Electronics,East,Store E,9,26215.57,0,235940.15,75591.74,0,0
2023-05-02,Headphones,Electronics,North,Store B,13,2535.51,0,32961.69,9842.37,1,0
2023-05-02,Office Chair,Furniture,North,Store C,9,7556.41,0,68007.68,25618.94,0,0
2023-05-02,Study Table,Furniture,South,Store D,7,12749.63,20,71397.94,12233.8,0,0
2023-05-02,T-Shirt,Fashion,South,Store D,8,857.16,5,6514.43,2168.18,0,0
2023-05-02,Jeans,Fashion,North,Store A,13,1731.14,20,18003.86,2410.7,0,0
2023-05-02,Shoes,Fashion,West,Store C,12,2413.36,0,28960.37,5947.66,0,0
2023-05-02,Coffee Maker,Home Appliances,North,Store C,5,4347.65,5,20651.34,3351.96,0,0
2023-05-02,Mixer Grinder,Home Appliances,South,Store B,9,3517.16,20,25323.55,5679.89,1,0
2023-05-03,Laptop,Electronics,East,Store B,11,52569.68,0,578266.46,186080.28,1,0
2023-05-03,Smartphone,Electronics,West,Store B,14,26674.65,20,298756.11,66827.31,1,0
2023-05-03,Headphones,Electronics,South,Store A,6,2564.85,5,14619.66,3627.3,0,0
2023-05-03,Office Chair,Furniture,South,Store B,8,7764.18,10,55902.07,13503.69,0,0
2023-05-03,Study Table,Furniture,West,Store C,10,12681.68,15,107794.3,14786.51,1,0
2023-05-03,T-Shirt,Fashion,East,Store A,10,764.47,0,7644.7,1499.91,0,0
2023-05-03,Jeans,Fashion,North,Store A,10,1743.65,0,17436.52,5417.98,0,0
2023-05-03,Shoes,Fashion,East,Store B,15,2695.72,10,36392.29,7155.22,0,0
2023-05-03,Coffee Maker,Home Appliances,South,Store D,11,4519.44,15,42256.74,7569.04,1,0
2023-05-03,Mixer Grinder,Home Appliances,North,Store E,10,3486.67,0,34866.69,11740.08,1,0
2023-05-04,Laptop,Electronics,East,Store B,11,52361.59,0,575977.52,190045.6,0,0
2023-05-04,Smartphone,Electronics,North,Store C,11,25315.92,15,236703.85,37178.94,0,0
2023-05-04,Headphones,Electronics,North,Store C,3,2533.13,5,7219.43,1554.21,0,0
2023-05-04,Office Chair,Furniture,South,Store D,8,7544.45,15,51302.24,9024.28,0,0
2023-05-04,Study Table,Furniture,West,Store B,6,11729.97,0,70379.83,19962.53,0,0
2023-05-04,T-Shirt,Fashion,East,Store D,5,782.07,10,3519.33,964.19,0,0
2023-05-04,Jeans,Fashion,West,Store E,11,1783.45,0,19617.97,4337.4,1,0
2023-05-04,Shoes,Fashion,East,Store A,19,2462.5,15,39769.3,10589.54,1,0
2023-05-04,Coffee Maker,Home Appliances,South,Store E,6,4420.61,0,26523.63,9183.75,0,0
2023-05-04,Mixer Grinder,Home Appliances,North,Store B,4,3350.41,5,12731.54,1867.68,0,0
2023-05-05,Laptop,Electronics,West,Store B,15,54259.35,5,773195.73,239241.83,0,0
2023-05-05,Smartphone,Electronics,South,Store A,14,25288.97,20,283236.5,22950.97,0,0
2023-05-05,Headphones,Electronics,North,Store E,4,2566.44,0,10265.75,3808.1,0,0
2023-05-05,Office Chair,Furniture,West,Store D,5,7360.5,5,34962.4,9151.79,0,0
2023-05-05,Study Table,Furniture,North,Store C,9,11599.89,10,93959.11,19203.82,0,0
2023-05-05,T-Shirt,Fashion,South,Store B,10,806.44,10,7257.96,1700.06,0,0
2023-05-05,Jeans,Fashion,South,Store E,11,1778.54,0,19563.9,6601.23,0,0
2023-05-05,Shoes,Fashion,West,Store C,12,2628.24,5,29961.96,10299.84,1,0
2023-05-05,Coffee Maker,Home Appliances,South,Store C,5,4664.04,5,22154.21,5470.91,0,0
2023-05-05,Mixer Grinder,Home Appliances,North,Store D,1,3440.1,5,3268.09,737.57,0,0
2023-05-06,Laptop,Electronics,South,Store D,13,59136.27,0,768771.51,323957.42,0,0
2023-05-06,Smartphone,Electronics,West,Store E,16,24975.23,5,379623.47,73250.59,1,0
2023-05-06,Headphones,Electronics,West,Store C,10,2528.9,15,21495.65,3136.1,1,0
2023-05-06,Office Chair,Furniture,West,Store A,16,7171.62,0,114745.85,37422.32,1,0
2023-05-06,Study Table,Furniture,North,Store E,2,12322.66,15,20948.53,5001.6,0,0
2023-05-06,T-Shirt,Fashion,West,Store A,10,803.65,10,7232.81,1199.61,0,0
2023-05-06,Jeans,Fashion,East,Store E,8,1923.66,0,15389.25,6551.71,0,0
2023-05-06,Shoes,Fashion,West,Store B,16,2584.11,5,39278.47,12763.91,0,0
2023-05-06,Coffee Maker,Home Appliances,East,Store C,13,4469.32,5,55196.12,19999.18,0,0
2023-05-06,Mixer Grinder,Home Appliances,East,Store B,9,3446.75,0,31020.71,11709.31,0,0
2023-05-07,Laptop,Electronics,East,Store D,15,52773.2,10,712438.23,204150.69,1,0
2023-05-07,Smartphone,Electronics,East,Store B,10,26940.23,5,255932.23,68533.43,0,0
2023-05-07,Headphones,Electronics,East,Store B,14,2681.89,0,37546.41,16424.79,0,0
2023-05-07,Office Chair,Furniture,West,Store B,7,7222.17,0,50555.19,15095.7,0,0
2023-05-07,Study Table,Furniture,South,Store C,7,11850.57,10,74658.62,18074.42,1,0
2023-05-07,T-Shirt,Fashion,North,Store B,15,794.14,0,11912.14,4553.15,0,0
2023-05-07,Jeans,Fashion,West,Store A,17,1761.32,5,28445.31,5431.68,1,0
2023-05-07,Shoes,Fashion,East,Store E,18,2660.03,10,43092.49,8296.83,1,0
2023-05-07,Coffee Maker,Home Appliances,South,Store A,8,4384.5,5,33322.2,6534.15,0,0
2023-05-07,Mixer Grinder,Home Appliances,East,Store C,5,3503.03,20,14012.12,2188.7,0,0
2023-05-08,Laptop,Electronics,West,Store D,10,56836.35,0,568363.47,219954.21,0,0
2023-05-08,Smartphone,Electronics,South,Store D,5,24320.09,5,115520.41,37345.71,0,0
2023-05-08,Headphones,Electronics,East,Store C,7,2515.9,5,16730.75,4759.15,0,0
2023-05-08,Office Chair,Furniture,North,Store E,5,7582.51,5,36016.94,10065.5,0,0
2023-05-08,Study Table,Furniture,North,Store C,4,12600.6,0,50402.4,18836.52,0,0
2023-05-08,T-Shirt,Fashion,South,Store C,16,829.03,10,11938.09,3377.36,1,0
2023-05-08,Jeans,Fashion,East,Store A,13,1790.69,0,23278.97,8690.68,1,0
2023-05-08,Shoes,Fashion,West,Store D,9,2457.82,0,22120.42,8244.37,0,0
2023-05-08,Coffee Maker,Home Appliances,East,Store A,7,4750.81,5,31592.86,12132.93,0,0
2023-05-08,Mixer Grinder,Home Appliances,East,Store D,12,3761.23,0,45134.74,17839.4,0,0
2023-05-09,Laptop,Electronics,West,Store C,5,55406.77,20,221627.09,30976.94,0,0
2023-05-09,Smartphone,Electronics,East,Store A,13,26829.72,0,348786.37,102173.6,0,0
2023-05-09,Headphones,Electronics,South,Store C,12,2406.05,15,24541.7,5940.89,0,0
2023-05-09,Office Chair,Furniture,West,Store C,6,7876.18,5,44894.21,11241.88,0,0
2023-05-09,Study Table,Furniture,South,Store A,6,12289.72,0,73738.31,20975.97,0,0
2023-05-09,T-Shirt,Fashion,East,Store A,5,778.02,5,3695.58,1246.16,1,0
2023-05-09,Jeans,Fashion,West,Store B,6,1825.57,5,10405.73,2194.63,0,0
2023-05-09,Shoes,Fashion,East,Store B,15,2380.45,10,32136.03,4986.84,1,0
2023-05-09,Coffee Maker,Home Appliances,East,Store D,7,4464.69,15,26564.88,4301.22,0,0
2023-05-09,Mixer Grinder,Home Appliances,North,Store C,9,3692.5,20,26585.99,3661.26,0,0
2023-05-10,Laptop,Electronics,West,Store B,7,59280.29,5,394213.94,140425.81,0,0
2023-05-10,Smartphone,Electronics,South,Store C,6,26251.2,20,126005.76,10029.73,1,0
2023-05-10,Headphones,Electronics,East,Store E,11,2646.87,15,24748.23,4216.41,0,0
2023-05-10,Office Chair,Furniture,South,Store A,6,8083.93,10,43653.24,14688.67,1,0
2023-05-10,Study Table,Furniture,South,Store D,5,12460.9,0,62304.48,21907.1,0,0
2023-05-10,T-Shirt,Fashion,East,Store D,12,815.64,0,9787.66,3891.96,0,0
2023-05-10,Jeans,Fashion,South,Store C,18,1732.31,10,28063.44,6415.95,0,0
2023-05-10,Shoes,Fashion,South,Store D,16,2672.75,15,36349.33,9814.4,0,0
2023-05-10,Coffee Maker,Home Appliances,West,Store C,7,4565.52,15,27164.87,5178.95,0,0
2023-05-10,Mixer Grinder,Home Appliances,North,Store A,6,3765.9,10,20335.86,4812.34,0,0
2023-05-11,Laptop,Electronics,East,Store E,14,55932.68,5,743904.66,186058.02,1,0
2023-05-11,Smartphone,Electronics,South,Store B,7,25571.73,15,152151.78,35194.67,1,0
2023-05-11,Headphones,Electronics,East,Store D,8,2478.58,10,17845.76,3407.98,0,0
2023-05-11,Office Chair,Furniture,East,Store D,5,7988.15,5,37943.72,13002.98,0,0
2023-05-11,Study Table,Furniture,East,Store A,5,12135.33,5,57642.84,11315.24,0,0
2023-05-11,T-Shirt,Fashion,West,Store E,22,810.57,0,17832.6,6185.54,1,0
2023-05-11,Jeans,Fashion,South,Store C,14,1938.81,5,25786.24,10402.72,0,0
2023-05-11,Shoes,Fashion,East,Store A,12,2482.83,10,26814.62,3858.18,0,0
2023-05-11,Coffee Maker,Home Appliances,East,Store B,8,4566.66,5,34706.64,9650.68,0,0
2023-05-11,Mixer Grinder,Home Appliances,North,Store A,8,3673.34,5,27917.41,6663.12,0,0
2023-05-12,Laptop,Electronics,South,Store D,4,53049.7,0,212198.79,54844.47,0,0
2023-05-12,Smartphone,Electronics,South,Store D,14,24039.3,0,336550.23,109430.71,0,0
2023-05-12,Headphones,Electronics,East,Store B,14,2662.7,5,35413.9,12826.21,1,0
2023-05-12,Office Chair,Furniture,West,Store E,10,7884.72,15,67020.15,19445.04,1,0
2023-05-12,Study Table,Furniture,South,Store E,8,11921.45,10,85834.45,13006.45,0,0
2023-05-12,T-Shirt,Fashion,North,Store E,15,797.6,5,11365.76,2670.05,1,0
2023-05-12,Jeans,Fashion,West,Store E,17,1939.24,0,32967.02,9983.85,1,0
2023-05-12,Shoes,Fashion,South,Store C,11,2421.45,5,25304.1,6074.26,0,0
2023-05-12,Coffee Maker,Home Appliances,North,Store C,5,4722.55,0,23612.75,8471.99,0,0
2023-05-12,Mixer Grinder,Home Appliances,East,Store B,6,3760.83,10,20308.48,7112.0,0,0
2023-05-13,Laptop,Electronics,North,Store D,8,54988.21,0,439905.71,159776.74,0,0
2023-05-13,Smartphone,Electronics,West,Store B,12,25922.91,5,295521.2,94553.12,0,0
2023-05-13,Headphones,Electronics,West,Store A,12,2578.07,5,29389.97,6054.3,0,0
2023-05-13,Office Chair,Furniture,South,Store A,7,7218.29,10,45475.25,10624.59,1,0
2023-05-13,Study Table,Furniture,West,Store A,14,12851.93,5,170930.7,41934.08,1,0
2023-05-13,T-Shirt,Fashion,South,Store B,9,760.97,5,6506.28,2111.46,0,0
2023-05-13,Jeans,Fashion,East,Store B,13,1925.44,10,22527.62,7452.56,0,0
2023-05-13,Shoes,Fashion,East,Store E,19,2657.54,5,47968.52,16903.99,1,0
2023-05-13,Coffee Maker,Home Appliances,West,Store E,4,4816.84,5,18304.0,6359.78,0,0
2023-05-13,Mixer Grinder,Home Appliances,South,Store E,15,3729.86,20,44758.29,8309.71,0,0
2023-05-14,Laptop,Electronics,East,Store E,10,53594.08,5,509143.8,125598.71,0,0
2023-05-14,Smartphone,Electronics,South,Store C,13,24364.93,0,316744.08,85655.36,1,0
2023-05-14,Headphones,Electronics,East,Store D,12,2593.4,15,26452.64,3210.71,0,0
2023-05-14,Office Chair,Furniture,West,Store C,5,7451.87,5,35396.37,12887.46,0,0
2023-05-14,Study Table,Furniture,West,Store E,10,12051.67,5,114490.85,26070.41,0,0
2023-05-14,T-Shirt,Fashion,East,Store B,10,819.23,0,8192.33,2250.4,0,0
2023-05-14,Jeans,Fashion,North,Store E,12,1884.28,10,20350.26,6635.29,0,0
2023-05-14,Shoes,Fashion,North,Store C,18,2647.71,5,45275.78,15982.56,1,0
2023-05-14,Coffee Maker,Home Appliances,North,Store E,7,4499.84,5,29923.92,6837.24,0,0
2023-05-14,Mixer Grinder,Home Appliances,South,Store C,11,3596.34,10,35603.8,10118.69,1,0
2023-05-15,Laptop,Electronics,South,Store D,8,58654.57,5,445774.7,166871.51,0,0
2023-05-15,Smartphone,Electronics,West,Store B,7,25521.81,0,178652.7,64916.67,0,0
2023-05-15,Headphones,Electronics,South,Store D,12,2560.85,0,30730.17,12631.26,0,0
2023-05-15,Office Chair,Furniture,North,Store D,4,7879.02,20,25212.86,2682.9,0,0
2023-05-15,Study Table,Furniture,East,Store D,10,12450.64,5,118281.12,37166.3,0,0
2023-05-15,T-Shirt,Fashion,North,Store E,14,814.77,0,11406.8,3886.08,0,0
2023-05-15,Jeans,Fashion,East,Store D,7,1866.09,15,11103.25,1637.83,0,0
2023-05-15,Shoes,Fashion,West,Store A,13,2650.79,10,31014.21,9411.17,1,0
2023-05-15,Coffee Maker,Home Appliances,South,Store E,9,4594.92,0,41354.25,9784.86,0,0
2023-05-15,Mixer Grinder,Home Appliances,North,Store C,9,3760.85,10,30462.89,7199.05,0,0
2023-05-16,Laptop,Electronics,East,Store C,9,57331.42,0,515982.77,145009.06,1,0
2023-05-16,Smartphone,Electronics,South,Store A,8,25847.69,5,196442.41,42331.59,0,0
2023-05-16,Headphones,Electronics,East,Store C,13,2528.35,5,31225.11,6642.33,1,0
2023-05-16,Office Chair,Furniture,East,Store C,2,7693.04,10,13847.46,4460.53,0,0
2023-05-16,Study Table,Furniture,South,Store D,6,12750.39,5,72677.25,27522.5,1,0
2023-05-16,T-Shirt,Fashion,North,Store A,9,842.35,0,7581.15,2291.5,0,0
2023-05-16,Jeans,Fashion,South,Store B,9,1727.13,5,14766.98,3063.88,0,0
2023-05-16,Shoes,Fashion,North,Store B,5,2526.7,10,11370.16,3010.13,0,0
2023-05-16,Coffee Maker,Home Appliances,West,Store D,6,4560.73,10,24627.96,7762.72,0,0
2023-05-16,Mixer Grinder,Home Appliances,East,Store D,3,3580.03,0,10740.09,2803.0,0,0
2023-05-17,Laptop,Electronics,East,Store E,7,57044.65,15,339415.65,46434.43,0,0
2023-05-17,Smartphone,Electronics,South,Store A,7,24862.74,15,147933.31,34533.53,0,0
2023-05-17,Headphones,Electronics,West,Store B,5,2694.02,10,12123.1,3022.2,0,0
2023-05-17,Office Chair,Furniture,South,Store C,2,7200.65,5,13681.23,3070.31,0,0
2023-05-17,Study Table,Furniture,North,Store A,9,12141.56,0,109274.06,29874.16,0,0
2023-05-17,T-Shirt,Fashion,East,Store D,13,809.16,20,8415.31,677.62,1,0
2023-05-17,Jeans,Fashion,West,Store B,9,1727.56,5,14770.63,4713.08,0,0
2023-05-17,Shoes,Fashion,South,Store D,15,2511.69,10,33907.87,7970.0,1,0
2023-05-17,Coffee Maker,Home Appliances,East,Store A,5,4809.02,15,20438.34,6119.37,0,0
2023-05-17,Mixer Grinder,Home Appliances,North,Store D,6,3750.08,0,22500.47,8797.63,0,0
2023-05-18,Laptop,Electronics,South,Store E,11,52348.83,15,489461.55,67078.03,0,0
2023-05-18,Smartphone,Electronics,East,Store C,18,25643.52,0,461583.41,165912.16,0,0
2023-05-18,Headphones,Electronics,South,Store E,14,2558.83,20,28658.91,6850.17,1,0
2023-05-18,Office Chair,Furniture,South,Store D,5,7125.54,0,35627.7,9021.55,0,0
2023-05-18,Study Table,Furniture,East,Store C,17,12478.56,10,190922.01,56557.33,1,0
2023-05-18,T-Shirt,Fashion,West,Store D,11,861.83,5,9006.17,2975.25,1,0
2023-05-18,Jeans,Fashion,South,Store A,12,1926.84,10,20809.82,4552.65,0,0
2023-05-18,Shoes,Fashion,North,Store E,7,2467.93,0,17275.52,4453.6,0,0
2023-05-18,Coffee Maker,Home Appliances,South,Store A,7,4474.9,5,29758.06,9287.53,0,0
2023-05-18,Mixer Grinder,Home Appliances,East,Store B,5,3486.66,5,16561.65,4996.29,0,0
2023-05-19,Laptop,Electronics,North,Store C,5,52336.78,10,235515.52,46327.65,0,0
2023-05-19,Smartphone,Electronics,South,Store B,11,26762.79,5,279671.15,94951.45,1,0
2023-05-19,Headphones,Electronics,North,Store D,12,2504.19,10,27045.3,6758.85,0,0
2023-05-19,Office Chair,Furniture,North,Store C,9,7634.19,10,61836.97,17457.26,0,0
2023-05-19,Study Table,Furniture,West,Store B,5,12178.42,0,60892.1,16312.94,0,0
2023-05-19,T-Shirt,Fashion,East,Store D,13,791.25,0,10286.25,2655.74,0,0
2023-05-19,Jeans,Fashion,South,Store B,12,1744.48,10,18840.35,4330.93,1,0
2023-05-19,Shoes,Fashion,South,Store B,9,2604.51,0,23440.59,6160.57,0,0
2023-05-19,Coffee Maker,Home Appliances,North,Store C,8,4295.47,10,30927.42,4787.15,0,0
2023-05-19,Mixer Grinder,Home Appliances,South,Store D,7,3777.17,0,26440.16,9566.8,0,0
2023-05-20,Laptop,Electronics,North,Store A,11,57108.81,0,628196.93,205523.24,0,0
2023-05-20,Smartphone,Electronics,West,Store A,16,26905.56,10,387440.01,121073.83,0,0
2023-05-20,Headphones,Electronics,South,Store A,18,2587.14,0,46568.43,15303.33,1,0
2023-05-20,Office Chair,Furniture,South,Store B,8,7601.58,10,54731.37,17767.13,1,0
2023-05-20,Study Table,Furniture,North,Store A,2,12239.62,0,24479.24,6107.96,0,0
2023-05-20,T-Shirt,Fashion,East,Store A,12,806.81,10,8713.54,2626.32,0,0
2023-05-20,Jeans,Fashion,South,Store E,16,1864.06,20,23859.96,2214.97,0,0
2023-05-20,Shoes,Fashion,North,Store D,13,2626.84,0,34148.92,9429.03,0,0
2023-05-20,Coffee Maker,Home Appliances,South,Store D,5,4487.9,20,17951.62,1016.83,0,0
2023-05-20,Mixer Grinder,Home Appliances,East,Store A,8,3454.38,15,23489.76,3393.88,0,0
2023-05-21,Laptop,Electronics,North,Store B,9,57584.57,10,466435.0,109673.34,0,0
2023-05-21,Smartphone,Electronics,South,Store B,7,26801.09,10,168846.85,50385.96,0,0
2023-05-21,Headphones,Electronics,West,Store D,9,2440.92,10,19771.48,5035.54,0,0
2023-05-21,Office Chair,Furniture,North,Store E,7,7557.64,15,44967.97,7233.64,0,0
2023-05-21,Study Table,Furniture,West,Store A,9,11518.15,5,98480.22,33432.57,0,0
2023-05-21,T-Shirt,Fashion,West,Store C,12,803.24,10,8674.97,2702.95,0,0
2023-05-21,Jeans,Fashion,South,Store A,15,1735.35,15,22125.67,5524.0,0,0
2023-05-21,Shoes,Fashion,West,Store B,17,2553.58,10,39069.84,9270.39,0,0
2023-05-21,Coffee Maker,Home Appliances,West,Store A,16,4546.86,5,69112.31,13242.41,0,0
2023-05-21,Mixer Grinder,Home Appliances,South,Store E,6,3456.25,15,17626.87,4085.57,0,0
2023-05-22,Laptop,Electronics,East,Store C,16,52436.11,0,838977.78,273430.41,1,0
2023-05-22,Smartphone,Electronics,West,Store C,9,24545.64,20,176728.59,26485.58,1,0
2023-05-22,Headphones,Electronics,South,Store A,7,2597.63,10,16365.1,5242.13,0,0
2023-05-22,Office Chair,Furniture,South,Store A,7,7867.41,10,49564.69,10608.86,1,0
2023-05-22,Study Table,Furniture,East,Store C,5,12211.78,0,61058.9,15853.52,0,0
2023-05-22,T-Shirt,Fashion,East,Store A,13,806.7,20,8389.69,402.97,0,0
2023-05-22,Jeans,Fashion,West,Store A,9,1763.47,20,12697.01,2881.03,1,0
2023-05-22,Shoes,Fashion,West,Store D,15,2491.55,10,33635.96,6163.99,0,0
2023-05-22,Coffee Maker,Home Appliances,North,Store C,6,4733.81,10,25562.59,4878.29,1,0
2023-05-22,Mixer Grinder,Home Appliances,East,Store B,9,3616.64,10,29294.8,10051.14,0,0
2023-05-23,Laptop,Electronics,North,Store A,8,54342.06,0,434736.52,127034.74,0,0
2023-05-23,Smartphone,Electronics,West,Store D,7,26934.0,15,160257.29,34856.01,0,0
2023-05-23,Headphones,Electronics,North,Store D,6,2456.43,5,14001.64,4098.63,0,0
2023-05-23,Office Chair,Furniture,North,Store C,8,7606.63,0,60853.0,21867.77,1,0
2023-05-23,Study Table,Furniture,North,Store C,5,12348.94,0,61744.72,18018.91,0,0
2023-05-23,T-Shirt,Fashion,South,Store A,4,849.21,0,3396.83,1023.27,0,0
2023-05-23,Jeans,Fashion,North,Store E,19,1751.59,10,29952.13,8400.14,1,0
2023-05-23,Shoes,Fashion,West,Store B,8,2579.47,15,17540.41,4295.27,0,0
2023-05-23,Coffee Maker,Home Appliances,East,Store E,6,4438.04,0,26628.22,7849.96,1,0
2023-05-23,Mixer Grinder,Home Appliances,South,Store A,6,3363.47,5,19171.76,2847.16,0,0
2023-05-24,Laptop,Electronics,North,Store A,7,55534.33,5,369303.27,75404.45,0,0
2023-05-24,Smartphone,Electronics,West,Store D,4,26187.77,0,104751.09,41070.97,0,0
2023-05-24,Headphones,Electronics,South,Store B,10,2480.64,0,24806.42,8758.91,0,0
2023-05-24,Office Chair,Furniture,West,Store B,3,8058.05,0,24174.16,8803.97,0,0
2023-05-24,Study Table,Furniture,South,Store D,3,12365.89,0,37097.67,11482.74,0,0
2023-05-24,T-Shirt,Fashion,South,Store E,10,788.94,0,7889.38,1681.61,0,0
2023-05-24,Jeans,Fashion,East,Store A,16,1716.39,5,26089.18,6896.98,0,0
2023-05-24,Shoes,Fashion,West,Store A,15,2565.51,0,38482.63,15032.79,0,0
2023-05-24,Coffee Maker,Home Appliances,West,Store B,7,4749.03,0,33243.19,10034.68,0,0
2023-05-24,Mixer Grinder,Home Appliances,North,Store D,6,3546.84,5,20217.0,6176.16,0,0
2023-05-25,Laptop,Electronics,East,Store B,6,58322.08,10,314939.25,95975.63,0,0
2023-05-25,Smartphone,Electronics,East,Store A,15,24467.59,0,367013.9,93701.18,1,0
2023-05-25,Headphones,Electronics,South,Store C,14,2633.55,0,36869.73,13825.35,0,0
2023-05-25,Office Chair,Furniture,North,Store A,7,7228.39,15,43008.9,7693.97,0,0
2023-05-25,Study Table,Furniture,West,Store A,6,12759.16,5,72727.19,19554.91,0,0
2023-05-25,T-Shirt,Fashion,North,Store D,15,852.06,0,12780.9,5513.38,1,0
2023-05-25,Jeans,Fashion,North,Store E,7,1886.23,10,11883.22,3135.95,0,0
2023-05-25,Shoes,Fashion,West,Store B,14,2415.56,5,32126.99,10370.6,1,0
2023-05-25,Coffee Maker,Home Appliances,North,Store B,3,4431.63,0,13294.9,3805.19,0,0
2023-05-25,Mixer Grinder,Home Appliances,North,Store B,10,3544.41,0,35444.07,9974.04,1,0
2023-05-26,Laptop,Electronics,North,Store D,12,54597.43,10,589652.27,137577.78,0,0
2023-05-26,Smartphone,Electronics,West,Store B,10,25958.54,15,220647.62,60019.88,0,0
2023-05-26,Headphones,Electronics,West,Store D,11,2682.03,10,26552.1,9495.7,0,0
2023-05-26,Office Chair,Furniture,South,Store B,10,7694.89,0,76948.93,26013.76,0,0
2023-05-26,Study Table,Furniture,East,Store E,6,12142.92,15,61928.91,5927.37,0,0
2023-05-26,T-Shirt,Fashion,North,Store B,4,856.94,15,2913.61,422.27,0,0
2023-05-26,Jeans,Fashion,North,Store D,11,1717.25,5,17945.28,3251.77,1,0
2023-05-26,Shoes,Fashion,West,Store A,8,2644.78,5,20100.3,6853.42,0,0
2023-05-26,Coffee Maker,Home Appliances,South,Store A,10,4378.25,5,41593.41,9649.48,0,0
2023-05-26,Mixer Grinder,Home Appliances,North,Store C,6,3381.15,10,18258.21,3749.72,0,0
2023-05-27,Laptop,Electronics,South,Store E,13,52576.95,5,649325.27,98657.68,1,0
2023-05-27,Smartphone,Electronics,North,Store B,10,24660.86,10,221947.76,39795.43,1,0
2023-05-27,Headphones,Electronics,West,Store D,17,2537.83,10,38828.82,8705.46,0,0
2023-05-27,Office Chair,Furniture,South,Store A,7,7355.0,0,51485.02,19497.01,0,0
2023-05-27,Study Table,Furniture,North,Store A,10,12687.49,15,107843.68,28361.77,0,0
2023-05-27,T-Shirt,Fashion,West,Store A,15,813.41,0,12201.19,3103.2,1,0
2023-05-27,Jeans,Fashion,North,Store E,19,1846.19,10,31569.81,7166.7,0,0
2023-05-27,Shoes,Fashion,North,Store A,22,2639.49,0,58068.89,17798.66,1,0
2023-05-27,Coffee Maker,Home Appliances,West,Store D,8,4791.33,0,38330.65,15287.6,0,0
2023-05-27,Mixer Grinder,Home Appliances,North,Store B,7,3595.5,0,25168.48,6570.67,0,0
2023-05-28,Laptop,Electronics,South,Store C,11,57303.94,0,630343.31,165253.13,1,0
2023-05-28,Smartphone,Electronics,North,Store C,9,24996.38,5,213719.06,78661.32,0,0
2023-05-28,Headphones,Electronics,South,Store D,14,2510.71,0,35149.91,9956.22,0,0
2023-05-28,Office Chair,Furniture,West,Store E,9,7521.63,15,57540.49,13764.26,1,0
2023-05-28,Study Table,Furniture,East,Store D,5,11488.48,5,54570.26,12218.86,0,0
2023-05-28,T-Shirt,Fashion,West,Store C,13,775.12,0,10076.51,2943.72,0,0
2023-05-28,Jeans,Fashion,South,Store B,18,1757.12,15,26883.93,7217.07,1,0
2023-05-28,Shoes,Fashion,West,Store C,11,2508.24,0,27590.63,8709.93,0,0
2023-05-28,Coffee Maker,Home Appliances,West,Store E,10,4280.78,10,38527.04,8788.51,1,0
2023-05-28,Mixer Grinder,Home Appliances,West,Store C,12,3593.68,0,43124.18,16777.53,1,0
2023-05-29,Laptop,Electronics,East,Store E,13,56091.0,0,729183.06,191315.78,0,0
2023-05-29,Smartphone,Electronics,South,Store A,16,25485.21,5,387375.27,79753.17,1,0
2023-05-29,Headphones,Electronics,North,Store D,10,2426.37,15,20624.14,5526.76,0,0
2023-05-29,Office Chair,Furniture,West,Store E,7,7343.87,10,46266.37,14119.49,0,0
2023-05-29,Study Table,Furniture,South,Store D,6,12302.08,15,62740.59,7984.6,0,0
2023-05-29,T-Shirt,Fashion,East,Store B,13,759.17,0,9869.22,2927.03,1,0
2023-05-29,Jeans,Fashion,East,Store B,11,1853.45,0,20387.99,5123.66,0,0
2023-05-29,Shoes,Fashion,West,Store A,10,2470.25,0,24702.5,5721.13,0,0
2023-05-29,Coffee Maker,Home Appliances,North,Store C,9,4543.77,5,38849.26,10008.49,1,0
2023-05-29,Mixer Grinder,Home Appliances,East,Store A,8,3666.32,20,23464.45,3483.33,0,0
2023-05-30,Laptop,Electronics,West,Store C,10,59341.9,5,563748.08,228340.55,0,0
2023-05-30,Smartphone,Electronics,South,Store B,10,26177.26,10,235595.31,62657.79,0,0
2023-05-30,Headphones,Electronics,North,Store A,12,2472.12,20,23732.32,3979.39,1,0
2023-05-30,Office Chair,Furniture,North,Store A,9,7489.98,15,57298.34,6487.01,1,0
2023-05-30,Study Table,Furniture,West,Store C,5,11482.34,10,51670.54,13723.61,0,0
2023-05-30,T-Shirt,Fashion,East,Store E,14,830.1,10,10459.2,1807.82,0,0
2023-05-30,Jeans,Fashion,West,Store B,7,1832.04,0,12824.28,4742.31,0,0
2023-05-30,Shoes,Fashion,West,Store C,9,2390.06,0,21510.54,4168.19,0,0
2023-05-30,Coffee Maker,Home Appliances,East,Store E,11,4576.14,5,47820.71,10753.09,1,0
2023-05-30,Mixer Grinder,Home Appliances,North,Store D,10,3334.45,0,33344.49,9852.7,0,0
2023-05-31,Laptop,Electronics,East,Store E,12,53790.83,0,645490.0,246546.83,1,0
2023-05-31,Smartphone,Electronics,East,Store C,13,24860.25,10,290864.95,94176.36,0,0
2023-05-31,Headphones,Electronics,North,Store A,10,2485.86,0,24858.65,8978.97,0,0
2023-05-31,Office Chair,Furniture,North,Store A,6,7829.92,10,42281.59,12253.49,0,0
2023-05-31,Study Table,Furniture,North,Store B,8,12719.65,10,91581.51,27819.88,0,0
2023-05-31,T-Shirt,Fashion,East,Store B,17,764.01,0,12988.14,2908.34,1,0
2023-05-31,Jeans,Fashion,North,Store A,4,1909.99,10,6875.95,1370.6,0,0
2023-05-31,Shoes,Fashion,South,Store E,14,2668.08,5,35485.53,9519.34,0,0
2023-05-31,Coffee Maker,Home Appliances,East,Store A,7,4645.8,10,29268.56,7946.07,0,0
2023-05-31,Mixer Grinder,Home Appliances,West,Store E,13,3770.33,20,39211.44,10844.91,1,0
2023-06-01,Laptop,Electronics,East,Store B,9,55926.32,15,427836.34,69936.79,0,0
2023-06-01,Smartphone,Electronics,West,Store E,5,25650.15,5,121838.19,45338.22,0,0
2023-06-01,Headphones,Electronics,West,Store D,14,2407.42,5,32018.74,6049.87,0,0
2023-06-01,Office Chair,Furniture,West,Store B,2,7661.25,0,15322.5,4725.7,0,0
2023-06-01,Study Table,Furniture,West,Store C,11,12433.5,15,116253.2,29266.41,1,0
2023-06-01,T-Shirt,Fashion,North,Store A,23,830.47,20,15280.56,4140.69,1,0
2023-06-01,Jeans,Fashion,East,Store B,10,1800.91,20,14407.31,742.92,0,0
2023-06-01,Shoes,Fashion,West,Store C,5,2636.27,5,12522.3,3763.79,0,0
2023-06-01,Coffee Maker,Home Appliances,East,Store D,16,4637.17,0,74194.67,23420.21,1,0
2023-06-01,Mixer Grinder,Home Appliances,North,Store A,7,3361.43,15,20000.5,1681.27,0,0
2023-06-02,Laptop,Electronics,South,Store D,4,57725.65,15,196267.22,56468.35,0,0
2023-06-02,Smartphone,Electronics,East,Store C,9,23880.48,0,214924.32,73171.13,0,0
2023-06-02,Headphones,Electronics,West,Store A,7,2657.85,0,18604.94,5145.73,0,0
2023-06-02,Office Chair,Furniture,South,Store E,7,8013.89,15,47682.65,10438.19,0,0
2023-06-02,Study Table,Furniture,East,Store C,10,11781.01,10,106029.12,14511.73,0,0
2023-06-02,T-Shirt,Fashion,East,Store C,14,847.42,20,9491.05,2186.24,0,0
2023-06-02,Jeans,Fashion,West,Store B,20,1837.29,5,34908.48,12718.75,0,0
2023-06-02,Shoes,Fashion,West,Store D,19,2556.62,0,48575.76,15490.57,0,0
2023-06-02,Coffee Maker,Home Appliances,North,Store A,12,4688.92,0,56267.02,16732.5,0,0
2023-06-02,Mixer Grinder,Home Appliances,North,Store A,9,3682.0,15,28167.33,9144.06,1,0
2023-06-03,Laptop,Electronics,North,Store B,12,57684.26,0,692211.08,271645.43,0,0
2023-06-03,Smartphone,Electronics,West,Store C,6,25853.43,0,155120.58,60776.73,0,0
2023-06-03,Headphones,Electronics,North,Store D,11,2678.21,5,27987.26,7924.45,0,0
2023-06-03,Office Chair,Furniture,North,Store E,11,7680.99,0,84490.91,31476.58,0,0
2023-06-03,Study Table,Furniture,South,Store D,12,12901.13,10,139332.23,45141.27,0,0
2023-06-03,T-Shirt,Fashion,North,Store A,22,762.77,0,16780.93,3603.38,1,0
2023-06-03,Jeans,Fashion,West,Store E,12,1878.96,10,20292.8,3793.77,0,0
2023-06-03,Shoes,Fashion,West,Store B,21,2667.12,5,53209.06,15572.47,1,0
2023-06-03,Coffee Maker,Home Appliances,West,Store E,8,4464.88,0,35719.02,11461.64,0,0
2023-06-03,Mixer Grinder,Home Appliances,East,Store E,17,3532.36,5,57047.55,10667.94,0,0
2023-06-04,Laptop,Electronics,North,Store C,15,54355.18,10,733794.93,157322.13,0,0
2023-06-04,Smartphone,Electronics,West,Store B,16,25919.14,20,331765.01,21787.19,0,0
2023-06-04,Headphones,Electronics,East,Store E,10,2436.12,0,24361.16,9342.89,0,0
2023-06-04,Office Chair,Furniture,South,Store B,9,7125.83,20,51305.99,8409.94,0,0
2023-06-04,Study Table,Furniture,West,Store E,5,12782.19,15,54324.31,16065.14,0,0
2023-06-04,T-Shirt,Fashion,North,Store A,12,805.79,15,8219.02,2255.08,0,0
2023-06-04,Jeans,Fashion,North,Store A,7,1740.04,5,11571.25,2061.4,0,0
2023-06-04,Shoes,Fashion,North,Store C,20,2418.38,20,38694.06,3593.36,0,0
2023-06-04,Coffee Maker,Home Appliances,East,Store B,12,4570.9,0,54850.79,16559.6,0,0
2023-06-04,Mixer Grinder,Home Appliances,East,Store E,8,3499.02,10,25192.93,5963.17,0,0
2023-06-05,Laptop,Electronics,East,Store D,11,54835.9,0,603194.94,220367.79,0,0
2023-06-05,Smartphone,Electronics,East,Store E,8,24719.65,20,158205.76,16056.07,0,0
2023-06-05,Headphones,Electronics,North,Store B,5,2530.08,5,12017.89,3544.81,0,0
2023-06-05,Office Chair,Furniture,North,Store D,5,8041.08,10,36184.84,9289.56,0,0
2023-06-05,Study Table,Furniture,North,Store D,5,11582.39,10,52120.73,7800.29,0,0
2023-06-05,T-Shirt,Fashion,North,Store A,14,822.44,10,10362.71,3308.83,0,0
2023-06-05,Jeans,Fashion,West,Store D,13,1713.15,0,22271.0,5207.63,0,0
2023-06-05,Shoes,Fashion,South,Store C,8,2492.99,5,18946.74,5376.0,0,0
2023-06-05,Coffee Maker,Home Appliances,East,Store A,10,4559.41,10,41034.66,11460.9,0,0
2023-06-05,Mixer Grinder,Home Appliances,South,Store C,2,3438.12,10,6188.61,1524.0,0,0
2023-06-06,Laptop,Electronics,East,Store B,6,52628.63,0,315771.8,82428.3,0,0
2023-06-06,Smartphone,Electronics,North,Store E,13,24514.26,10,286816.79,47729.91,1,0
2023-06-06,Headphones,Electronics,North,Store B,15,2498.37,20,29980.42,3169.69,1,0
2023-06-06,Office Chair,Furniture,West,Store D,8,7362.73,5,55956.73,16186.49,1,0
2023-06-06,Study Table,Furniture,North,Store C,7,12922.23,0,90455.62,34443.18,0,0
2023-06-06,T-Shirt,Fashion,East,Store B,12,809.07,0,9708.87,3255.08,0,0
2023-06-06,Jeans,Fashion,East,Store C,15,1743.4,15,22228.34,4921.45,1,0
2023-06-06,Shoes,Fashion,North,Store D,10,2545.87,0,25458.72,8586.75,0,0
2023-06-06,Coffee Maker,Home Appliances,North,Store B,8,4837.36,5,36763.93,13053.73,1,0
2023-06-06,Mixer Grinder,Home Appliances,North,Store E,6,3664.91,0,21989.46,7059.87,0,0
2023-06-07,Laptop,Electronics,East,Store D,7,52283.18,0,365982.27,134320.85,0,0
2023-06-07,Smartphone,Electronics,East,Store A,10,24205.08,15,205743.21,37706.65,0,0
2023-06-07,Headphones,Electronics,West,Store E,17,2669.54,5,43113.01,10493.13,0,0
2023-06-07,Office Chair,Furniture,South,Store A,5,7729.9,5,36717.04,13743.8,1,0
2023-06-07,Study Table,Furniture,South,Store A,5,11463.97,10,51587.85,6631.22,0,0
2023-06-07,T-Shirt,Fashion,North,Store C,17,850.31,0,14455.33,6206.09,0,0
2023-06-07,Jeans,Fashion,East,Store A,15,1893.25,5,26978.76,10653.09,1,0
2023-06-07,Shoes,Fashion,North,Store B,13,2408.36,5,29743.27,5969.18,0,0
2023-06-07,Coffee Maker,Home Appliances,North,Store E,7,4689.12,10,29541.44,9605.87,0,0
2023-06-07,Mixer Grinder,Home Appliances,West,Store E,6,3541.19,0,21247.15,7053.2,1,0
2023-06-08,Laptop,Electronics,South,Store C,9,59036.04,10,478191.96,93007.63,0,0
2023-06-08,Smartphone,Electronics,East,Store C,10,25337.67,0,253376.69,66357.29,0,0
2023-06-08,Headphones,Electronics,North,Store E,9,2646.42,5,22626.86,8347.16,0,0
2023-06-08,Office Chair,Furniture,North,Store A,8,7640.93,5,58071.1,16515.08,0,0
2023-06-08,Study Table,Furniture,West,Store A,10,12780.73,5,121416.95,28791.47,0,0
2023-06-08,T-Shirt,Fashion,West,Store D,17,788.95,0,13412.2,3047.24,1,0
2023-06-08,Jeans,Fashion,East,Store D,12,1829.63,0,21955.58,8389.82,0,0
2023-06-08,Shoes,Fashion,North,Store E,6,2655.05,10,14337.28,3893.32,0,0
2023-06-08,Coffee Maker,Home Appliances,North,Store D,6,4708.94,15,24015.61,3291.74,0,0
2023-06-08,Mixer Grinder,Home Appliances,West,Store A,9,3511.96,0,31607.64,12576.73,0,0
2023-06-09,Laptop,Electronics,North,Store C,6,55221.25,5,314761.15,109765.97,0,0
2023-06-09,Smartphone,Electronics,South,Store C,13,25832.38,0,335820.98,93236.18,1,0
2023-06-09,Headphones,Electronics,West,Store D,8,2690.87,0,21526.95,6944.57,0,0
2023-06-09,Office Chair,Furniture,East,Store A,9,7600.23,0,68402.03,17546.24,0,0
2023-06-09,Study Table,Furniture,North,Store E,6,12384.57,0,74307.44,29510.17,1,0
2023-06-09,T-Shirt,Fashion,North,Store B,12,828.79,0,9945.45,2796.6,0,0
2023-06-09,Jeans,Fashion,North,Store A,8,1819.34,0,14554.73,4294.38,0,0
2023-06-09,Shoes,Fashion,West,Store A,14,2513.96,10,31675.93,9962.13,0,0
2023-06-09,Coffee Maker,Home Appliances,South,Store C,5,4525.76,5,21497.35,7050.18,0,0
2023-06-09,Mixer Grinder,Home Appliances,East,Store A,7,3486.04,5,23182.15,6913.24,0,0
2023-06-10,Laptop,Electronics,West,Store A,11,53943.94,20,474706.7,52943.74,0,0
2023-06-10,Smartphone,Electronics,North,Store A,7,26324.7,0,184272.91,77318.49,0,0
2023-06-10,Headphones,Electronics,West,Store E,11,2686.18,0,29548.03,8331.33,0,0
2023-06-10,Office Chair,Furniture,North,Store D,11,7603.87,0,83642.62,27916.95,1,0
2023-06-10,Study Table,Furniture,West,Store A,7,12869.21,5,85580.27,26522.3,0,0
2023-06-10,T-Shirt,Fashion,East,Store E,18,798.6,0,14374.84,3407.45,1,0
2023-06-10,Jeans,Fashion,East,Store B,12,1737.2,20,16677.15,3261.52,0,0
2023-06-10,Shoes,Fashion,North,Store E,20,2494.33,0,49886.53,12622.76,0,0
2023-06-10,Coffee Maker,Home Appliances,West,Store C,7,4353.32,5,28949.55,5401.63,0,0
2023-06-10,Mixer Grinder,Home Appliances,South,Store B,6,3407.7,10,18401.55,5431.06,0,0
2023-06-11,Laptop,Electronics,West,Store C,10,54134.56,5,514278.3,108942.93,0,0
2023-06-11,Smartphone,Electronics,South,Store D,10,24800.55,10,223204.97,30986.73,0,0
2023-06-11,Headphones,Electronics,North,Store C,12,2491.67,5,28404.99,7493.9,1,0
2023-06-11,Office Chair,Furniture,North,Store A,4,7482.55,10,26937.17,6495.96,0,0
2023-06-11,Study Table,Furniture,East,Store A,8,12505.42,15,85036.87,26868.17,0,0
2023-06-11,T-Shirt,Fashion,East,Store A,21,834.43,10,15770.68,3613.2,1,0
2023-06-11,Jeans,Fashion,North,Store D,12,1913.99,10,20671.11,6660.51,0,0
2023-06-11,Shoes,Fashion,South,Store E,19,2695.92,10,46100.21,10573.9,1,0
2023-06-11,Coffee Maker,Home Appliances,South,Store D,7,4669.46,20,26148.98,1966.35,0,0
2023-06-11,Mixer Grinder,Home Appliances,South,Store B,9,3416.87,5,29214.21,5810.28,0,0
2023-06-12,Laptop,Electronics,North,Store D,6,58002.41,20,278411.58,26287.28,1,0
2023-06-12,Smartphone,Electronics,South,Store B,7,24377.61,0,170643.26,58713.35,0,0
2023-06-12,Headphones,Electronics,North,Store D,8,2667.89,10,19208.83,4217.97,1,0
2023-06-12,Office Chair,Furniture,East,Store D,7,7789.69,5,51801.41,11685.14,1,0
2023-06-12,Study Table,Furniture,West,Store C,13,12509.35,0,162621.58,53962.04,1,0
2023-06-12,T-Shirt,Fashion,South,Store D,12,779.12,10,8414.47,2607.14,1,0
2023-06-12,Jeans,Fashion,East,Store B,11,1808.19,0,19890.09,4756.95,0,0
2023-06-12,Shoes,Fashion,North,Store A,12,2692.4,0,32308.75,12121.37,0,0
2023-06-12,Coffee Maker,Home Appliances,West,Store A,8,4826.36,0,38610.9,10631.1,0,0
2023-06-12,Mixer Grinder,Home Appliances,East,Store B,7,3527.79,0,24694.53,5990.98,0,0
2023-06-13,Laptop,Electronics,North,Store E,11,54343.61,0,597779.73,159250.78,0,0
2023-06-13,Smartphone,Electronics,South,Store D,11,24326.7,5,254214.01,61222.44,0,0
2023-06-13,Headphones,Electronics,West,Store E,13,2560.86,0,33291.17,9570.58,0,0
2023-06-13,Office Chair,Furniture,West,Store A,6,7221.81,0,43330.87,10646.65,1,0
2023-06-13,Study Table,Furniture,South,Store C,8,12556.09,5,95426.31,32311.58,0,0
2023-06-13,T-Shirt,Fashion,West,Store C,9,791.76,0,7125.84,2044.09,0,0
2023-06-13,Jeans,Fashion,South,Store E,9,1840.17,0,16561.54,6497.54,0,0
2023-06-13,Shoes,Fashion,North,Store C,5,2644.03,5,12559.16,4839.75,0,0
2023-06-13,Coffee Maker,Home Appliances,South,Store B,7,4575.84,10,28827.78,9419.31,0,0
2023-06-13,Mixer Grinder,Home Appliances,West,Store B,7,3758.43,10,23678.09,7813.36,0,0
2023-06-14,Laptop,Electronics,South,Store C,6,54700.55,0,328203.29,99897.87,0,0
2023-06-14,Smartphone,Electronics,West,Store B,11,24931.0,0,274240.96,66716.61,0,0
2023-06-14,Headphones,Electronics,South,Store B,9,2474.81,0,22273.33,6351.35,0,0
2023-06-14,Office Chair,Furniture,West,Store B,9,7722.66,5,66028.75,19840.32,0,0
2023-06-14,Study Table,Furniture,East,Store A,12,11642.97,5,132729.8,43010.01,1,0
2023-06-14,T-Shirt,Fashion,South,Store E,16,770.86,0,12333.69,2929.4,0,0
2023-06-14,Jeans,Fashion,East,Store B,12,1780.57,5,20298.55,3726.85,0,0
2023-06-14,Shoes,Fashion,East,Store B,15,2406.37,5,34290.71,7352.82,1,0
2023-06-14,Coffee Maker,Home Appliances,North,Store E,8,4426.65,0,35413.19,11810.0,0,0
2023-06-14,Mixer Grinder,Home Appliances,West,Store B,6,3494.24,0,20965.44,8054.09,0,0
2023-06-15,Laptop,Electronics,East,Store D,5,53758.05,0,268790.27,65974.47,0,0
2023-06-15,Smartphone,Electronics,North,Store E,9,26154.33,10,211850.1,76456.0,0,0
2023-06-15,Headphones,Electronics,East,Store A,9,2521.24,0,22691.13,8554.62,0,0
2023-06-15,Office Chair,Furniture,West,Store D,3,7582.03,10,20471.49,4948.93,0,0
2023-06-15,Study Table,Furniture,West,Store D,7,12715.64,5,84559.03,27562.67,1,0
2023-06-15,T-Shirt,Fashion,West,Store D,15,822.17,0,12332.61,3899.2,1,0
2023-06-15,Jeans,Fashion,East,Store C,16,1898.58,0,30377.35,11552.74,1,0
2023-06-15,Shoes,Fashion,South,Store D,10,2541.96,10,22877.63,3883.71,1,0
2023-06-15,Coffee Maker,Home Appliances,North,Store D,9,4594.28,5,39281.09,11613.25,0,0
2023-06-15,Mixer Grinder,Home Appliances,North,Store B,8,3467.6,20,22192.65,844.29,1,0
2023-06-16,Laptop,Electronics,East,Store E,8,54344.28,15,369541.07,47635.49,0,0
2023-06-16,Smartphone,Electronics,West,Store A,11,24111.3,20,212179.44,17963.79,0,0
2023-06-16,Headphones,Electronics,East,Store C,15,2496.46,0,37446.95,14009.77,1,0
2023-06-16,Office Chair,Furniture,East,Store E,6,7614.51,0,45687.04,13929.77,0,0
2023-06-16,Study Table,Furniture,South,Store E,6,12567.07,10,67862.17,22213.66,0,0
2023-06-16,T-Shirt,Fashion,West,Store C,9,855.18,10,6926.93,2536.44,0,0
2023-06-16,Jeans,Fashion,West,Store B,8,1733.0,5,13170.81,2870.67,0,0
2023-06-16,Shoes,Fashion,East,Store E,12,2591.84,10,27991.82,8504.86,0,0
2023-06-16,Coffee Maker,Home Appliances,South,Store E,8,4741.14,15,32239.72,9650.01,1,0
2023-06-16,Mixer Grinder,Home Appliances,North,Store B,15,3389.54,5,48300.97,10265.07,1,0
2023-06-17,Laptop,Electronics,West,Store E,18,58250.09,10,943651.39,214368.63,1,0
2023-06-17,Smartphone,Electronics,East,Store C,14,25505.35,0,357074.89,108568.86,1,0
2023-06-17,Headphones,Electronics,South,Store C,12,2622.9,0,31474.75,12823.92,1,0
2023-06-17,Office Chair,Furniture,East,Store C,6,7263.17,10,39221.13,8432.5,0,0
2023-06-17,Study Table,Furniture,East,Store C,10,11470.37,10,103233.33,22905.17,0,0
2023-06-17,T-Shirt,Fashion,East,Store D,30,831.73,15,21209.05,2653.16,1,0
2023-06-17,Jeans,Fashion,West,Store E,16,1767.82,0,28285.19,6239.07,0,0
2023-06-17,Shoes,Fashion,East,Store E,6,2537.64,0,15225.85,3942.03,1,0
2023-06-17,Coffee Maker,Home Appliances,West,Store C,11,4277.3,15,39992.72,7047.45,0,0
2023-06-17,Mixer Grinder,Home Appliances,North,Store C,9,3423.92,10,27733.79,7565.55,1,0
2023-06-18,Laptop,Electronics,East,Store E,13,55331.44,0,719308.74,247583.31,0,0
2023-06-18,Smartphone,Electronics,South,Store E,13,24850.44,0,323055.74,81577.15,0,0
2023-06-18,Headphones,Electronics,West,Store E,21,2521.63,15,45011.12,5328.5,1,0
2023-06-18,Office Chair,Furniture,West,Store B,8,7882.8,5,59909.26,15956.25,0,0
2023-06-18,Study Table,Furniture,South,Store B,3,12406.62,0,37219.85,15263.57,0,0
2023-06-18,T-Shirt,Fashion,North,Store B,16,762.99,0,12207.89,3413.31,0,0
2023-06-18,Jeans,Fashion,South,Store D,17,1769.26,0,30077.41,6631.89,1,0
2023-06-18,Shoes,Fashion,West,Store A,13,2574.83,10,30125.53,6507.44,0,0
2023-06-18,Coffee Maker,Home Appliances,North,Store A,12,4591.76,15,46835.97,5628.31,1,0
2023-06-18,Mixer Grinder,Home Appliances,South,Store E,14,3500.12,5,46551.6,10247.88,0,0
2023-06-19,Laptop,Electronics,South,Store C,10,56392.45,0,563924.5,228120.26,1,0
2023-06-19,Smartphone,Electronics,North,Store A,8,24053.23,10,173183.25,37434.19,1,0
2023-06-19,Headphones,Electronics,North,Store B,11,2432.49,10,24081.62,6325.56,0,0
2023-06-19,Office Chair,Furniture,North,Store A,6,7867.28,5,44843.5,11190.14,0,0
2023-06-19,Study Table,Furniture,North,Store D,5,11784.86,15,50085.66,9433.23,0,0
2023-06-19,T-Shirt,Fashion,North,Store A,16,795.87,5,12097.24,2556.13,1,0
2023-06-19,Jeans,Fashion,West,Store C,16,1843.26,10,26543.01,8266.25,0,0
2023-06-19,Shoes,Fashion,East,Store B,10,2375.44,5,22566.67,5234.6,1,0
2023-06-19,Coffee Maker,Home Appliances,West,Store D,8,4815.68,5,36599.19,13709.01,0,0
2023-06-19,Mixer Grinder,Home Appliances,East,Store D,5,3386.18,5,16084.37,3955.02,0,0
2023-06-20,Laptop,Electronics,North,Store B,10,57728.13,10,519553.21,158413.3,1,0
2023-06-20,Smartphone,Electronics,East,Store E,11,26562.47,0,292187.18,86477.17,0,0
2023-06-20,Headphones,Electronics,East,Store B,7,2546.29,15,15150.42,1973.54,0,0
2023-06-20,Office Chair,Furniture,East,Store E,9,7197.1,0,64773.9,13510.22,1,0
2023-06-20,Study Table,Furniture,West,Store A,1,11414.39,0,11414.39,3717.43,0,0
2023-06-20,T-Shirt,Fashion,East,Store B,6,760.61,20,3650.93,335.95,0,0
2023-06-20,Jeans,Fashion,South,Store C,10,1819.66,10,16376.91,5421.61,0,0
2023-06-20,Shoes,Fashion,South,Store B,8,2692.91,10,19388.96,3988.38,0,0
2023-06-20,Coffee Maker,Home Appliances,South,Store E,1,4826.95,20,3861.56,769.8,0,0
2023-06-20,Mixer Grinder,Home Appliances,West,Store A,7,3355.29,0,23487.03,7954.69,0,0
2023-06-21,Laptop,Electronics,North,Store D,8,55870.74,15,379921.01,55221.73,0,0
2023-06-21,Smartphone,Electronics,North,Store B,8,24678.87,0,197430.98,66465.81,0,0
2023-06-21,Headphones,Electronics,West,Store D,10,2515.51,10,22639.59,3472.4,1,0
2023-06-21,Office Chair,Furniture,West,Store C,8,7849.8,0,62798.41,18742.75,0,0
2023-06-21,Study Table,Furniture,South,Store D,6,11862.23,20,56938.71,10624.35,0,0
2023-06-21,T-Shirt,Fashion,West,Store E,17,821.39,5,13265.53,4459.67,0,0
2023-06-21,Jeans,Fashion,South,Store B,16,1938.63,0,31018.11,11193.5,1,0
2023-06-21,Shoes,Fashion,East,Store E,17,2409.87,10,36870.94,9323.85,0,0
2023-06-21,Coffee Maker,Home Appliances,East,Store B,5,4346.58,5,20646.27,3897.7,0,0
2023-06-21,Mixer Grinder,Home Appliances,East,Store A,7,3562.62,5,23691.43,8756.24,0,0
2023-06-22,Laptop,Electronics,West,Store C,11,57633.95,10,570576.07,127575.86,1,0
2023-06-22,Smartphone,Electronics,South,Store E,11,26562.46,0,292187.01,125035.32,0,0
2023-06-22,Headphones,Electronics,East,Store D,13,2417.1,5,29851.25,5252.4,1,0
2023-06-22,Office Chair,Furniture,West,Store A,7,7839.89,0,54879.22,19960.43,0,0
2023-06-22,Study Table,Furniture,North,Store D,8,12381.58,5,94100.02,19312.4,0,0
2023-06-22,T-Shirt,Fashion,North,Store D,16,792.25,5,12042.26,3305.88,1,0
2023-06-22,Jeans,Fashion,North,Store B,15,1738.31,0,26074.66,7925.8,0,0
2023-06-22,Shoes,Fashion,South,Store E,15,2586.99,10,34924.38,7253.2,0,0
2023-06-22,Coffee Maker,Home Appliances,East,Store A,6,4518.65,5,25756.29,4864.0,1,0
2023-06-22,Mixer Grinder,Home Appliances,East,Store A,13,3706.93,0,48190.07,14645.85,0,0
2023-06-23,Laptop,Electronics,West,Store A,9,54487.87,5,465871.31,154563.02,1,0
2023-06-23,Smartphone,Electronics,East,Store A,6,26936.5,20,129295.2,12399.13,0,0
2023-06-23,Headphones,Electronics,West,Store B,7,2594.95,0,18164.65,5345.42,0,0
2023-06-23,Office Chair,Furniture,North,Store A,14,7200.1,0,100801.41,30272.39,1,0
2023-06-23,Study Table,Furniture,South,Store B,8,12894.66,5,97999.39,39296.85,1,0
2023-06-23,T-Shirt,Fashion,South,Store E,7,784.65,5,5217.95,1347.34,0,0
2023-06-23,Jeans,Fashion,North,Store B,13,1840.36,10,21532.16,3997.37,0,0
2023-06-23,Shoes,Fashion,North,Store D,17,2653.92,0,45116.69,12722.93,1,0
2023-06-23,Coffee Maker,Home Appliances,West,Store A,7,4417.06,10,27827.45,6314.64,1,0
2023-06-23,Mixer Grinder,Home Appliances,East,Store A,5,3360.88,0,16804.4,3479.23,1,0
2023-06-24,Laptop,Electronics,North,Store E,24,53185.44,5,1212627.98,388064.41,1,0
2023-06-24,Smartphone,Electronics,West,Store B,19,25242.4,5,455625.28,85528.55,1,0
2023-06-24,Headphones,Electronics,South,Store C,10,2446.42,0,24464.18,7891.95,0,0
2023-06-24,Office Chair,Furniture,West,Store A,10,7790.12,5,74006.13,21261.45,0,0
2023-06-24,Study Table,Furniture,South,Store E,4,12464.05,0,49856.2,15723.38,1,0
2023-06-24,T-Shirt,Fashion,West,Store D,15,859.44,10,11602.39,3609.78,1,0
2023-06-24,Jeans,Fashion,West,Store D,14,1934.66,10,24376.66,5716.78,0,0
2023-06-24,Shoes,Fashion,East,Store A,10,2432.13,20,19457.03,2163.49,0,0
2023-06-24,Coffee Maker,Home Appliances,East,Store B,15,4416.75,5,62938.67,11615.96,1,0
2023-06-24,Mixer Grinder,Home Appliances,North,Store B,6,3729.65,15,19021.21,2756.64,0,0
2023-06-25,Laptop,Electronics,South,Store B,12,58293.55,10,629570.34,232421.25,0,0
2023-06-25,Smartphone,Electronics,South,Store D,16,24925.06,5,378860.84,85728.58,0,0
2023-06-25,Headphones,Electronics,West,Store D,9,2631.91,5,22502.83,8134.88,0,0
2023-06-25,Office Chair,Furniture,North,Store B,10,7338.59,0,73385.9,15883.11,1,0
2023-06-25,Study Table,Furniture,West,Store C,3,12070.18,0,36210.53,9978.39,0,0
2023-06-25,T-Shirt,Fashion,East,Store E,20,827.61,5,15724.61,3322.01,1,0
2023-06-25,Jeans,Fashion,West,Store B,8,1785.81,0,14286.46,3340.56,0,0
2023-06-25,Shoes,Fashion,West,Store B,11,2691.76,5,28128.88,7448.43,1,0
2023-06-25,Coffee Maker,Home Appliances,West,Store D,5,4414.73,0,22073.64,4978.63,0,0
2023-06-25,Mixer Grinder,Home Appliances,North,Store C,11,3538.06,0,38918.62,10415.7,0,0
2023-06-26,Laptop,Electronics,West,Store E,8,54389.03,20,348089.79,59902.81,0,0
2023-06-26,Smartphone,Electronics,South,Store B,11,25235.3,0,277588.3,72954.77,1,0
2023-06-26,Headphones,Electronics,North,Store C,12,2658.0,20,25516.84,5806.81,0,0
2023-06-26,Office Chair,Furniture,North,Store E,11,7376.37,5,77083.11,26992.58,0,0
2023-06-26,Study Table,Furniture,North,Store E,9,11724.41,0,105519.65,28002.24,0,0
2023-06-26,T-Shirt,Fashion,South,Store A,8,845.84,0,6766.7,2145.3,0,0
2023-06-26,Jeans,Fashion,West,Store B,9,1938.64,10,15702.96,3235.69,0,0
2023-06-26,Shoes,Fashion,South,Store E,13,2597.26,10,30387.99,9403.46,0,0
2023-06-26,Coffee Maker,Home Appliances,North,Store B,7,4467.29,5,29707.47,10119.0,0,0
2023-06-26,Mixer Grinder,Home Appliances,North,Store D,2,3741.89,15,6361.22,1899.55,0,0
2023-06-27,Laptop,Electronics,North,Store E,10,54360.43,5,516424.07,144613.86,0,0
2023-06-27,Smartphone,Electronics,South,Store D,6,24010.71,0,144064.25,31171.99,0,0
2023-06-27,Headphones,Electronics,East,Store A,10,2565.33,0,25653.33,8016.86,1,0
2023-06-27,Office Chair,Furniture,South,Store D,6,7128.86,5,40634.52,9648.65,0,0
2023-06-27,Study Table,Furniture,North,Store E,7,12811.82,10,80714.48,21126.99,0,0
2023-06-27,T-Shirt,Fashion,South,Store C,12,851.84,0,10222.1,3414.07,0,0
2023-06-27,Jeans,Fashion,West,Store A,11,1898.09,10,18791.12,4249.74,0,0
2023-06-27,Shoes,Fashion,East,Store C,13,2532.0,0,32916.06,9932.08,1,0
2023-06-27,Coffee Maker,Home Appliances,South,Store E,8,4728.67,0,37829.32,10200.77,1,0
2023-06-27,Mixer Grinder,Home Appliances,North,Store E,10,3766.99,5,35786.36,12778.53,0,0
2023-06-28,Laptop,Electronics,East,Store C,11,56419.11,10,558549.22,189605.88,0,0
2023-06-28,Smartphone,Electronics,East,Store C,11,25875.23,5,270396.18,74689.21,0,0
2023-06-28,Headphones,Electronics,East,Store E,6,2623.7,20,12593.78,1620.48,0,0
2023-06-28,Office Chair,Furniture,South,Store B,5,7905.74,0,39528.72,11430.24,0,0
2023-06-28,Study Table,Furniture,West,Store A,5,12653.9,10,56942.57,10541.7,0,0
2023-06-28,T-Shirt,Fashion,North,Store E,7,768.63,20,4304.34,687.43,0,0
2023-06-28,Jeans,Fashion,East,Store A,11,1749.93,0,19249.26,5145.64,0,0
2023-06-28,Shoes,Fashion,South,Store B,16,2661.69,5,40457.75,13572.96,0,0
2023-06-28,Coffee Maker,Home Appliances,South,Store E,8,4611.6,0,36892.79,8954.71,0,0
2023-06-28,Mixer Grinder,Home Appliances,West,Store C,7,3688.52,5,24528.68,7202.31,0,0
2023-06-29,Laptop,Electronics,South,Store E,8,57224.67,10,412017.64,122522.31,0,0
2023-06-29,Smartphone,Electronics,North,Store C,6,25269.51,15,128874.48,15932.23,0,0
2023-06-29,Headphones,Electronics,West,Store B,11,2519.08,0,27709.87,10357.16,0,0
2023-06-29,Office Chair,Furniture,North,Store B,7,7157.04,5,47594.32,14810.0,0,0
2023-06-29,Study Table,Furniture,East,Store E,8,12001.26,5,91209.59,31033.32,0,0
2023-06-29,T-Shirt,Fashion,West,Store B,6,834.28,0,5005.65,1796.46,0,0
2023-06-29,Jeans,Fashion,East,Store A,15,1719.63,15,21925.34,4754.04,1,0
2023-06-29,Shoes,Fashion,South,Store B,11,2458.75,0,27046.21,6145.15,0,0
2023-06-29,Coffee Maker,Home Appliances,East,Store D,12,4830.72,0,57968.6,22275.91,0,0
2023-06-29,Mixer Grinder,Home Appliances,West,Store E,7,3682.76,5,24490.38,7969.67,0,0
2023-06-30,Laptop,Electronics,North,Store A,15,53684.82,5,765008.66,267674.24,1,0
2023-06-30,Smartphone,Electronics,South,Store B,11,24686.47,0,271551.19,75546.12,0,0
2023-06-30,Headphones,Electronics,North,Store B,16,2559.25,10,36853.23,8620.05,1,0
2023-06-30,Office Chair,Furniture,East,Store C,13,7600.63,0,98808.18,24417.34,1,0
2023-06-30,Study Table,Furniture,North,Store D,9,12779.03,5,109260.69,42946.44,0,0
2023-06-30,T-Shirt,Fashion,West,Store C,12,806.71,0,9680.47,2868.7,0,0
2023-06-30,Jeans,Fashion,North,Store B,20,1801.13,10,32420.27,7428.63,1,0
2023-06-30,Shoes,Fashion,East,Store B,10,2620.61,10,23585.52,6658.46,0,0
2023-06-30,Coffee Maker,Home Appliances,East,Store B,3,4819.95,0,14459.85,4733.01,0,0
2023-06-30,Mixer Grinder,Home Appliances,East,Store D,6,3617.14,10,19532.53,4417.84,1,0
2023-07-01,Laptop,Electronics,West,Store C,18,58707.96,20,845394.55,157184.95,1,0
2023-07-01,Smartphone,Electronics,East,Store D,15,25930.73,10,350064.88,84696.79,0,0
2023-07-01,Headphones,Electronics,East,Store C,3,2645.77,0,7937.32,2942.69,0,0
2023-07-01,Office Chair,Furniture,West,Store B,9,8090.57,5,69174.36,19707.15,0,0
2023-07-01,Study Table,Furniture,East,Store A,13,11584.33,0,150596.34,32361.58,1,0
2023-07-01,T-Shirt,Fashion,South,Store D,11,839.98,20,7391.82,1160.38,0,0
2023-07-01,Jeans,Fashion,South,Store E,17,1798.3,15,25985.39,3098.7,0,0
2023-07-01,Shoes,Fashion,West,Store A,15,2560.4,20,30724.77,4807.35,0,0
2023-07-01,Coffee Maker,Home Appliances,West,Store B,5,4482.13,5,21290.11,5910.0,1,0
2023-07-01,Mixer Grinder,Home Appliances,North,Store D,13,3389.61,5,41861.64,7552.49,1,0
2023-07-02,Laptop,Electronics,East,Store C,12,55138.29,0,661659.47,169860.18,0,0
2023-07-02,Smartphone,Electronics,South,Store E,18,26549.87,0,477897.67,140086.53,1,0
2023-07-02,Headphones,Electronics,South,Store C,16,2605.34,0,41685.41,13802.06,0,0
2023-07-02,Office Chair,Furniture,West,Store C,8,7719.34,0,61754.73,18008.2,1,0
2023-07-02,Study Table,Furniture,West,Store B,9,12361.64,5,105692.0,32802.24,0,0
2023-07-02,T-Shirt,Fashion,West,Store B,15,837.9,0,12568.5,4092.72,1,0
2023-07-02,Jeans,Fashion,South,Store C,17,1790.62,15,25874.48,3351.18,0,0
2023-07-02,Shoes,Fashion,East,Store D,11,2657.77,0,29235.5,9928.79,0,0
2023-07-02,Coffee Maker,Home Appliances,South,Store A,4,4429.45,0,17717.8,4085.49,0,0
2023-07-02,Mixer Grinder,Home Appliances,East,Store C,10,3631.28,0,36312.79,13598.21,0,0
2023-07-03,Laptop,Electronics,North,Store E,8,54147.65,0,433181.22,155014.02,0,0
2023-07-03,Smartphone,Electronics,East,Store D,10,25045.08,10,225405.76,72421.11,1,0
2023-07-03,Headphones,Electronics,West,Store D,13,2610.16,0,33932.04,10876.27,0,0
2023-07-03,Office Chair,Furniture,West,Store C,11,7132.23,0,78454.58,15392.91,0,0
2023-07-03,Study Table,Furniture,South,Store E,6,11817.67,0,70906.02,24047.27,0,0
2023-07-03,T-Shirt,Fashion,East,Store B,13,811.9,0,10554.72,2598.88,0,0
2023-07-03,Jeans,Fashion,West,Store B,16,1854.71,10,26707.8,8675.16,1,0
2023-07-03,Shoes,Fashion,West,Store E,10,2490.84,0,24908.37,9628.96,0,0
2023-07-03,Coffee Maker,Home Appliances,West,Store C,5,4531.36,0,22656.82,5889.94,0,0
2023-07-03,Mixer Grinder,Home Appliances,West,Store C,7,3666.98,0,25668.86,7507.03,0,0
2023-07-04,Laptop,Electronics,South,Store D,15,55485.43,10,749053.27,120401.26,1,0
2023-07-04,Smartphone,Electronics,West,Store B,7,24010.62,20,134459.5,17294.33,1,0
2023-07-04,Headphones,Electronics,East,Store B,9,2528.11,5,21615.35,6872.44,1,0
2023-07-04,Office Chair,Furniture,North,Store A,8,8085.87,20,51749.6,5633.03,0,0
2023-07-04,Study Table,Furniture,North,Store E,4,12380.28,5,47045.07,12132.0,0,0
2023-07-04,T-Shirt,Fashion,South,Store C,11,819.24,0,9011.59,2447.59,0,0
2023-07-04,Jeans,Fashion,East,Store C,13,1863.78,5,23017.68,4972.05,0,0
2023-07-04,Shoes,Fashion,North,Store E,7,2695.25,5,17923.39,5177.35,0,0
2023-07-04,Coffee Maker,Home Appliances,East,Store B,7,4630.03,0,32410.21,10504.18,0,0
2023-07-04,Mixer Grinder,Home Appliances,South,Store E,9,3495.38,0,31458.44,7680.16,0,0
2023-07-05,Laptop,Electronics,South,Store A,12,57266.98,5,652843.52,254880.62,0,0
2023-07-05,Smartphone,Electronics,East,Store E,12,23844.53,5,271827.7,41555.16,0,0
2023-07-05,Headphones,Electronics,East,Store C,13,2690.67,5,33229.78,11675.63,1,0
2023-07-05,Office Chair,Furniture,South,Store D,3,7941.87,0,23825.61,10068.83,0,0
2023-07-05,Study Table,Furniture,East,Store C,5,12556.43,0,62782.14,18647.87,0,0
2023-07-05,T-Shirt,Fashion,East,Store A,6,813.94,0,4883.65,1165.72,0,0
2023-07-05,Jeans,Fashion,South,Store A,13,1860.34,15,20556.71,5803.85,0,0
2023-07-05,Shoes,Fashion,East,Store D,8,2453.05,0,19624.37,5567.38,0,0
2023-07-05,Coffee Maker,Home Appliances,South,Store D,12,4813.11,5,54869.47,19677.45,0,0
2023-07-05,Mixer Grinder,Home Appliances,East,Store A,6,3587.85,5,20450.75,6726.14,1,0
2023-07-06,Laptop,Electronics,East,Store E,10,55934.51,5,531377.86,201242.64,1,0
2023-07-06,Smartphone,Electronics,West,Store E,10,24838.34,5,235964.27,61947.71,0,0
2023-07-06,Headphones,Electronics,South,Store D,11,2556.98,15,23907.77,5961.47,0,0
2023-07-06,Office Chair,Furniture,South,Store E,6,7858.28,5,44792.18,14873.96,0,0
2023-07-06,Study Table,Furniture,North,Store E,6,12949.03,15,66040.03,18092.16,1,0
2023-07-06,T-Shirt,Fashion,East,Store E,9,780.66,5,6674.63,1653.83,0,0
2023-07-06,Jeans,Fashion,South,Store E,11,1920.19,0,21122.06,8306.45,0,0
2023-07-06,Shoes,Fashion,South,Store A,7,2409.77,5,16024.98,2655.99,0,0
2023-07-06,Coffee Maker,Home Appliances,East,Store C,6,4736.77,0,28420.59,11736.88,0,0
2023-07-06,Mixer Grinder,Home Appliances,South,Store D,7,3377.4,0,23641.79,7839.55,0,0
2023-07-07,Laptop,Electronics,South,Store B,14,54372.09,15,647027.9,46833.32,0,0
2023-07-07,Smartphone,Electronics,North,Store E,15,24478.98,5,348825.52,106297.42,1,0
2023-07-07,Headphones,Electronics,South,Store D,12,2666.42,15,27197.51,4490.12,0,0
2023-07-07,Office Chair,Furniture,East,Store A,3,8033.99,0,24101.96,9370.57,0,0
2023-07-07,Study Table,Furniture,West,Store E,6,12779.41,0,76676.47,28281.29,0,0
2023-07-07,T-Shirt,Fashion,West,Store D,11,770.05,15,7199.94,1575.27,1,0
2023-07-07,Jeans,Fashion,South,Store E,17,1810.46,10,27700.05,8733.09,0,0
2023-07-07,Shoes,Fashion,North,Store C,17,2573.73,5,41565.74,10802.05,1,0
2023-07-07,Coffee Maker,Home Appliances,South,Store C,5,4546.27,5,21594.8,6872.98,1,0
2023-07-07,Mixer Grinder,Home Appliances,North,Store E,13,3559.69,5,43962.17,8522.93,1,0
2023-07-08,Laptop,Electronics,North,Store A,19,56967.64,0,1082385.2,406646.99,1,0
2023-07-08,Smartphone,Electronics,North,Store A,10,24036.97,0,240369.7,46693.66,0,0
2023-07-08,Headphones,Electronics,East,Store A,13,2578.71,5,31847.08,9396.5,1,0
2023-07-08,Office Chair,Furniture,West,Store C,7,7910.39,20,44298.18,11464.98,0,0
2023-07-08,Study Table,Furniture,East,Store A,5,12443.95,5,59108.75,17785.93,1,0
2023-07-08,T-Shirt,Fashion,North,Store B,17,774.73,5,12511.9,2348.51,0,0
2023-07-08,Jeans,Fashion,East,Store E,17,1758.57,15,25411.37,2098.04,1,0
2023-07-08,Shoes,Fashion,East,Store C,11,2582.34,0,28405.76,9938.13,1,0
2023-07-08,Coffee Maker,Home Appliances,North,Store A,7,4800.21,15,28561.27,9053.89,0,0
2023-07-08,Mixer Grinder,Home Appliances,North,Store E,7,3771.76,10,23762.11,5546.73,1,0
2023-07-09,Laptop,Electronics,West,Store A,13,55686.18,20,579136.25,67921.68,0,0
2023-07-09,Smartphone,Electronics,South,Store B,9,26580.23,15,203338.75,67529.19,0,0
2023-07-09,Headphones,Electronics,North,Store C,9,2657.66,10,21527.07,5707.82,1,0
2023-07-09,Office Chair,Furniture,East,Store D,8,7396.76,5,56215.37,16113.64,1,0
2023-07-09,Study Table,Furniture,West,Store A,6,11779.68,0,70678.07,27224.97,0,0
2023-07-09,T-Shirt,Fashion,West,Store A,6,841.24,15,4290.33,1150.36,0,0
2023-07-09,Jeans,Fashion,South,Store A,18,1866.03,10,30229.69,9666.9,0,0
2023-07-09,Shoes,Fashion,South,Store D,15,2506.61,10,33839.26,7902.05,0,0
2023-07-09,Coffee Maker,Home Appliances,North,Store B,7,4318.09,10,27203.94,8267.37,0,0
2023-07-09,Mixer Grinder,Home Appliances,South,Store E,12,3331.25,20,31980.03,3450.88,0,0
2023-07-10,Laptop,Electronics,East,Store D,7,55885.8,0,391200.63,129019.91,0,0
2023-07-10,Smartphone,Electronics,West,Store D,5,25931.06,15,110206.99,34831.1,0,0
2023-07-10,Headphones,Electronics,South,Store A,5,2445.09,5,11614.18,2165.44,0,0
2023-07-10,Office Chair,Furniture,North,Store A,6,7424.53,5,42319.81,14071.92,1,0
2023-07-10,Study Table,Furniture,East,Store B,4,12856.46,0,51425.85,19942.87,0,0
2023-07-10,T-Shirt,Fashion,West,Store E,11,849.6,0,9345.58,2873.72,0,0
2023-07-10,Jeans,Fashion,East,Store D,15,1730.22,0,25953.3,6364.15,0,0
2023-07-10,Shoes,Fashion,East,Store A,12,2572.4,15,26238.43,7647.12,0,0
2023-07-10,Coffee Maker,Home Appliances,South,Store C,8,4660.65,0,37285.18,13662.52,1,0
2023-07-10,Mixer Grinder,Home Appliances,West,Store C,12,3427.24,0,41126.83,12417.0,0,0
2023-07-11,Laptop,Electronics,West,Store B,10,55932.16,5,531355.55,185859.51,1,0
2023-07-11,Smartphone,Electronics,South,Store C,11,26033.98,10,257736.41,65586.33,0,0
2023-07-11,Headphones,Electronics,East,Store E,3,2634.95,0,7904.86,3391.55,0,0
2023-07-11,Office Chair,Furniture,North,Store E,5,7453.76,0,37268.79,13651.18,0,0
2023-07-11,Study Table,Furniture,South,Store D,6,12574.34,0,75446.04,31646.29,0,0
2023-07-11,T-Shirt,Fashion,South,Store C,14,763.67,10,9622.24,1327.15,0,0
2023-07-11,Jeans,Fashion,East,Store B,14,1888.38,10,23793.53,7750.9,0,0
2023-07-11,Shoes,Fashion,North,Store A,15,2639.09,10,35627.74,10476.9,1,0
2023-07-11,Coffee Maker,Home Appliances,West,Store A,5,4367.83,5,20747.18,6101.98,0,0
2023-07-11,Mixer Grinder,Home Appliances,East,Store C,11,3392.8,0,37320.79,9115.31,0,0
2023-07-12,Laptop,Electronics,South,Store B,11,52737.67,15,493097.26,121570.68,0,0
2023-07-12,Smartphone,Electronics,North,Store C,9,23764.2,15,181796.17,25728.9,0,0
2023-07-12,Headphones,Electronics,North,Store C,8,2650.59,0,21204.7,6601.99,1,0
2023-07-12,Office Chair,Furniture,North,Store E,12,7143.95,5,81440.99,11288.1,1,0
2023-07-12,Study Table,Furniture,South,Store E,6,12270.93,0,73625.58,25107.92,0,0
2023-07-12,T-Shirt,Fashion,East,Store D,14,786.84,0,11015.79,3207.75,1,0
2023-07-12,Jeans,Fashion,West,Store D,7,1873.06,0,13111.41,4380.62,0,0
2023-07-12,Shoes,Fashion,South,Store C,13,2407.89,10,28172.34,3817.59,1,0
2023-07-12,Coffee Maker,Home Appliances,West,Store D,10,4701.39,5,44663.2,14203.23,0,0
2023-07-12,Mixer Grinder,Home Appliances,South,Store D,6,3529.35,0,21176.07,7827.82,0,0
2023-07-13,Laptop,Electronics,South,Store A,19,57547.17,0,1093396.19,445687.26,1,0
2023-07-13,Smartphone,Electronics,West,Store B,14,26755.5,0,374576.98,153265.71,1,0
2023-07-13,Headphones,Electronics,East,Store A,4,2599.73,15,8839.08,1639.95,0,0
2023-07-13,Office Chair,Furniture,North,Store E,6,7966.43,0,47798.6,20542.96,0,0
2023-07-13,Study Table,Furniture,South,Store E,9,12537.56,10,101554.27,29830.3,1,0
2023-07-13,T-Shirt,Fashion,South,Store C,14,848.38,5,11283.5,4329.55,0,0
2023-07-13,Jeans,Fashion,West,Store E,13,1770.9,10,20719.49,5123.06,1,0
2023-07-13,Shoes,Fashion,West,Store E,11,2459.54,20,21643.95,1819.65,1,0
2023-07-13,Coffee Maker,Home Appliances,North,Store C,6,4507.23,20,21634.7,3324.48,0,0
2023-07-13,Mixer Grinder,Home Appliances,East,Store E,5,3611.89,0,18059.43,5516.7,0,0
2023-07-14,Laptop,Electronics,West,Store D,13,56382.39,15,623025.45,109566.3,1,0
2023-07-14,Smartphone,Electronics,East,Store A,12,24707.16,10,266837.38,75583.92,0,0
2023-07-14,Headphones,Electronics,East,Store D,3,2560.58,15,6529.49,1174.09,0,0
2023-07-14,Office Chair,Furniture,North,Store A,9,7983.48,0,71851.28,28436.81,1,0
2023-07-14,Study Table,Furniture,North,Store B,8,12310.25,10,88633.83,24566.56,1,0
2023-07-14,T-Shirt,Fashion,East,Store B,14,796.32,10,10033.67,2211.25,0,0
2023-07-14,Jeans,Fashion,East,Store B,15,1875.56,0,28133.43,7501.56,1,0
2023-07-14,Shoes,Fashion,South,Store A,10,2603.19,0,26031.92,7350.7,0,0
2023-07-14,Coffee Maker,Home Appliances,West,Store A,5,4756.85,20,19027.39,4134.84,0,0
2023-07-14,Mixer Grinder,Home Appliances,South,Store B,5,3348.13,10,15066.58,1858.33,1,0
2023-07-15,Laptop,Electronics,West,Store E,11,55120.79,10,545695.81,179109.15,0,0
2023-07-15,Smartphone,Electronics,South,Store E,17,25242.83,10,386215.36,79177.29,0,0
2023-07-15,Headphones,Electronics,South,Store E,13,2696.54,15,29796.77,7532.73,0,0
2023-07-15,Office Chair,Furniture,North,Store A,5,7510.88,0,37554.38,11327.87,0,0
2023-07-15,Study Table,Furniture,North,Store A,8,11806.58,0,94452.62,36017.44,1,0
2023-07-15,T-Shirt,Fashion,North,Store A,14,846.25,0,11847.52,3565.48,1,0
2023-07-15,Jeans,Fashion,South,Store E,22,1792.13,5,37455.53,9461.87,0,0
2023-07-15,Shoes,Fashion,West,Store B,22,2489.94,5,52039.77,9299.69,1,0
2023-07-15,Coffee Maker,Home Appliances,East,Store E,5,4812.16,5,22857.78,5321.73,0,0
2023-07-15,Mixer Grinder,Home Appliances,East,Store A,12,3646.71,5,41572.46,13205.78,1,0
2023-07-16,Laptop,Electronics,North,Store A,16,58877.86,0,942045.78,302838.8,0,0
2023-07-16,Smartphone,Electronics,South,Store C,10,24273.52,15,206324.95,51659.84,0,0
2023-07-16,Headphones,Electronics,North,Store B,7,2448.84,0,17141.87,5593.83,0,0
2023-07-16,Office Chair,Furniture,South,Store E,5,7469.77,10,33613.94,10684.3,0,0
2023-07-16,Study Table,Furniture,East,Store C,11,12050.32,5,125925.81,27044.78,0,0
2023-07-16,T-Shirt,Fashion,West,Store E,22,786.07,0,17293.43,3789.56,1,0
2023-07-16,Jeans,Fashion,West,Store E,15,1918.62,10,25901.33,9033.26,0,0
2023-07-16,Shoes,Fashion,West,Store B,9,2512.71,0,22614.42,7642.25,0,0
2023-07-16,Coffee Maker,Home Appliances,South,Store D,13,4457.6,0,57948.76,12785.82,0,0
2023-07-16,Mixer Grinder,Home Appliances,East,Store E,7,3364.75,0,23553.24,6439.29,0,0
2023-07-17,Laptop,Electronics,South,Store B,9,52582.97,5,449584.41,107086.22,0,0
2023-07-17,Smartphone,Electronics,North,Store A,12,26815.36,20,257427.47,72004.29,1,0
2023-07-17,Headphones,Electronics,West,Store A,15,2691.93,0,40378.92,16438.67,1,0
2023-07-17,Office Chair,Furniture,South,Store C,8,7781.29,0,62250.32,22255.69,1,0
2023-07-17,Study Table,Furniture,South,Store D,5,11834.93,5,56215.93,12784.57,0,0
2023-07-17,T-Shirt,Fashion,North,Store B,7,858.96,10,5411.47,1630.9,0,0
2023-07-17,Jeans,Fashion,East,Store E,14,1868.86,15,22239.43,6027.4,1,0
2023-07-17,Shoes,Fashion,East,Store E,20,2683.61,0,53672.29,22467.66,1,0
2023-07-17,Coffee Maker,Home Appliances,East,Store D,11,4531.77,10,44864.56,10994.8,0,0
2023-07-17,Mixer Grinder,Home Appliances,East,Store E,9,3623.07,5,30977.22,8165.23,0,0
2023-07-18,Laptop,Electronics,North,Store B,12,55639.33,15,567521.12,105373.56,0,0
2023-07-18,Smartphone,Electronics,South,Store B,9,26645.31,0,239807.8,101728.42,0,0
2023-07-18,Headphones,Electronics,West,Store D,10,2608.43,10,23475.86,7238.88,0,0
2023-07-18,Office Chair,Furniture,East,Store E,7,7964.78,0,55753.49,18378.78,0,0
2023-07-18,Study Table,Furniture,North,Store D,4,11650.69,15,39612.35,6719.89,0,0
2023-07-18,T-Shirt,Fashion,West,Store B,17,850.24,5,13731.37,3659.42,0,0
2023-07-18,Jeans,Fashion,East,Store E,11,1816.56,5,18983.08,6561.28,1,0
2023-07-18,Shoes,Fashion,North,Store A,20,2605.63,5,49506.97,14041.49,1,0
2023-07-18,Coffee Maker,Home Appliances,West,Store D,12,4567.9,20,43851.8,7584.62,1,0
2023-07-18,Mixer Grinder,Home Appliances,East,Store B,5,3743.32,10,16844.96,4742.08,0,0
2023-07-19,Laptop,Electronics,South,Store B,10,54298.88,0,542988.83,208431.48,0,0
2023-07-19,Smartphone,Electronics,South,Store B,8,24749.82,5,188098.65,50484.84,0,0
2023-07-19,Headphones,Electronics,South,Store B,9,2495.48,15,19090.44,3940.69,0,0
2023-07-19,Office Chair,Furniture,West,Store E,6,7502.67,0,45016.05,12953.11,1,0
2023-07-19,Study Table,Furniture,North,Store A,3,12103.89,5,34496.08,6714.03,0,0
2023-07-19,T-Shirt,Fashion,West,Store E,14,808.85,5,10757.76,2180.94,0,0
2023-07-19,Jeans,Fashion,South,Store B,12,1794.95,0,21539.43,6836.66,0,0
2023-07-19,Shoes,Fashion,North,Store C,16,2539.22,0,40627.49,11889.36,0,0
2023-07-19,Coffee Maker,Home Appliances,East,Store E,10,4755.37,5,45176.0,11197.12,0,0
2023-07-19,Mixer Grinder,Home Appliances,West,Store A,4,3500.03,10,12600.09,3930.17,1,0
2023-07-20,Laptop,Electronics,North,Store E,13,57260.74,0,744389.59,244586.61,1,0
2023-07-20,Smartphone,Electronics,South,Store A,15,26429.08,15,336970.77,63223.04,0,0
2023-07-20,Headphones,Electronics,North,Store B,5,2606.03,10,11727.13,3768.54,0,0
2023-07-20,Office Chair,Furniture,South,Store C,5,7755.26,5,36837.49,9194.86,0,0
2023-07-20,Study Table,Furniture,West,Store E,8,12297.93,10,88545.11,21181.02,0,0
2023-07-20,T-Shirt,Fashion,South,Store C,14,839.09,5,11159.86,2474.92,0,0
2023-07-20,Jeans,Fashion,North,Store D,12,1860.26,5,21206.96,7153.22,0,0
2023-07-20,Shoes,Fashion,North,Store C,13,2429.8,15,26849.31,6429.98,0,0
2023-07-20,Coffee Maker,Home Appliances,South,Store A,14,4792.09,0,67089.33,23122.89,1,0
2023-07-20,Mixer Grinder,Home Appliances,South,Store B,12,3625.63,0,43507.58,16471.68,1,0
2023-07-21,Laptop,Electronics,East,Store D,4,58615.86,5,222740.25,90373.8,0,0
2023-07-21,Smartphone,Electronics,East,Store E,5,25548.97,10,114970.36,38215.94,0,0
2023-07-21,Headphones,Electronics,South,Store A,11,2391.5,0,26306.55,6790.04,0,0
2023-07-21,Office Chair,Furniture,North,Store C,6,7542.03,20,36201.76,4616.46,0,0
2023-07-21,Study Table,Furniture,South,Store D,6,11754.96,10,63476.77,8737.28,0,0
2023-07-21,T-Shirt,Fashion,North,Store C,10,767.46,0,7674.55,2684.49,0,0
2023-07-21,Jeans,Fashion,West,Store D,8,1751.2,0,14009.62,2965.37,0,0
2023-07-21,Shoes,Fashion,South,Store C,12,2655.45,10,28678.81,7430.87,0,0
2023-07-21,Coffee Maker,Home Appliances,South,Store C,7,4655.15,10,29327.42,5092.32,0,0
2023-07-21,Mixer Grinder,Home Appliances,West,Store C,10,3681.24,0,36812.39,11136.95,1,0
2023-07-22,Laptop,Electronics,South,Store C,18,54541.65,0,981749.63,353225.43,1,0
2023-07-22,Smartphone,Electronics,West,Store C,13,26260.05,0,341380.61,119678.08,1,0
2023-07-22,Headphones,Electronics,South,Store B,10,2589.35,0,25893.53,7671.47,0,0
2023-07-22,Office Chair,Furniture,South,Store D,16,7541.45,10,108596.95,33996.37,0,0
2023-07-22,Study Table,Furniture,East,Store B,10,11431.95,10,102887.52,17274.37,1,0
2023-07-22,T-Shirt,Fashion,West,Store D,17,833.09,15,12038.14,2536.68,0,0
2023-07-22,Jeans,Fashion,South,Store E,13,1835.88,20,19093.1,2272.36,0,0
2023-07-22,Shoes,Fashion,South,Store D,12,2542.23,5,28981.42,7793.08,0,0
2023-07-22,Coffee Maker,Home Appliances,South,Store B,12,4753.85,15,48489.29,9034.31,0,0
2023-07-22,Mixer Grinder,Home Appliances,South,Store D,6,3442.3,0,20653.82,5959.69,0,0
2023-07-23,Laptop,Electronics,North,Store B,12,55537.37,15,566481.21,134929.98,0,0
2023-07-23,Smartphone,Electronics,West,Store D,10,26498.2,0,264981.96,112437.31,0,0
2023-07-23,Headphones,Electronics,West,Store E,8,2432.6,0,19460.81,5119.01,0,0
2023-07-23,Office Chair,Furniture,West,Store D,6,7150.97,0,42905.8,10079.01,0,0
2023-07-23,Study Table,Furniture,South,Store E,7,11493.09,5,76429.06,18889.64,1,0
2023-07-23,T-Shirt,Fashion,East,Store D,11,771.14,0,8482.55,2486.33,1,0
2023-07-23,Jeans,Fashion,South,Store D,16,1759.5,15,23929.22,2753.15,0,0
2023-07-23,Shoes,Fashion,West,Store C,21,2562.44,0,53811.32,15090.51,1,0
2023-07-23,Coffee Maker,Home Appliances,South,Store E,14,4514.59,5,60044.06,13229.49,0,0
2023-07-23,Mixer Grinder,Home Appliances,North,Store C,10,3574.71,0,35747.11,9038.3,0,0
2023-07-24,Laptop,Electronics,West,Store A,9,54368.76,0,489318.85,180079.3,0,0
2023-07-24,Smartphone,Electronics,East,Store C,5,25932.47,15,110212.98,32986.76,0,0
2023-07-24,Headphones,Electronics,North,Store A,14,2615.17,10,32951.09,6168.78,0,0
2023-07-24,Office Chair,Furniture,North,Store A,3,7549.39,5,21515.76,6188.22,1,0
2023-07-24,Study Table,Furniture,West,Store E,9,12059.91,5,103112.2,25216.29,0,0
2023-07-24,T-Shirt,Fashion,West,Store A,11,849.07,10,8405.84,2750.84,1,0
2023-07-24,Jeans,Fashion,East,Store C,8,1830.06,15,12444.39,2034.11,0,0
2023-07-24,Shoes,Fashion,East,Store E,10,2490.65,0,24906.54,9246.36,1,0
2023-07-24,Coffee Maker,Home Appliances,East,Store C,7,4712.92,5,31340.94,11587.03,0,0
2023-07-24,Mixer Grinder,Home Appliances,South,Store A,8,3411.72,0,27293.75,7146.46,0,0
2023-07-25,Laptop,Electronics,South,Store A,16,58596.2,15,796908.28,227807.34,1,0
2023-07-25,Smartphone,Electronics,West,Store B,8,25794.4,0,206355.22,70138.4,0,0
2023-07-25,Headphones,Electronics,North,Store E,9,2611.91,10,21156.5,5018.21,0,0
2023-07-25,Office Chair,Furniture,East,Store A,12,7762.39,0,93148.67,34357.94,0,0
2023-07-25,Study Table,Furniture,North,Store C,2,12428.49,0,24856.99,6458.36,0,0
2023-07-25,T-Shirt,Fashion,West,Store D,16,834.37,5,12682.42,3037.53,1,0
2023-07-25,Jeans,Fashion,South,Store B,9,1768.57,0,15917.11,5809.26,0,0
2023-07-25,Shoes,Fashion,North,Store D,12,2548.23,0,30578.72,9824.75,0,0
2023-07-25,Coffee Maker,Home Appliances,South,Store E,11,4460.13,20,39249.15,1718.81,1,0
2023-07-25,Mixer Grinder,Home Appliances,South,Store B,10,3353.25,0,33532.46,10617.44,1,0
2023-07-26,Laptop,Electronics,South,Store C,13,53011.74,0,689152.59,155321.68,1,0
2023-07-26,Smartphone,Electronics,South,Store E,14,26338.3,0,368736.2,142836.73,0,0
2023-07-26,Headphones,Electronics,East,Store B,4,2402.17,5,9128.25,1605.63,0,0
2023-07-26,Office Chair,Furniture,South,Store B,6,8028.46,0,48170.73,17694.84,1,0
2023-07-26,Study Table,Furniture,South,Store C,8,11595.11,10,83484.8,21098.58,1,0
2023-07-26,T-Shirt,Fashion,East,Store D,12,782.24,0,9386.93,3164.77,0,0
2023-07-26,Jeans,Fashion,East,Store C,14,1917.21,0,26840.99,7351.7,0,0
2023-07-26,Shoes,Fashion,East,Store A,15,2529.52,0,37942.79,11995.36,0,0
2023-07-26,Coffee Maker,Home Appliances,East,Store B,9,4595.4,5,39290.64,12552.76,1,0
2023-07-26,Mixer Grinder,Home Appliances,South,Store E,4,3503.0,10,12610.79,3203.33,0,0
2023-07-27,Laptop,Electronics,South,Store C,12,55920.76,15,570391.71,87541.02,0,0
2023-07-27,Smartphone,Electronics,West,Store D,8,24247.62,10,174582.86,40335.83,0,0
2023-07-27,Headphones,Electronics,East,Store C,4,2583.76,10,9301.53,2074.78,0,0
2023-07-27,Office Chair,Furniture,West,Store D,5,7597.98,5,36090.38,8576.46,1,0
2023-07-27,Study Table,Furniture,West,Store D,7,12502.61,10,78766.44,14197.12,1,0
2023-07-27,T-Shirt,Fashion,North,Store B,5,826.89,0,4134.46,1304.95,0,0
2023-07-27,Jeans,Fashion,South,Store E,14,1929.3,0,27010.17,11709.84,0,0
2023-07-27,Shoes,Fashion,South,Store E,18,2396.77,10,38827.67,4318.42,0,0
2023-07-27,Coffee Maker,Home Appliances,North,Store D,4,4401.81,5,16726.88,4939.9,0,0
2023-07-27,Mixer Grinder,Home Appliances,East,Store C,13,3742.73,10,43789.98,14704.93,1,0
2023-07-28,Laptop,Electronics,South,Store B,12,54093.3,0,649119.58,183490.05,0,0
2023-07-28,Smartphone,Electronics,South,Store B,8,25178.75,15,171215.5,26044.42,0,0
2023-07-28,Headphones,Electronics,South,Store B,14,2670.32,5,35515.19,12482.73,0,0
2023-07-28,Office Chair,Furniture,North,Store E,7,7254.6,5,48243.06,12270.0,0,0
2023-07-28,Study Table,Furniture,East,Store C,12,11748.96,10,126888.77,23921.86,1,0
2023-07-28,T-Shirt,Fashion,East,Store C,11,836.07,10,8277.08,2052.95,0,0
2023-07-28,Jeans,Fashion,West,Store D,11,1768.27,0,19450.98,6584.81,0,0
2023-07-28,Shoes,Fashion,North,Store D,12,2423.83,20,23268.77,2706.33,0,0
2023-07-28,Coffee Maker,Home Appliances,South,Store C,5,4599.96,10,20699.84,6013.97,0,0
2023-07-28,Mixer Grinder,Home Appliances,West,Store A,6,3505.31,5,19980.25,4771.06,0,0
2023-07-29,Laptop,Electronics,South,Store E,10,55909.05,5,531136.02,195694.58,0,0
2023-07-29,Smartphone,Electronics,East,Store D,18,24507.92,5,419085.36,123496.23,1,0
2023-07-29,Headphones,Electronics,East,Store D,12,2406.01,0,28872.07,6056.15,0,0
2023-07-29,Office Chair,Furniture,West,Store E,8,7145.34,0,57162.72,14553.33,0,0
2023-07-29,Study Table,Furniture,North,Store C,7,12242.55,0,85697.82,34078.98,1,0
2023-07-29,T-Shirt,Fashion,East,Store B,17,862.12,10,13190.37,3459.26,0,0
2023-07-29,Jeans,Fashion,East,Store B,17,1927.75,20,26217.34,5600.5,1,0
2023-07-29,Shoes,Fashion,North,Store B,9,2665.11,10,21587.35,4600.62,0,0
2023-07-29,Coffee Maker,Home Appliances,West,Store A,12,4835.75,15,49324.69,12162.99,0,0
2023-07-29,Mixer Grinder,Home Appliances,East,Store C,7,3734.6,0,26142.19,9251.34,0,0
2023-07-30,Laptop,Electronics,East,Store C,10,54579.6,0,545795.98,209405.75,0,0
2023-07-30,Smartphone,Electronics,East,Store A,18,24084.38,5,411842.93,75734.48,1,0
2023-07-30,Headphones,Electronics,East,Store A,6,2461.44,5,14030.21,3858.48,0,0
2023-07-30,Office Chair,Furniture,North,Store A,7,7188.61,0,50320.27,11959.5,0,0
2023-07-30,Study Table,Furniture,South,Store E,8,12768.85,10,91935.69,25270.23,1,0
2023-07-30,T-Shirt,Fashion,South,Store E,16,840.6,5,12777.08,5035.85,1,0
2023-07-30,Jeans,Fashion,West,Store C,15,1792.52,5,25543.43,5775.78,1,0
2023-07-30,Shoes,Fashion,West,Store E,26,2444.11,20,50837.52,3498.39,1,0
2023-07-30,Coffee Maker,Home Appliances,South,Store C,11,4703.39,20,41389.85,4774.85,1,0
2023-07-30,Mixer Grinder,Home Appliances,West,Store A,8,3591.59,5,27296.06,9286.87,0,0
2023-07-31,Laptop,Electronics,North,Store C,12,52910.62,20,507941.93,100559.51,1,0
2023-07-31,Smartphone,Electronics,West,Store B,5,24104.3,15,102443.27,22086.3,0,0
2023-07-31,Headphones,Electronics,East,Store D,16,2686.45,5,40834.05,10400.7,1,0
2023-07-31,Office Chair,Furniture,South,Store C,7,7623.01,10,48024.98,14340.78,0,0
2023-07-31,Study Table,Furniture,South,Store B,15,12403.55,5,176750.61,51965.93,1,0
2023-07-31,T-Shirt,Fashion,North,Store B,12,862.9,10,9319.28,2681.54,1,0
2023-07-31,Jeans,Fashion,North,Store E,7,1896.43,0,13275.02,4481.99,0,0
2023-07-31,Shoes,Fashion,South,Store E,8,2680.99,15,18230.74,5947.6,0,0
2023-07-31,Coffee Maker,Home Appliances,South,Store A,7,4810.47,5,31989.61,11926.78,0,0
2023-07-31,Mixer Grinder,Home Appliances,South,Store C,9,3570.33,10,28919.69,9165.68,0,0
2023-08-01,Laptop,Electronics,South,Store C,21,56127.45,20,942941.08,199531.73,0,0
2023-08-01,Smartphone,Electronics,South,Store D,12,26962.32,5,307370.39,91184.63,0,0
2023-08-01,Headphones,Electronics,West,Store A,12,2433.92,15,24825.98,4348.82,0,0
2023-08-01,Office Chair,Furniture,West,Store C,9,7628.95,15,58361.5,15046.57,0,0
2023-08-01,Study Table,Furniture,East,Store B,13,11831.33,0,153807.23,58800.26,0,0
2023-08-01,T-Shirt,Fashion,West,Store E,19,824.02,0,15656.33,4260.53,0,0
2023-08-01,Jeans,Fashion,East,Store C,14,1741.37,5,23160.27,3897.84,1,0
2023-08-01,Shoes,Fashion,South,Store E,15,2612.22,0,39183.29,12527.33,0,0
2023-08-01,Coffee Maker,Home Appliances,South,Store C,9,4572.7,0,41154.34,15961.89,1,0
2023-08-01,Mixer Grinder,Home Appliances,East,Store C,4,3361.64,15,11429.57,848.11,0,0
2023-08-02,Laptop,Electronics,West,Store D,13,57726.04,0,750438.53,202016.31,0,0
2023-08-02,Smartphone,Electronics,South,Store A,12,26424.99,10,285389.85,85163.22,0,0
2023-08-02,Headphones,Electronics,South,Store D,20,2446.19,0,48923.73,18202.44,0,0
2023-08-02,Office Chair,Furniture,West,Store E,10,7351.49,0,73514.91,25516.66,0,0
2023-08-02,Study Table,Furniture,North,Store E,16,11883.18,0,190130.88,67768.43,0,0
2023-08-02,T-Shirt,Fashion,South,Store B,9,771.94,5,6600.07,1238.8,0,0
2023-08-02,Jeans,Fashion,South,Store E,8,1880.99,5,14295.49,4780.9,0,0
2023-08-02,Shoes,Fashion,West,Store A,25,2386.27,0,59656.79,13534.56,1,0
2023-08-02,Coffee Maker,Home Appliances,East,Store E,11,4429.48,0,48724.32,17016.57,0,0
2023-08-02,Mixer Grinder,Home Appliances,East,Store C,8,3458.96,5,26288.12,9141.73,0,0
2023-08-03,Laptop,Electronics,East,Store B,13,56385.0,0,733004.97,272318.82,0,0
2023-08-03,Smartphone,Electronics,East,Store C,19,24722.39,10,422752.79,126210.67,1,0
2023-08-03,Headphones,Electronics,West,Store A,10,2632.58,15,22376.92,5384.52,0,0
2023-08-03,Office Chair,Furniture,East,Store D,11,7491.59,10,74166.71,12556.54,0,0
2023-08-03,Study Table,Furniture,South,Store B,10,11613.08,0,116130.79,32772.03,0,0
2023-08-03,T-Shirt,Fashion,North,Store C,12,793.31,0,9519.7,3725.29,0,0
2023-08-03,Jeans,Fashion,North,Store C,7,1817.23,15,10812.49,2271.54,0,0
2023-08-03,Shoes,Fashion,East,Store B,12,2651.85,5,30231.04,11817.05,0,0
2023-08-03,Coffee Maker,Home Appliances,North,Store E,5,4800.33,10,21601.47,5535.74,0,0
2023-08-03,Mixer Grinder,Home Appliances,East,Store A,17,3457.66,5,55841.15,11156.37,0,0
2023-08-04,Laptop,Electronics,North,Store B,14,54453.89,15,648001.26,49030.13,0,0
2023-08-04,Smartphone,Electronics,East,Store B,10,25878.94,10,232910.48,74169.54,1,0
2023-08-04,Headphones,Electronics,North,Store D,9,2529.15,15,19347.97,5606.09,0,0
2023-08-04,Office Chair,Furniture,South,Store C,7,7351.49,10,46314.36,5610.96,1,0
2023-08-04,Study Table,Furniture,South,Store B,6,12774.0,5,72811.83,26792.38,0,0
2023-08-04,T-Shirt,Fashion,South,Store B,18,799.82,5,13676.91,2784.87,1,0
2023-08-04,Jeans,Fashion,South,Store C,25,1934.16,0,48353.91,13618.89,0,0
2023-08-04,Shoes,Fashion,South,Store E,24,2652.8,0,63667.16,25627.93,1,0
2023-08-04,Coffee Maker,Home Appliances,East,Store C,12,4442.7,5,50646.76,10413.54,0,0
2023-08-04,Mixer Grinder,Home Appliances,South,Store D,7,3506.98,10,22093.96,3933.1,0,0
2023-08-05,Laptop,Electronics,South,Store C,22,56714.29,0,1247714.34,507376.99,0,0
2023-08-05,Smartphone,Electronics,South,Store C,28,24127.87,15,574243.34,96951.88,1,0
2023-08-05,Headphones,Electronics,West,Store B,19,2497.92,0,47460.42,11057.42,0,0
2023-08-05,Office Chair,Furniture,South,Store B,16,7462.07,5,113423.51,33400.38,0,0
2023-08-05,Study Table,Furniture,East,Store C,11,12108.87,0,133197.55,48831.03,0,0
2023-08-05,T-Shirt,Fashion,North,Store A,21,795.47,0,16704.88,3871.34,0,0
2023-08-05,Jeans,Fashion,South,Store C,21,1835.78,10,34696.21,8603.36,1,0
2023-08-05,Shoes,Fashion,West,Store C,19,2675.91,0,50842.29,20005.69,0,0
2023-08-05,Coffee Maker,Home Appliances,North,Store C,7,4702.11,20,26331.79,3354.73,0,0
2023-08-05,Mixer Grinder,Home Appliances,North,Store E,16,3460.68,0,55370.94,11730.79,1,0
2023-08-06,Laptop,Electronics,South,Store B,19,56581.62,15,913793.11,150384.43,1,0
2023-08-06,Smartphone,Electronics,North,Store A,17,24844.91,20,337890.81,6581.63,0,0
2023-08-06,Headphones,Electronics,South,Store E,23,2500.6,5,54638.02,15287.07,1,0
2023-08-06,Office Chair,Furniture,North,Store C,16,7630.86,15,103779.72,24274.38,1,0
2023-08-06,Study Table,Furniture,South,Store A,22,12740.37,15,238244.95,74201.69,0,0
2023-08-06,T-Shirt,Fashion,North,Store B,25,764.73,5,18162.31,2751.71,1,0
2023-08-06,Jeans,Fashion,East,Store E,19,1840.11,0,34962.16,14000.35,0,0
2023-08-06,Shoes,Fashion,West,Store C,13,2672.94,0,34748.23,12616.8,0,0
2023-08-06,Coffee Maker,Home Appliances,North,Store D,25,4561.0,15,96921.3,26101.98,1,0
2023-08-06,Mixer Grinder,Home Appliances,North,Store A,10,3506.9,0,35068.99,13013.34,0,0
2023-08-07,Laptop,Electronics,West,Store B,13,52863.49,20,549780.31,50322.84,1,0
2023-08-07,Smartphone,Electronics,East,Store E,16,24883.35,0,398133.56,143810.72,1,0
2023-08-07,Headphones,Electronics,East,Store C,16,2582.24,15,35118.48,6405.97,1,0
2023-08-07,Office Chair,Furniture,West,Store C,7,7544.11,0,52808.74,15542.51,1,0
2023-08-07,Study Table,Furniture,West,Store E,7,12569.87,5,83589.64,26252.39,0,0
2023-08-07,T-Shirt,Fashion,South,Store C,22,774.48,15,14482.81,2510.43,1,0
2023-08-07,Jeans,Fashion,North,Store A,13,1796.37,5,22185.22,4890.37,0,0
2023-08-07,Shoes,Fashion,North,Store E,22,2634.69,10,52166.86,9554.49,1,0
2023-08-07,Coffee Maker,Home Appliances,East,Store E,13,4822.24,20,50151.26,9437.33,0,0
2023-08-07,Mixer Grinder,Home Appliances,North,Store A,11,3432.73,10,33984.04,7802.65,0,0
2023-08-08,Laptop,Electronics,West,Store E,16,55397.32,10,797721.39,163566.04,0,0
2023-08-08,Smartphone,Electronics,East,Store C,15,23964.52,0,359467.81,80525.56,0,0
2023-08-08,Headphones,Electronics,East,Store C,10,2649.45,5,25169.81,6887.87,0,0
2023-08-08,Office Chair,Furniture,North,Store C,4,7944.39,5,30188.7,10137.02,0,0
2023-08-08,Study Table,Furniture,North,Store A,8,12576.14,5,95578.67,24510.11,0,0
2023-08-08,T-Shirt,Fashion,East,Store D,26,769.83,10,18013.94,4534.37,1,0
2023-08-08,Jeans,Fashion,South,Store A,16,1734.11,20,22196.6,4209.19,0,0
2023-08-08,Shoes,Fashion,West,Store C,19,2572.23,15,41541.51,4669.71,0,0
2023-08-08,Coffee Maker,Home Appliances,West,Store C,14,4572.2,0,64010.74,19814.71,1,0
2023-08-08,Mixer Grinder,Home Appliances,East,Store B,14,3719.19,0,52068.59,16272.87,1,0
2023-08-09,Laptop,Electronics,West,Store A,12,54262.86,5,618596.62,211162.82,0,0
2023-08-09,Smartphone,Electronics,East,Store A,17,25851.39,5,417500.01,93378.92,0,0
2023-08-09,Headphones,Electronics,North,Store E,11,2383.56,10,23597.29,4870.34,0,0
2023-08-09,Office Chair,Furniture,North,Store D,11,8014.81,5,83754.8,25535.96,1,0
2023-08-09,Study Table,Furniture,West,Store B,14,11427.09,0,159979.23,39621.74,0,0
2023-08-09,T-Shirt,Fashion,North,Store A,19,857.26,20,13030.39,3886.37,0,0
2023-08-09,Jeans,Fashion,East,Store A,16,1931.47,15,26267.98,6094.42,0,0
2023-08-09,Shoes,Fashion,West,Store B,9,2488.84,15,19039.6,5256.82,0,0
2023-08-09,Coffee Maker,Home Appliances,South,Store C,17,4289.38,10,65627.52,11071.93,0,0
2023-08-09,Mixer Grinder,Home Appliances,South,Store E,15,3391.98,0,50879.64,10255.22,1,0
2023-08-10,Laptop,Electronics,East,Store B,12,57716.54,0,692598.52,253307.24,0,0
2023-08-10,Smartphone,Electronics,South,Store A,15,25057.05,10,338270.23,68359.13,0,0
2023-08-10,Headphones,Electronics,South,Store D,10,2516.76,10,22650.83,6854.09,0,0
2023-08-10,Office Chair,Furniture,South,Store E,18,7263.32,5,124202.77,23937.98,1,0
2023-08-10,Study Table,Furniture,East,Store B,14,12040.71,5,160141.5,32295.8,1,0
2023-08-10,T-Shirt,Fashion,West,Store E,10,825.73,10,7431.57,1494.8,0,0
2023-08-10,Jeans,Fashion,West,Store B,13,1794.72,5,22164.77,6152.73,0,0
2023-08-10,Shoes,Fashion,South,Store B,25,2641.82,10,59440.91,11884.09,1,0
2023-08-10,Coffee Maker,Home Appliances,South,Store D,13,4349.86,5,53720.72,12619.57,1,0
2023-08-10,Mixer Grinder,Home Appliances,South,Store E,14,3519.52,0,49273.32,19328.2,0,0
2023-08-11,Laptop,Electronics,West,Store A,19,55698.56,0,1058272.64,395697.41,0,0
2023-08-11,Smartphone,Electronics,South,Store C,12,24052.61,5,274199.7,77843.37,0,0
2023-08-11,Headphones,Electronics,East,Store A,12,2391.01,15,24388.3,5519.42,0,0
2023-08-11,Office Chair,Furniture,East,Store B,10,7306.56,15,62105.72,3706.6,1,0
2023-08-11,Study Table,Furniture,West,Store B,13,12571.03,10,147081.0,41041.62,0,0
2023-08-11,T-Shirt,Fashion,North,Store A,16,860.89,5,13085.58,4562.81,0,0
2023-08-11,Jeans,Fashion,South,Store A,20,1772.65,15,30135.09,4703.6,0,0
2023-08-11,Shoes,Fashion,West,Store E,18,2584.55,10,41869.78,8320.19,0,0
2023-08-11,Coffee Maker,Home Appliances,North,Store B,16,4702.34,5,71475.61,18890.26,1,0
2023-08-11,Mixer Grinder,Home Appliances,East,Store A,5,3571.94,15,15180.74,4649.87,0,0
2023-08-12,Laptop,Electronics,West,Store E,15,57137.65,0,857064.81,235687.36,0,0
2023-08-12,Smartphone,Electronics,West,Store A,15,24281.77,10,327803.94,83643.07,0,0
2023-08-12,Headphones,Electronics,East,Store D,17,2583.61,10,39529.29,6655.54,0,0
2023-08-12,Office Chair,Furniture,East,Store E,5,7973.04,0,39865.19,16155.66,0,0
2023-08-12,Study Table,Furniture,South,Store D,12,12233.42,5,139461.01,28036.23,0,0
2023-08-12,T-Shirt,Fashion,West,Store E,22,781.17,5,16326.5,3315.15,0,0
2023-08-12,Jeans,Fashion,East,Store C,23,1834.93,10,37983.01,8466.14,0,0
2023-08-12,Shoes,Fashion,South,Store A,16,2625.63,5,39909.62,13275.05,0,0
2023-08-12,Coffee Maker,Home Appliances,West,Store C,9,4689.55,5,40095.64,12761.4,0,0
2023-08-12,Mixer Grinder,Home Appliances,East,Store E,17,3662.84,10,56041.49,14113.39,0,0
2023-08-13,Laptop,Electronics,South,Store C,14,56432.29,0,790051.99,289419.71,0,0
2023-08-13,Smartphone,Electronics,East,Store C,23,25787.71,0,593117.38,191704.87,1,0
2023-08-13,Headphones,Electronics,West,Store A,29,2386.43,10,62285.75,12977.24,1,0
2023-08-13,Office Chair,Furniture,South,Store E,9,7458.95,0,67130.59,23924.05,0,0
2023-08-13,Study Table,Furniture,North,Store B,9,11495.13,0,103456.21,34955.16,0,0
2023-08-13,T-Shirt,Fashion,South,Store A,16,797.2,0,12755.13,3283.82,0,0
2023-08-13,Jeans,Fashion,West,Store B,34,1786.7,5,57710.3,18327.19,1,0
2023-08-13,Shoes,Fashion,East,Store B,19,2542.85,0,48314.24,14889.81,0,0
2023-08-13,Coffee Maker,Home Appliances,East,Store D,16,4308.78,0,68940.41,20925.16,0,0
2023-08-13,Mixer Grinder,Home Appliances,East,Store A,8,3392.51,5,25783.09,8192.73,0,0
2023-08-14,Laptop,Electronics,West,Store C,10,56483.84,20,451870.73,50600.66,0,0
2023-08-14,Smartphone,Electronics,North,Store E,14,25599.13,5,340468.43,95258.92,0,0
2023-08-14,Headphones,Electronics,North,Store E,16,2416.41,0,38662.56,8235.96,0,0
2023-08-14,Office Chair,Furniture,West,Store A,9,7317.61,10,59272.63,18263.99,0,0
2023-08-14,Study Table,Furniture,West,Store B,6,11418.66,10,61660.77,9615.09,0,0
2023-08-14,T-Shirt,Fashion,South,Store A,25,787.29,5,18698.2,3617.96,1,0
2023-08-14,Jeans,Fashion,West,Store E,22,1751.79,20,30831.45,592.93,1,0
2023-08-14,Shoes,Fashion,East,Store D,15,2641.49,15,33678.99,8646.45,0,0
2023-08-14,Coffee Maker,Home Appliances,South,Store D,12,4304.06,0,51648.67,11115.5,0,0
2023-08-14,Mixer Grinder,Home Appliances,West,Store B,8,3553.61,5,27007.44,7731.62,1,0
2023-08-15,Laptop,Electronics,South,Store E,14,58159.48,0,814232.72,251370.57,0,0
2023-08-15,Smartphone,Electronics,South,Store A,24,26726.32,0,641431.79,260967.99,1,0
2023-08-15,Headphones,Electronics,West,Store D,24,2405.02,20,46176.39,9520.25,1,0
2023-08-15,Office Chair,Furniture,East,Store C,12,7363.67,0,88364.08,28890.79,1,0
2023-08-15,Study Table,Furniture,North,Store A,10,12851.93,10,115667.39,32484.78,0,0
2023-08-15,T-Shirt,Fashion,East,Store E,14,793.79,0,11113.08,2821.98,0,0
2023-08-15,Jeans,Fashion,North,Store D,18,1931.82,0,34772.83,12712.97,1,0
2023-08-15,Shoes,Fashion,East,Store A,16,2424.76,0,38796.22,14411.71,0,0
2023-08-15,Coffee Maker,Home Appliances,West,Store D,10,4708.89,5,44734.48,15552.63,0,0
2023-08-15,Mixer Grinder,Home Appliances,North,Store E,13,3769.18,20,39199.42,6107.41,0,0
2023-08-16,Laptop,Electronics,South,Store A,9,58074.28,0,522668.55,201216.92,0,0
2023-08-16,Smartphone,Electronics,North,Store C,20,24174.48,10,435140.63,107222.66,1,0
2023-08-16,Headphones,Electronics,West,Store D,21,2672.53,5,53316.98,21725.37,0,0
2023-08-16,Office Chair,Furniture,North,Store E,4,7616.36,0,30465.44,10429.52,0,0
2023-08-16,Study Table,Furniture,North,Store E,18,12779.3,5,218525.96,53122.87,1,0
2023-08-16,T-Shirt,Fashion,West,Store E,9,817.31,20,5884.64,705.96,0,0
2023-08-16,Jeans,Fashion,East,Store C,24,1737.18,15,35438.51,4737.65,0,0
2023-08-16,Shoes,Fashion,West,Store C,18,2379.56,20,34265.71,3732.23,0,0
2023-08-16,Coffee Maker,Home Appliances,West,Store E,10,4295.02,0,42950.16,8726.39,0,0
2023-08-16,Mixer Grinder,Home Appliances,South,Store D,8,3548.51,10,25549.26,3710.98,0,0
2023-08-17,Laptop,Electronics,South,Store D,15,53138.31,5,757220.95,189091.87,1,0
2023-08-17,Smartphone,Electronics,South,Store A,9,26185.89,15,200322.03,36018.79,0,0
2023-08-17,Headphones,Electronics,East,Store B,9,2673.93,20,19252.28,4939.67,0,0
2023-08-17,Office Chair,Furniture,South,Store D,8,7749.28,10,55794.8,11779.28,0,0
2023-08-17,Study Table,Furniture,West,Store B,11,12176.0,10,120542.35,22438.18,1,0
2023-08-17,T-Shirt,Fashion,South,Store E,26,788.18,10,18443.37,3231.11,1,0
2023-08-17,Jeans,Fashion,West,Store E,25,1942.3,0,48557.46,15448.94,1,0
2023-08-17,Shoes,Fashion,South,Store B,14,2559.38,5,34039.8,7513.52,0,0
2023-08-17,Coffee Maker,Home Appliances,South,Store E,9,4322.24,10,35010.18,9329.41,0,0
2023-08-17,Mixer Grinder,Home Appliances,East,Store E,10,3729.65,15,31702.0,6665.88,1,0
2023-08-18,Laptop,Electronics,North,Store D,17,59170.87,10,905314.26,225613.71,0,0
2023-08-18,Smartphone,Electronics,North,Store E,7,24421.03,5,162399.87,50228.32,0,0
2023-08-18,Headphones,Electronics,North,Store D,18,2640.46,0,47528.29,18834.71,1,0
2023-08-18,Office Chair,Furniture,West,Store D,11,8021.84,10,79416.27,21357.16,0,0
2023-08-18,Study Table,Furniture,East,Store C,7,12511.39,0,87579.73,36722.65,0,0
2023-08-18,T-Shirt,Fashion,West,Store E,16,852.51,20,10912.16,2227.7,0,0
2023-08-18,Jeans,Fashion,East,Store C,18,1834.92,10,29725.64,6759.37,0,0
2023-08-18,Shoes,Fashion,West,Store E,18,2473.22,0,44517.97,12031.65,0,0
2023-08-18,Coffee Maker,Home Appliances,North,Store D,8,4744.49,5,36058.1,9672.47,0,0
2023-08-18,Mixer Grinder,Home Appliances,East,Store C,17,3707.39,0,63025.58,23799.17,1,0
2023-08-19,Laptop,Electronics,West,Store A,24,58432.29,0,1402375.07,516206.91,1,0
2023-08-19,Smartphone,Electronics,West,Store E,15,26016.01,5,370728.11,88122.04,0,0
2023-08-19,Headphones,Electronics,North,Store C,14,2511.24,10,31641.62,4648.91,0,0
2023-08-19,Office Chair,Furniture,North,Store D,12,7814.52,10,84396.83,24577.8,0,0
2023-08-19,Study Table,Furniture,South,Store D,12,12674.92,5,144494.13,48048.16,0,0
2023-08-19,T-Shirt,Fashion,East,Store E,18,852.73,5,14581.74,3617.43,0,0
2023-08-19,Jeans,Fashion,East,Store D,22,1875.49,10,37134.79,11476.5,0,0
2023-08-19,Shoes,Fashion,East,Store B,30,2603.57,5,74201.62,17693.88,1,0
2023-08-19,Coffee Maker,Home Appliances,East,Store C,15,4480.61,0,67209.19,25325.54,1,0
2023-08-19,Mixer Grinder,Home Appliances,North,Store C,13,3327.53,10,38932.15,3498.04,1,0
2023-08-20,Laptop,Electronics,West,Store D,15,52503.71,0,787555.6,168406.38,0,0
2023-08-20,Smartphone,Electronics,West,Store C,16,24110.54,10,347191.79,63438.52,0,0
2023-08-20,Headphones,Electronics,North,Store C,17,2493.95,10,38157.51,11168.65,0,0
2023-08-20,Office Chair,Furniture,South,Store C,16,7682.26,10,110624.54,34353.32,0,0
2023-08-20,Study Table,Furniture,South,Store D,6,12463.1,0,74778.61,20699.11,0,0
2023-08-20,T-Shirt,Fashion,East,Store A,19,802.53,0,15248.01,6106.64,0,0
2023-08-20,Jeans,Fashion,West,Store A,15,1747.3,0,26209.44,9728.84,0,0
2023-08-20,Shoes,Fashion,East,Store D,24,2498.41,10,53965.64,10689.48,0,0
2023-08-20,Coffee Maker,Home Appliances,East,Store B,9,4619.95,20,33263.67,6119.72,0,0
2023-08-20,Mixer Grinder,Home Appliances,North,Store D,11,3634.71,0,39981.84,12157.0,0,0
2023-08-21,Laptop,Electronics,South,Store A,14,57566.51,10,725338.05,143980.48,1,0
2023-08-21,Smartphone,Electronics,West,Store D,14,25656.02,0,359184.23,124420.62,0,0
2023-08-21,Headphones,Electronics,West,Store C,14,2459.57,0,34434.02,7640.15,0,0
2023-08-21,Office Chair,Furniture,East,Store B,9,7197.47,10,58299.51,13928.68,0,0
2023-08-21,Study Table,Furniture,North,Store C,9,11813.48,0,106321.36,40248.75,0,0
2023-08-21,T-Shirt,Fashion,South,Store B,15,852.82,10,11513.01,4076.19,1,0
2023-08-21,Jeans,Fashion,East,Store C,14,1878.11,10,23664.24,6136.18,0,0
2023-08-21,Shoes,Fashion,East,Store D,11,2391.47,0,26306.21,9189.17,0,0
2023-08-21,Coffee Maker,Home Appliances,West,Store E,7,4332.15,20,24260.02,4823.67,1,0
2023-08-21,Mixer Grinder,Home Appliances,South,Store D,16,3764.18,0,60226.96,22338.03,1,0
2023-08-22,Laptop,Electronics,North,Store C,16,53898.81,10,776142.89,232633.59,0,0
2023-08-22,Smartphone,Electronics,West,Store B,16,25961.53,5,394615.29,101285.25,1,0
2023-08-22,Headphones,Electronics,West,Store C,14,2538.38,20,28429.87,4454.6,0,0
2023-08-22,Office Chair,Furniture,East,Store D,8,7594.68,15,51643.82,10747.86,0,0
2023-08-22,Study Table,Furniture,North,Store C,6,12368.82,0,74212.9,25212.23,0,0
2023-08-22,T-Shirt,Fashion,West,Store B,24,807.52,5,18411.53,4161.66,1,0
2023-08-22,Jeans,Fashion,South,Store C,20,1767.23,10,31810.2,8292.68,0,0
2023-08-22,Shoes,Fashion,East,Store E,15,2423.38,0,36350.75,13722.4,0,0
2023-08-22,Coffee Maker,Home Appliances,West,Store E,12,4586.17,0,55033.99,13148.32,1,0
2023-08-22,Mixer Grinder,Home Appliances,East,Store C,11,3477.69,5,36341.88,10813.54,0,0
2023-08-23,Laptop,Electronics,North,Store B,11,55225.78,0,607483.54,210549.28,0,0
2023-08-23,Smartphone,Electronics,East,Store D,9,25605.02,20,184356.14,43728.33,0,0
2023-08-23,Headphones,Electronics,South,Store E,8,2580.14,5,19609.09,6416.58,0,0
2023-08-23,Office Chair,Furniture,South,Store C,7,7720.25,0,54041.73,17255.26,0,0
2023-08-23,Study Table,Furniture,South,Store E,23,12268.62,15,239851.57,27754.38,1,0
2023-08-23,T-Shirt,Fashion,North,Store B,17,850.37,20,11565.07,2659.15,1,0
2023-08-23,Jeans,Fashion,North,Store C,15,1730.01,0,25950.19,5332.82,0,0
2023-08-23,Shoes,Fashion,West,Store A,12,2580.89,0,30970.63,8223.6,0,0
2023-08-23,Coffee Maker,Home Appliances,South,Store A,12,4681.88,5,53373.4,18501.65,1,0
2023-08-23,Mixer Grinder,Home Appliances,East,Store B,9,3418.7,15,26153.05,2344.49,1,0
2023-08-24,Laptop,Electronics,East,Store C,14,57494.71,0,804925.99,299983.25,0,0
2023-08-24,Smartphone,Electronics,South,Store E,21,26012.25,5,518944.37,155817.95,1,0
2023-08-24,Headphones,Electronics,South,Store D,12,2598.34,15,26503.12,3746.13,1,0
2023-08-24,Office Chair,Furniture,South,Store B,9,7653.05,10,61989.71,18813.24,0,0
2023-08-24,Study Table,Furniture,North,Store B,8,11902.62,10,85698.89,13509.09,0,0
2023-08-24,T-Shirt,Fashion,South,Store E,13,821.39,10,9610.24,3334.67,1,0
2023-08-24,Jeans,Fashion,South,Store E,12,1888.26,5,21526.18,7045.19,0,0
2023-08-24,Shoes,Fashion,North,Store D,22,2374.11,5,49618.97,7716.48,0,0
2023-08-24,Coffee Maker,Home Appliances,East,Store B,12,4631.36,5,52797.5,14474.48,0,0
2023-08-24,Mixer Grinder,Home Appliances,East,Store D,10,3576.05,15,30396.44,8736.03,0,0
2023-08-25,Laptop,Electronics,West,Store E,11,56833.95,0,625173.44,247873.52,0,0
2023-08-25,Smartphone,Electronics,East,Store E,17,24257.84,10,371144.94,101608.12,1,0
2023-08-25,Headphones,Electronics,South,Store D,10,2460.88,5,23378.34,6267.39,1,0
2023-08-25,Office Chair,Furniture,East,Store A,7,7253.93,5,48238.66,10996.71,0,0
2023-08-25,Study Table,Furniture,South,Store E,12,12565.16,5,143242.84,41723.81,0,0
2023-08-25,T-Shirt,Fashion,East,Store B,13,812.53,0,10562.86,2732.35,0,0
2023-08-25,Jeans,Fashion,East,Store D,18,1923.69,5,32895.04,13389.29,0,0
2023-08-25,Shoes,Fashion,North,Store C,29,2406.18,5,66290.28,20540.7,1,0
2023-08-25,Coffee Maker,Home Appliances,North,Store E,10,4543.25,10,40889.23,8112.84,0,0
2023-08-25,Mixer Grinder,Home Appliances,East,Store D,22,3568.15,5,74574.42,21742.9,1,0
2023-08-26,Laptop,Electronics,West,Store C,15,57349.24,5,817226.63,313020.53,0,0
2023-08-26,Smartphone,Electronics,East,Store B,18,26937.63,5,460633.53,173228.69,0,0
2023-08-26,Headphones,Electronics,North,Store B,22,2475.41,10,49013.08,13243.19,1,0
2023-08-26,Office Chair,Furniture,North,Store B,15,7863.17,0,117947.5,42545.67,0,0
2023-08-26,Study Table,Furniture,South,Store B,16,11794.13,0,188706.1,55888.81,1,0
2023-08-26,T-Shirt,Fashion,North,Store A,18,816.08,5,13954.97,4682.34,0,0
2023-08-26,Jeans,Fashion,South,Store D,21,1897.97,15,33878.8,6416.05,1,0
2023-08-26,Shoes,Fashion,East,Store A,31,2377.02,0,73687.5,16398.8,0,0
2023-08-26,Coffee Maker,Home Appliances,East,Store A,11,4307.18,10,42641.07,10104.18,0,0
2023-08-26,Mixer Grinder,Home Appliances,North,Store A,11,3641.15,0,40052.66,10475.7,0,0
2023-08-27,Laptop,Electronics,South,Store C,19,58004.5,0,1102085.53,322750.74,0,0
2023-08-27,Smartphone,Electronics,North,Store C,11,24673.03,10,244263.04,62848.4,0,0
2023-08-27,Headphones,Electronics,East,Store A,17,2504.28,10,38315.53,7627.43,0,0
2023-08-27,Office Chair,Furniture,East,Store B,13,8066.11,0,104859.45,31553.47,0,0
2023-08-27,Study Table,Furniture,East,Store C,13,12871.62,10,150597.92,52453.04,1,0
2023-08-27,T-Shirt,Fashion,South,Store E,18,776.6,5,13279.87,4459.05,0,0
2023-08-27,Jeans,Fashion,South,Store D,31,1786.95,0,55395.34,21357.14,1,0
2023-08-27,Shoes,Fashion,South,Store A,15,2444.59,5,34835.45,7401.53,0,0
2023-08-27,Coffee Maker,Home Appliances,East,Store C,22,4423.26,0,97311.62,36058.19,1,0
2023-08-27,Mixer Grinder,Home Appliances,East,Store D,12,3606.65,10,38951.86,11750.09,0,0
2023-08-28,Laptop,Electronics,East,Store A,21,52731.29,15,941253.49,162197.74,1,0
2023-08-28,Smartphone,Electronics,East,Store E,7,25642.01,15,152569.97,22521.55,1,0
2023-08-28,Headphones,Electronics,South,Store C,15,2398.17,0,35972.48,10585.02,0,0
2023-08-28,Office Chair,Furniture,West,Store A,5,7682.58,0,38412.88,14277.32,1,0
2023-08-28,Study Table,Furniture,South,Store B,13,12105.94,10,141639.48,30899.81,0,0
2023-08-28,T-Shirt,Fashion,North,Store C,18,792.62,5,13553.88,4889.61,0,0
2023-08-28,Jeans,Fashion,North,Store B,16,1858.36,15,25273.7,4014.59,1,0
2023-08-28,Shoes,Fashion,North,Store D,18,2485.93,0,44746.73,15125.78,0,0
2023-08-28,Coffee Maker,Home Appliances,North,Store A,14,4788.71,0,67041.96,23156.72,1,0
2023-08-28,Mixer Grinder,Home Appliances,East,Store D,11,3675.89,0,40434.76,16560.64,1,0
2023-08-29,Laptop,Electronics,North,Store C,12,52733.75,0,632805.03,221673.34,0,0
2023-08-29,Smartphone,Electronics,North,Store B,25,26011.68,10,585262.83,166240.08,1,0
2023-08-29,Headphones,Electronics,West,Store C,11,2545.45,5,26599.95,5994.62,0,0
2023-08-29,Office Chair,Furniture,East,Store B,15,7774.01,10,104949.09,24366.7,1,0
2023-08-29,Study Table,Furniture,North,Store E,11,11927.93,5,124646.91,41531.21,0,0
2023-08-29,T-Shirt,Fashion,South,Store C,12,791.14,0,9493.72,3067.07,0,0
2023-08-29,Jeans,Fashion,East,Store C,21,1875.02,0,39375.37,14661.58,1,0
2023-08-29,Shoes,Fashion,East,Store D,13,2436.87,10,28511.36,7579.54,0,0
2023-08-29,Coffee Maker,Home Appliances,East,Store D,11,4622.03,0,50842.3,14547.55,1,0
2023-08-29,Mixer Grinder,Home Appliances,North,Store D,11,3680.2,0,40482.15,11625.8,1,0
2023-08-30,Laptop,Electronics,East,Store E,15,54835.27,20,658023.29,48492.47,0,0
2023-08-30,Smartphone,Electronics,North,Store B,7,24267.4,0,169871.81,64587.79,0,0
2023-08-30,Headphones,Electronics,North,Store D,16,2538.72,15,34526.64,9849.55,0,0
2023-08-30,Office Chair,Furniture,South,Store C,13,7500.84,5,92635.41,23841.16,0,0
2023-08-30,Study Table,Furniture,West,Store A,9,12547.93,0,112931.39,40709.1,0,0
2023-08-30,T-Shirt,Fashion,West,Store C,17,779.26,5,12584.98,4248.37,1,0
2023-08-30,Jeans,Fashion,North,Store B,16,1847.42,5,28080.77,7881.56,0,0
2023-08-30,Shoes,Fashion,West,Store C,15,2549.91,5,36336.24,7853.74,0,0
2023-08-30,Coffee Maker,Home Appliances,West,Store E,14,4290.72,5,57066.53,7931.09,1,0
2023-08-30,Mixer Grinder,Home Appliances,South,Store E,7,3695.82,10,23283.7,6589.22,0,0
2023-08-31,Laptop,Electronics,South,Store A,13,56753.17,0,737791.16,280647.79,1,0
2023-08-31,Smartphone,Electronics,South,Store E,19,24379.1,5,440042.67,98830.61,0,0
2023-08-31,Headphones,Electronics,East,Store A,20,2678.52,0,53570.3,22629.58,0,0
2023-08-31,Office Chair,Furniture,East,Store B,5,7465.85,20,29863.38,5620.5,0,0
2023-08-31,Study Table,Furniture,North,Store D,9,12401.34,15,94870.29,22902.87,1,0
2023-08-31,T-Shirt,Fashion,West,Store B,17,810.62,20,11024.4,1080.96,1,0
2023-08-31,Jeans,Fashion,North,Store D,10,1773.49,5,16848.2,2953.48,0,0
2023-08-31,Shoes,Fashion,West,Store B,15,2566.16,15,32718.54,4284.75,0,0
2023-08-31,Coffee Maker,Home Appliances,South,Store B,16,4350.91,0,69614.58,18190.7,0,0
2023-08-31,Mixer Grinder,Home Appliances,East,Store A,8,3758.03,0,30064.25,10736.73,0,0
2023-09-01,Laptop,Electronics,East,Store A,14,52679.63,0,737514.84,181556.8,0,0
2023-09-01,Smartphone,Electronics,West,Store C,14,24375.15,10,307126.83,70504.13,1,0
2023-09-01,Headphones,Electronics,South,Store A,11,2509.73,10,24846.28,5866.43,1,0
2023-09-01,Office Chair,Furniture,West,Store D,7,7861.45,5,52278.67,15808.34,0,0
2023-09-01,Study Table,Furniture,West,Store B,8,12167.38,0,97339.02,32480.82,0,0
2023-09-01,T-Shirt,Fashion,East,Store C,17,835.64,20,11364.69,1187.22,0,0
2023-09-01,Jeans,Fashion,West,Store B,7,1878.89,10,11837.02,4192.4,0,0
2023-09-01,Shoes,Fashion,South,Store D,5,2391.34,10,10761.04,1554.12,0,0
2023-09-01,Coffee Maker,Home Appliances,East,Store D,7,4402.66,0,30818.63,11581.25,1,0
2023-09-01,Mixer Grinder,Home Appliances,East,Store A,7,3760.17,10,23689.09,5414.03,0,0
2023-09-02,Laptop,Electronics,West,Store D,12,52556.93,10,567614.81,83429.9,0,0
2023-09-02,Smartphone,Electronics,East,Store A,10,25530.3,15,217007.55,40940.85,0,0
2023-09-02,Headphones,Electronics,West,Store D,10,2584.71,15,21970.07,4733.57,0,0
2023-09-02,Office Chair,Furniture,North,Store A,6,7496.43,10,40480.7,12705.0,0,0
2023-09-02,Study Table,Furniture,North,Store B,10,11559.24,0,115592.45,41909.22,0,0
2023-09-02,T-Shirt,Fashion,North,Store B,20,850.41,10,15307.4,3113.21,0,0
2023-09-02,Jeans,Fashion,South,Store C,16,1793.92,10,25832.51,4205.21,0,0
2023-09-02,Shoes,Fashion,East,Store A,15,2572.29,0,38584.36,14849.77,0,0
2023-09-02,Coffee Maker,Home Appliances,South,Store D,5,4703.61,0,23518.04,8522.06,0,0
2023-09-02,Mixer Grinder,Home Appliances,West,Store C,8,3520.66,0,28165.24,8635.03,0,0
2023-09-03,Laptop,Electronics,North,Store D,16,57831.26,5,879035.23,240158.38,1,0
2023-09-03,Smartphone,Electronics,South,Store C,8,24641.66,10,177419.93,27655.07,0,0
2023-09-03,Headphones,Electronics,South,Store C,14,2395.62,0,33538.69,7671.82,1,0
2023-09-03,Office Chair,Furniture,South,Store B,7,7164.43,10,45135.9,5875.88,0,0
2023-09-03,Study Table,Furniture,North,Store A,6,11691.88,5,66643.7,17376.88,0,0
2023-09-03,T-Shirt,Fashion,South,Store B,14,802.52,10,10111.75,3092.94,0,0
2023-09-03,Jeans,Fashion,West,Store E,16,1754.26,15,23857.97,4423.31,0,0
2023-09-03,Shoes,Fashion,North,Store A,14,2420.15,0,33882.14,10687.16,0,0
2023-09-03,Coffee Maker,Home Appliances,West,Store E,10,4816.56,5,45757.3,12519.25,1,0
2023-09-03,Mixer Grinder,Home Appliances,East,Store E,7,3366.42,0,23564.93,7306.94,1,0
2023-09-04,Laptop,Electronics,East,Store B,9,58131.83,15,444708.5,85551.94,0,0
2023-09-04,Smartphone,Electronics,East,Store B,10,24513.54,0,245135.45,67280.72,0,0
2023-09-04,Headphones,Electronics,North,Store B,16,2452.83,10,35320.69,7030.58,0,0
2023-09-04,Office Chair,Furniture,West,Store B,6,7890.82,5,44977.67,15338.71,0,0
2023-09-04,Study Table,Furniture,South,Store E,7,12501.96,0,87513.75,24189.01,1,0
2023-09-04,T-Shirt,Fashion,East,Store B,2,835.46,10,1503.82,310.89,0,0
2023-09-04,Jeans,Fashion,South,Store D,10,1895.57,0,18955.7,7421.2,1,0
2023-09-04,Shoes,Fashion,East,Store C,5,2374.13,0,11870.64,2806.04,0,0
2023-09-04,Coffee Maker,Home Appliances,West,Store D,4,4745.91,0,18983.66,6457.24,1,0
2023-09-04,Mixer Grinder,Home Appliances,West,Store B,10,3646.2,5,34638.93,9844.56,0,0
2023-09-05,Laptop,Electronics,West,Store A,8,57487.12,15,390912.4,96939.05,0,0
2023-09-05,Smartphone,Electronics,South,Store C,10,26820.2,0,268201.96,114147.72,0,0
2023-09-05,Headphones,Electronics,South,Store E,10,2639.37,20,21114.98,5692.35,0,0
2023-09-05,Office Chair,Furniture,North,Store B,4,7556.61,5,28715.12,9548.5,0,0
2023-09-05,Study Table,Furniture,East,Store C,7,12811.57,10,80712.89,21207.62,1,0
2023-09-05,T-Shirt,Fashion,East,Store D,5,778.34,0,3891.71,1194.87,0,0
2023-09-05,Jeans,Fashion,West,Store A,5,1741.36,5,8271.46,2080.2,0,0
2023-09-05,Shoes,Fashion,South,Store C,17,2380.52,10,36421.89,3861.03,1,0
2023-09-05,Coffee Maker,Home Appliances,South,Store A,7,4308.0,5,28648.22,8383.14,0,0
2023-09-05,Mixer Grinder,Home Appliances,East,Store D,9,3536.18,15,27051.8,7809.92,0,0
2023-09-06,Laptop,Electronics,South,Store A,19,53915.13,10,921948.75,204985.77,0,0
2023-09-06,Smartphone,Electronics,East,Store C,13,25229.95,5,311589.82,85097.14,0,0
2023-09-06,Headphones,Electronics,South,Store C,11,2591.12,5,27077.19,9065.02,0,0
2023-09-06,Office Chair,Furniture,East,Store C,6,7256.22,0,43537.35,11669.82,1,0
2023-09-06,Study Table,Furniture,South,Store E,2,12386.81,5,23534.94,7274.27,0,0
2023-09-06,T-Shirt,Fashion,South,Store A,12,761.04,5,8675.87,2363.79,1,0
2023-09-06,Jeans,Fashion,East,Store B,16,1850.28,0,29604.44,10226.56,1,0
2023-09-06,Shoes,Fashion,West,Store C,10,2537.52,10,22837.72,7792.85,0,0
2023-09-06,Coffee Maker,Home Appliances,South,Store D,4,4737.84,5,18003.81,6683.08,1,0
2023-09-06,Mixer Grinder,Home Appliances,West,Store D,7,3472.74,0,24309.15,9283.04,0,0
2023-09-07,Laptop,Electronics,East,Store A,11,54927.91,10,543786.28,136963.19,0,0
2023-09-07,Smartphone,Electronics,East,Store A,12,25217.05,0,302604.55,115840.46,0,0
2023-09-07,Headphones,Electronics,East,Store B,16,2376.55,15,32321.08,7841.16,0,0
2023-09-07,Office Chair,Furniture,North,Store B,10,7749.6,0,77496.02,19618.62,1,0
2023-09-07,Study Table,Furniture,North,Store E,8,11582.05,0,92656.44,19163.22,1,0
2023-09-07,T-Shirt,Fashion,East,Store B,14,794.23,15,9451.3,1332.56,1,0
2023-09-07,Jeans,Fashion,East,Store D,14,1725.47,20,19325.28,1792.76,0,0
2023-09-07,Shoes,Fashion,West,Store E,7,2531.69,0,17721.83,4718.51,0,0
2023-09-07,Coffee Maker,Home Appliances,North,Store A,6,4484.1,0,26904.61,8642.35,0,0
2023-09-07,Mixer Grinder,Home Appliances,North,Store D,14,3732.19,5,49638.15,12478.37,1,0
2023-09-08,Laptop,Electronics,North,Store D,8,52637.54,20,336880.23,18318.32,0,0
2023-09-08,Smartphone,Electronics,South,Store B,12,24190.73,10,261259.83,79169.36,0,0
2023-09-08,Headphones,Electronics,South,Store E,15,2529.54,0,37943.13,10872.29,0,0
2023-09-08,Office Chair,Furniture,North,Store E,5,7950.54,0,39752.72,12026.25,1,0
2023-09-08,Study Table,Furniture,North,Store A,8,11570.85,0,92566.78,29454.57,1,0
2023-09-08,T-Shirt,Fashion,East,Store E,7,812.31,5,5401.83,1681.48,0,0
2023-09-08,Jeans,Fashion,East,Store C,6,1862.84,10,10059.33,3217.63,0,0
2023-09-08,Shoes,Fashion,South,Store B,13,2691.84,15,29744.83,9050.08,0,0
2023-09-08,Coffee Maker,Home Appliances,East,Store B,5,4641.2,0,23206.02,6492.67,0,0
2023-09-08,Mixer Grinder,Home Appliances,North,Store E,7,3512.36,15,20898.53,4664.32,0,0
2023-09-09,Laptop,Electronics,North,Store B,27,54600.27,15,1253076.28,358693.13,1,0
2023-09-09,Smartphone,Electronics,East,Store A,6,24977.37,15,127384.56,27863.15,0,0
2023-09-09,Headphones,Electronics,East,Store C,12,2508.72,0,30104.63,9907.82,1,0
2023-09-09,Office Chair,Furniture,North,Store B,10,7270.06,15,61795.48,4157.78,0,0
2023-09-09,Study Table,Furniture,South,Store E,6,12271.61,0,73629.69,23194.12,0,0
2023-09-09,T-Shirt,Fashion,South,Store A,12,839.4,5,9569.16,2946.9,0,0
2023-09-09,Jeans,Fashion,North,Store A,10,1798.18,15,15284.53,3652.61,0,0
2023-09-09,Shoes,Fashion,North,Store A,13,2385.69,5,29463.25,8666.7,0,0
2023-09-09,Coffee Maker,Home Appliances,South,Store D,11,4314.18,5,45083.18,13968.95,1,0
2023-09-09,Mixer Grinder,Home Appliances,North,Store A,9,3662.12,15,28015.19,3912.49,1,0
2023-09-10,Laptop,Electronics,West,Store D,11,57491.29,10,569163.75,147945.25,1,0
2023-09-10,Smartphone,Electronics,West,Store A,25,23812.77,0,595319.24,193623.1,1,0
2023-09-10,Headphones,Electronics,South,Store B,9,2464.82,10,19965.07,4156.99,1,0
2023-09-10,Office Chair,Furniture,East,Store E,10,7332.72,0,73327.21,25798.47,1,0
2023-09-10,Study Table,Furniture,East,Store E,6,12511.98,5,71318.31,27998.22,0,0
2023-09-10,T-Shirt,Fashion,West,Store A,12,763.98,10,8250.97,2082.2,0,0
2023-09-10,Jeans,Fashion,East,Store C,10,1810.74,0,18107.4,5587.89,0,0
2023-09-10,Shoes,Fashion,East,Store B,13,2397.41,5,29607.97,7541.93,0,0
2023-09-10,Coffee Maker,Home Appliances,South,Store B,7,4413.78,0,30896.47,8352.09,0,0
2023-09-10,Mixer Grinder,Home Appliances,South,Store D,8,3494.47,5,26557.94,7650.96,0,0
2023-09-11,Laptop,Electronics,East,Store E,7,58104.56,10,366058.72,94306.43,0,0
2023-09-11,Smartphone,Electronics,South,Store D,8,25328.09,10,182362.24,55628.62,0,0
2023-09-11,Headphones,Electronics,East,Store C,6,2383.93,15,12158.06,2880.4,0,0
2023-09-11,Office Chair,Furniture,South,Store C,5,7138.54,0,35692.71,10807.4,0,0
2023-09-11,Study Table,Furniture,West,Store E,7,12288.6,15,73117.19,9407.96,0,0
2023-09-11,T-Shirt,Fashion,East,Store A,8,848.63,15,5770.7,1328.04,0,0
2023-09-11,Jeans,Fashion,North,Store D,8,1727.05,10,12434.79,2636.28,0,0
2023-09-11,Shoes,Fashion,East,Store A,14,2689.1,10,33882.69,10697.01,0,0
2023-09-11,Coffee Maker,Home Appliances,West,Store E,11,4383.92,5,45811.97,12691.29,0,0
2023-09-11,Mixer Grinder,Home Appliances,East,Store D,11,3406.61,10,33725.43,8985.72,1,0
2023-09-12,Laptop,Electronics,West,Store D,12,53345.08,0,640140.99,147813.65,1,0
2023-09-12,Smartphone,Electronics,West,Store E,15,24824.81,15,316516.3,80309.0,1,0
2023-09-12,Headphones,Electronics,South,Store A,7,2524.35,0,17670.44,4313.98,0,0
2023-09-12,Office Chair,Furniture,East,Store C,6,7383.35,20,35440.1,2847.29,0,0
2023-09-12,Study Table,Furniture,North,Store C,8,11785.39,15,80140.68,19062.2,1,0
2023-09-12,T-Shirt,Fashion,South,Store D,10,826.92,0,8269.21,3321.03,1,0
2023-09-12,Jeans,Fashion,West,Store A,6,1940.51,5,11060.92,2705.99,0,0
2023-09-12,Shoes,Fashion,West,Store E,17,2666.48,10,40797.13,13929.79,1,0
2023-09-12,Coffee Maker,Home Appliances,East,Store E,7,4856.13,15,28893.96,4439.24,0,0
2023-09-12,Mixer Grinder,Home Appliances,East,Store B,4,3371.53,15,11463.19,2857.5,0,0
2023-09-13,Laptop,Electronics,South,Store B,7,56408.44,0,394859.08,108858.27,0,0
2023-09-13,Smartphone,Electronics,North,Store B,15,26640.17,15,339662.17,78757.3,1,0
2023-09-13,Headphones,Electronics,East,Store C,9,2503.3,10,20276.71,6618.05,0,0
2023-09-13,Office Chair,Furniture,East,Store E,6,7416.39,10,40048.51,8347.19,1,0
2023-09-13,Study Table,Furniture,West,Store C,3,12134.97,0,36404.91,13617.6,0,0
2023-09-13,T-Shirt,Fashion,West,Store E,11,854.8,10,8462.48,2850.5,0,0
2023-09-13,Jeans,Fashion,East,Store B,12,1780.26,10,19226.78,5588.49,0,0
2023-09-13,Shoes,Fashion,North,Store D,13,2600.49,5,32116.01,7596.29,0,0
2023-09-13,Coffee Maker,Home Appliances,West,Store D,9,4580.46,5,39162.91,8201.41,1,0
2023-09-13,Mixer Grinder,Home Appliances,East,Store B,12,3335.01,15,34017.13,3678.19,1,0
2023-09-14,Laptop,Electronics,West,Store C,12,56061.53,20,538190.65,24135.5,0,0
2023-09-14,Smartphone,Electronics,North,Store C,7,24379.62,0,170657.36,41976.78,0,0
2023-09-14,Headphones,Electronics,South,Store D,7,2638.17,0,18467.16,5114.41,0,0
2023-09-14,Office Chair,Furniture,East,Store D,4,7348.3,20,23514.56,2080.7,0,0
2023-09-14,Study Table,Furniture,East,Store C,6,12810.41,0,76862.48,27879.99,1,0
2023-09-14,T-Shirt,Fashion,North,Store B,8,773.65,5,5879.74,1429.16,0,0
2023-09-14,Jeans,Fashion,North,Store C,9,1804.02,5,15424.33,5032.76,1,0
2023-09-14,Shoes,Fashion,North,Store C,12,2557.6,20,24552.94,4416.41,1,0
2023-09-14,Coffee Maker,Home Appliances,South,Store A,8,4346.86,15,29558.62,4654.11,1,0
2023-09-14,Mixer Grinder,Home Appliances,East,Store E,6,3521.18,0,21127.08,6914.06,0,0
2023-09-15,Laptop,Electronics,North,Store B,13,54451.78,20,566298.51,79386.73,1,0
2023-09-15,Smartphone,Electronics,South,Store A,12,26107.47,0,313289.64,120487.25,1,0
2023-09-15,Headphones,Electronics,West,Store A,9,2683.5,0,24151.53,6658.47,0,0
2023-09-15,Office Chair,Furniture,South,Store B,8,7976.08,10,57427.8,10702.77,0,0
2023-09-15,Study Table,Furniture,West,Store B,6,11972.79,0,71836.73,16375.7,0,0
2023-09-15,T-Shirt,Fashion,North,Store A,11,806.51,0,8871.58,2409.81,0,0
2023-09-15,Jeans,Fashion,South,Store D,7,1853.47,5,12325.55,3312.0,0,0
2023-09-15,Shoes,Fashion,North,Store A,14,2407.29,0,33702.07,12433.21,1,0
2023-09-15,Coffee Maker,Home Appliances,North,Store D,6,4491.55,0,26949.32,8230.45,0,0
2023-09-15,Mixer Grinder,Home Appliances,West,Store A,8,3422.73,0,27381.84,9229.36,0,0
2023-09-16,Laptop,Electronics,North,Store B,7,58611.43,0,410280.0,165506.45,0,0
2023-09-16,Smartphone,Electronics,West,Store B,11,26494.78,10,262298.28,83127.91,0,0
2023-09-16,Headphones,Electronics,West,Store C,8,2576.54,0,20612.36,6764.09,0,0
2023-09-16,Office Chair,Furniture,East,Store D,7,7439.49,15,44264.97,7125.22,0,0
2023-09-16,Study Table,Furniture,North,Store D,13,12653.63,5,156272.36,44785.76,0,0
2023-09-16,T-Shirt,Fashion,South,Store B,12,829.35,5,9454.55,2809.29,0,0
2023-09-16,Jeans,Fashion,West,Store B,12,1854.94,20,17807.42,1176.87,0,0
2023-09-16,Shoes,Fashion,West,Store A,15,2557.69,5,36447.08,12537.71,0,0
2023-09-16,Coffee Maker,Home Appliances,North,Store B,14,4742.97,0,66401.53,25595.99,1,0
2023-09-16,Mixer Grinder,Home Appliances,East,Store D,11,3557.26,20,31303.9,6249.17,0,0
2023-09-17,Laptop,Electronics,East,Store D,13,56439.43,0,733712.62,204111.34,0,0
2023-09-17,Smartphone,Electronics,East,Store B,10,24472.74,0,244727.4,79763.63,0,0
2023-09-17,Headphones,Electronics,West,Store A,12,2441.87,10,26372.17,6539.64,0,0
2023-09-17,Office Chair,Furniture,East,Store B,7,8038.01,0,56266.08,16005.77,0,0
2023-09-17,Study Table,Furniture,West,Store B,12,11863.54,5,135244.31,44955.74,1,0
2023-09-17,T-Shirt,Fashion,East,Store B,17,807.66,0,13730.24,4004.54,0,0
2023-09-17,Jeans,Fashion,East,Store A,11,1835.81,10,18174.54,5044.31,0,0
2023-09-17,Shoes,Fashion,East,Store C,13,2697.99,0,35073.88,14272.72,0,0
2023-09-17,Coffee Maker,Home Appliances,East,Store B,11,4815.12,10,47669.65,11216.52,0,0
2023-09-17,Mixer Grinder,Home Appliances,West,Store E,4,3422.27,0,13689.08,4408.95,0,0
2023-09-18,Laptop,Electronics,West,Store A,14,53507.85,5,711654.39,185223.07,1,0
2023-09-18,Smartphone,Electronics,South,Store E,6,25268.51,0,151611.03,46249.38,0,0
2023-09-18,Headphones,Electronics,South,Store B,7,2594.38,5,17252.62,6395.51,0,0
2023-09-18,Office Chair,Furniture,West,Store A,3,7608.15,10,20542.0,5468.5,0,0
2023-09-18,Study Table,Furniture,South,Store B,7,11580.8,0,81065.62,22463.78,0,0
2023-09-18,T-Shirt,Fashion,South,Store A,9,860.71,0,7746.38,2449.97,0,0
2023-09-18,Jeans,Fashion,East,Store D,10,1801.51,0,18015.1,5592.79,0,0
2023-09-18,Shoes,Fashion,West,Store D,12,2641.49,15,26943.25,5978.32,0,0
2023-09-18,Coffee Maker,Home Appliances,South,Store C,6,4387.98,10,23695.09,4325.4,0,0
2023-09-18,Mixer Grinder,Home Appliances,South,Store C,10,3603.28,15,30627.9,7279.69,1,0
2023-09-19,Laptop,Electronics,West,Store E,13,55583.67,10,650328.99,138406.95,1,0
2023-09-19,Smartphone,Electronics,West,Store A,9,24430.7,10,197888.66,59108.78,0,0
2023-09-19,Headphones,Electronics,South,Store E,9,2494.99,10,20209.43,5354.96,0,0
2023-09-19,Office Chair,Furniture,East,Store C,6,7813.49,10,42192.85,10993.04,0,0
2023-09-19,Study Table,Furniture,North,Store A,10,11843.12,5,112509.64,26890.64,1,0
2023-09-19,T-Shirt,Fashion,East,Store E,8,834.27,0,6674.17,2704.7,0,0
2023-09-19,Jeans,Fashion,East,Store E,11,1808.58,5,18899.7,5309.14,0,0
2023-09-19,Shoes,Fashion,West,Store B,20,2401.09,5,45620.76,13672.5,0,0
2023-09-19,Coffee Maker,Home Appliances,West,Store D,6,4518.12,5,25753.27,6426.83,0,0
2023-09-19,Mixer Grinder,Home Appliances,West,Store E,6,3571.13,5,20355.42,7480.42,0,0
2023-09-20,Laptop,Electronics,East,Store D,9,52648.4,15,402760.26,87438.8,1,0
2023-09-20,Smartphone,Electronics,North,Store C,13,26249.69,0,341245.92,106135.8,0,0
2023-09-20,Headphones,Electronics,East,Store A,8,2380.57,5,18092.3,4084.28,0,0
2023-09-20,Office Chair,Furniture,East,Store E,5,7239.16,0,36195.8,9923.16,0,0
2023-09-20,Study Table,Furniture,West,Store C,8,12634.49,15,85914.54,22558.19,1,0
2023-09-20,T-Shirt,Fashion,East,Store C,11,766.51,20,6745.25,764.76,0,0
2023-09-20,Jeans,Fashion,West,Store A,13,1763.84,10,20636.96,5045.05,0,0
2023-09-20,Shoes,Fashion,South,Store E,8,2455.29,5,18660.23,4091.57,0,0
2023-09-20,Coffee Maker,Home Appliances,West,Store A,7,4523.67,5,30082.42,9141.11,0,0
2023-09-20,Mixer Grinder,Home Appliances,North,Store A,12,3468.89,10,37464.04,8857.14,1,0
2023-09-21,Laptop,Electronics,West,Store C,9,56990.96,5,487272.69,139970.12,1,0
2023-09-21,Smartphone,Electronics,East,Store A,7,25440.79,15,151372.73,45258.28,0,0
2023-09-21,Headphones,Electronics,South,Store E,11,2605.83,0,28664.11,8939.89,0,0
2023-09-21,Office Chair,Furniture,North,Store B,6,7530.38,15,38404.95,8537.91,0,0
2023-09-21,Study Table,Furniture,East,Store A,8,12767.51,10,91926.09,19796.29,0,0
2023-09-21,T-Shirt,Fashion,East,Store A,16,779.51,15,10601.32,1919.25,0,0
2023-09-21,Jeans,Fashion,North,Store C,10,1773.54,5,16848.6,3961.65,0,0
2023-09-21,Shoes,Fashion,West,Store E,10,2583.69,5,24545.08,5208.91,0,0
2023-09-21,Coffee Maker,Home Appliances,West,Store C,9,4428.89,0,39860.02,9447.65,1,0
2023-09-21,Mixer Grinder,Home Appliances,North,Store D,8,3579.22,10,25770.39,6527.49,1,0
2023-09-22,Laptop,Electronics,West,Store D,8,56539.37,15,384467.69,65206.04,0,0
2023-09-22,Smartphone,Electronics,North,Store C,13,24742.99,15,273410.07,70343.46,1,0
2023-09-22,Headphones,Electronics,South,Store E,14,2488.41,15,29612.04,5076.9,1,0
2023-09-22,Office Chair,Furniture,East,Store D,7,7241.26,15,43085.51,6114.75,1,0
2023-09-22,Study Table,Furniture,South,Store E,4,11766.18,0,47064.71,13186.39,0,0
2023-09-22,T-Shirt,Fashion,West,Store C,6,785.07,10,4239.38,661.3,0,0
2023-09-22,Jeans,Fashion,North,Store A,16,1840.3,0,29444.88,8652.3,0,0
2023-09-22,Shoes,Fashion,North,Store C,12,2547.42,5,29040.55,9923.57,0,0
2023-09-22,Coffee Maker,Home Appliances,South,Store E,11,4590.61,10,45447.01,10326.8,1,0
2023-09-22,Mixer Grinder,Home Appliances,East,Store A,7,3429.0,0,24003.0,6544.8,0,0
2023-09-23,Laptop,Electronics,West,Store B,14,54182.85,5,720631.87,234658.38,0,0
2023-09-23,Smartphone,Electronics,East,Store E,10,25729.83,5,244433.38,73279.84,0,0
2023-09-23,Headphones,Electronics,North,Store B,12,2589.88,10,27970.69,7287.49,0,0
2023-09-23,Office Chair,Furniture,East,Store A,8,8053.72,0,64429.74,24003.77,0,0
2023-09-23,Study Table,Furniture,East,Store A,7,12913.84,0,90396.89,26740.51,1,0
2023-09-23,T-Shirt,Fashion,East,Store D,13,848.79,15,9379.13,2082.03,0,0
2023-09-23,Jeans,Fashion,South,Store D,15,1726.26,5,24599.18,6707.32,0,0
2023-09-23,Shoes,Fashion,South,Store C,9,2615.57,0,23540.09,8998.11,0,0
2023-09-23,Coffee Maker,Home Appliances,North,Store A,14,4319.55,5,57450.01,10266.16,1,0
2023-09-23,Mixer Grinder,Home Appliances,South,Store E,5,3514.84,15,14938.09,3617.65,0,0
2023-09-24,Laptop,Electronics,South,Store E,15,55638.74,15,709393.92,107874.32,0,0
2023-09-24,Smartphone,Electronics,South,Store A,15,25081.38,15,319787.54,66525.8,1,0
2023-09-24,Headphones,Electronics,North,Store B,11,2403.51,20,21150.92,2377.29,0,0
2023-09-24,Office Chair,Furniture,West,Store D,12,7482.78,0,89793.4,34333.21,1,0
2023-09-24,Study Table,Furniture,North,Store A,7,11813.15,15,70288.23,14460.16,0,0
2023-09-24,T-Shirt,Fashion,South,Store C,13,763.95,5,9434.74,2234.76,0,0
2023-09-24,Jeans,Fashion,North,Store E,18,1773.68,15,27137.35,5595.31,0,0
2023-09-24,Shoes,Fashion,South,Store A,20,2545.96,0,50919.11,17801.56,0,0
2023-09-24,Coffee Maker,Home Appliances,South,Store D,10,4552.52,0,45525.2,16188.5,1,0
2023-09-24,Mixer Grinder,Home Appliances,South,Store A,11,3632.48,0,39957.23,15920.55,1,0
2023-09-25,Laptop,Electronics,North,Store D,7,52437.97,10,330359.23,68652.27,0,0
2023-09-25,Smartphone,Electronics,West,Store A,13,25036.3,5,309198.28,86155.98,1,0
2023-09-25,Headphones,Electronics,North,Store A,9,2488.92,15,19040.26,2780.77,1,0
2023-09-25,Office Chair,Furniture,North,Store A,7,8067.16,10,50823.09,11354.17,1,0
2023-09-25,Study Table,Furniture,West,Store A,2,12649.06,0,25298.13,9609.5,0,0
2023-09-25,T-Shirt,Fashion,South,Store E,14,818.05,0,11452.73,4489.96,1,0
2023-09-25,Jeans,Fashion,West,Store E,11,1928.11,0,21209.23,9105.97,0,0
2023-09-25,Shoes,Fashion,East,Store E,18,2653.35,15,40596.24,7874.51,1,0
2023-09-25,Coffee Maker,Home Appliances,West,Store A,3,4466.74,5,12730.21,3926.53,0,0
2023-09-25,Mixer Grinder,Home Appliances,East,Store C,9,3567.34,5,30500.74,11483.87,0,0
2023-09-26,Laptop,Electronics,East,Store E,9,53860.92,5,460510.86,118349.36,0,0
2023-09-26,Smartphone,Electronics,East,Store D,12,26421.35,0,317056.15,96709.55,0,0
2023-09-26,Headphones,Electronics,South,Store D,7,2491.91,5,16571.21,5546.19,0,0
2023-09-26,Office Chair,Furniture,West,Store E,5,7410.62,5,35200.44,11157.26,0,0
2023-09-26,Study Table,Furniture,South,Store A,13,12110.81,0,157440.56,51834.1,1,0
2023-09-26,T-Shirt,Fashion,South,Store E,11,858.69,5,8973.27,2151.21,0,0
2023-09-26,Jeans,Fashion,North,Store C,8,1790.72,0,14325.8,5505.53,0,0
2023-09-26,Shoes,Fashion,North,Store A,11,2375.11,15,22207.3,4063.24,0,0
2023-09-26,Coffee Maker,Home Appliances,West,Store E,7,4846.24,0,33923.65,13805.46,1,0
2023-09-26,Mixer Grinder,Home Appliances,East,Store C,7,3674.61,10,23150.03,6998.35,0,0
2023-09-27,Laptop,Electronics,West,Store D,3,56473.11,5,160948.37,53694.6,1,0
2023-09-27,Smartphone,Electronics,South,Store E,10,24571.61,15,208858.65,35781.98,0,0
2023-09-27,Headphones,Electronics,North,Store D,8,2681.19,15,18232.06,5893.26,0,0
2023-09-27,Office Chair,Furniture,East,Store A,5,7534.29,5,35787.87,11054.98,0,0
2023-09-27,Study Table,Furniture,East,Store C,8,11435.97,0,91487.78,29000.06,0,0
2023-09-27,T-Shirt,Fashion,West,Store A,11,788.78,5,8242.73,1621.06,0,0
2023-09-27,Jeans,Fashion,East,Store E,12,1758.43,10,18991.0,4224.2,0,0
2023-09-27,Shoes,Fashion,East,Store A,17,2487.55,10,38059.49,10242.58,0,0
2023-09-27,Coffee Maker,Home Appliances,South,Store B,9,4400.55,5,37624.72,9354.33,0,0
2023-09-27,Mixer Grinder,Home Appliances,East,Store C,11,3760.38,10,37227.72,7880.39,1,0
2023-09-28,Laptop,Electronics,East,Store A,12,59251.14,5,675463.03,236605.28,0,0
2023-09-28,Smartphone,Electronics,North,Store E,10,25620.39,20,204963.14,26266.64,1,0
2023-09-28,Headphones,Electronics,North,Store A,6,2470.32,0,14821.91,3763.05,0,0
2023-09-28,Office Chair,Furniture,South,Store C,11,7651.81,5,79961.37,24432.49,1,0
2023-09-28,Study Table,Furniture,East,Store E,11,11840.94,20,104200.29,21337.66,0,0
2023-09-28,T-Shirt,Fashion,North,Store C,10,791.58,0,7915.79,3036.61,0,0
2023-09-28,Jeans,Fashion,South,Store D,18,1809.08,10,29307.07,9605.13,0,0
2023-09-28,Shoes,Fashion,West,Store A,9,2633.75,0,23703.72,8273.24,1,0
2023-09-28,Coffee Maker,Home Appliances,East,Store B,10,4571.64,0,45716.42,11885.6,0,0
2023-09-28,Mixer Grinder,Home Appliances,East,Store C,2,3467.13,15,5894.12,878.35,0,0
2023-09-29,Laptop,Electronics,South,Store B,8,53008.49,10,381661.12,101230.36,0,0
2023-09-29,Smartphone,Electronics,North,Store A,14,26515.62,5,352657.74,97647.12,0,0
2023-09-29,Headphones,Electronics,North,Store E,12,2592.07,0,31104.78,10143.06,0,0
2023-09-29,Office Chair,Furniture,North,Store D,5,7529.31,0,37646.55,13001.4,0,0
2023-09-29,Study Table,Furniture,West,Store C,7,12708.75,0,88961.28,29871.36,0,0
2023-09-29,T-Shirt,Fashion,North,Store C,10,827.15,15,7030.74,1970.27,0,0
2023-09-29,Jeans,Fashion,North,Store D,13,1760.52,5,21742.45,5120.03,1,0
2023-09-29,Shoes,Fashion,East,Store B,11,2575.67,0,28332.32,7677.35,0,0
2023-09-29,Coffee Maker,Home Appliances,North,Store A,12,4464.13,0,53569.57,12887.78,0,0
2023-09-29,Mixer Grinder,Home Appliances,South,Store E,4,3760.43,0,15041.7,5855.6,0,0
2023-09-30,Laptop,Electronics,North,Store D,15,53978.58,0,809678.71,256279.42,0,0
2023-09-30,Smartphone,Electronics,South,Store D,17,25080.7,0,426371.9,138948.33,1,0
2023-09-30,Headphones,Electronics,West,Store D,8,2624.3,15,17845.25,3393.65,0,0
2023-09-30,Office Chair,Furniture,East,Store D,4,7381.45,0,29525.8,9543.56,0,0
2023-09-30,Study Table,Furniture,West,Store A,4,12002.23,10,43208.04,11584.9,0,0
2023-09-30,T-Shirt,Fashion,South,Store E,18,785.63,10,12727.23,3827.82,0,0
2023-09-30,Jeans,Fashion,West,Store D,15,1802.8,5,25689.96,7915.06,1,0
2023-09-30,Shoes,Fashion,North,Store B,24,2596.27,20,49848.31,4880.76,1,0
2023-09-30,Coffee Maker,Home Appliances,East,Store B,10,4802.63,5,45625.0,13939.9,0,0
2023-09-30,Mixer Grinder,Home Appliances,North,Store C,7,3588.9,10,22610.05,5050.42,0,0
2023-10-01,Laptop,Electronics,South,Store A,15,56022.41,0,840336.16,297276.04,1,0
2023-10-01,Smartphone,Electronics,West,Store C,25,26737.91,0,668447.84,244260.58,1,0
2023-10-01,Headphones,Electronics,West,Store B,18,2671.15,5,45676.69,11507.3,0,0
2023-10-01,Office Chair,Furniture,South,Store B,15,7930.9,15,101119.02,15242.51,0,0
2023-10-01,Study Table,Furniture,South,Store B,12,11841.39,20,113677.36,22426.92,0,0
2023-10-01,T-Shirt,Fashion,North,Store C,27,765.47,10,18600.95,5340.57,0,0
2023-10-01,Jeans,Fashion,West,Store C,21,1908.18,0,40071.77,16715.45,0,0
2023-10-01,Shoes,Fashion,West,Store D,25,2505.5,10,56373.68,8426.77,1,0
2023-10-01,Coffee Maker,Home Appliances,East,Store A,14,4651.63,15,55354.44,13472.93,1,0
2023-10-01,Mixer Grinder,Home Appliances,West,Store C,18,3757.28,5,64249.47,20189.55,1,0
2023-10-02,Laptop,Electronics,South,Store D,20,54090.4,5,1027717.52,241364.89,1,0
2023-10-02,Smartphone,Electronics,North,Store A,13,26433.08,10,309267.09,90459.28,1,0
2023-10-02,Headphones,Electronics,East,Store D,12,2608.62,20,25042.71,5021.21,0,0
2023-10-02,Office Chair,Furniture,East,Store B,10,7295.73,0,72957.33,19430.19,0,0
2023-10-02,Study Table,Furniture,West,Store E,5,11529.49,5,54765.06,13233.65,0,0
2023-10-02,T-Shirt,Fashion,East,Store B,17,819.51,10,12538.43,2151.65,0,0
2023-10-02,Jeans,Fashion,West,Store A,26,1896.6,5,46846.03,14058.06,1,0
2023-10-02,Shoes,Fashion,East,Store E,12,2475.53,0,29706.33,7634.99,0,0
2023-10-02,Coffee Maker,Home Appliances,West,Store C,9,4791.72,10,38812.92,7391.62,0,0
2023-10-02,Mixer Grinder,Home Appliances,East,Store D,16,3605.9,5,54809.74,16342.38,0,0
2023-10-03,Laptop,Electronics,North,Store D,9,57105.58,0,513950.26,209622.35,0,0
2023-10-03,Smartphone,Electronics,North,Store C,9,24312.91,0,218816.2,69683.63,0,0
2023-10-03,Headphones,Electronics,South,Store E,15,2415.43,0,36231.49,13428.04,1,0
2023-10-03,Office Chair,Furniture,South,Store E,13,7244.26,5,89466.56,25818.73,0,0
2023-10-03,Study Table,Furniture,East,Store D,10,11797.16,10,106174.43,23930.94,1,0
2023-10-03,T-Shirt,Fashion,North,Store E,11,848.43,20,7466.21,847.49,0,0
2023-10-03,Jeans,Fashion,South,Store B,30,1805.93,5,51468.88,15840.2,1,0
2023-10-03,Shoes,Fashion,East,Store D,16,2632.94,0,42126.99,16877.57,0,0
2023-10-03,Coffee Maker,Home Appliances,East,Store D,11,4799.29,10,47513.0,10923.97,0,0
2023-10-03,Mixer Grinder,Home Appliances,North,Store B,5,3527.5,10,15873.73,4834.69,0,0
2023-10-04,Laptop,Electronics,West,Store A,7,54007.93,0,378055.5,95619.49,0,0
2023-10-04,Smartphone,Electronics,East,Store A,9,26512.3,0,238610.72,74945.26,1,0
2023-10-04,Headphones,Electronics,South,Store B,15,2539.83,15,32382.8,6236.39,0,0
2023-10-04,Office Chair,Furniture,South,Store D,4,8060.69,15,27406.33,4312.69,0,0
2023-10-04,Study Table,Furniture,West,Store C,9,12161.44,10,98507.7,31788.07,1,0
2023-10-04,T-Shirt,Fashion,North,Store B,23,807.12,5,17635.57,3452.41,1,0
2023-10-04,Jeans,Fashion,West,Store E,17,1776.25,0,30196.32,10560.26,0,0
2023-10-04,Shoes,Fashion,East,Store B,21,2408.43,5,48048.2,8021.08,1,0
2023-10-04,Coffee Maker,Home Appliances,South,Store D,12,4319.55,0,51834.59,19126.15,1,0
2023-10-04,Mixer Grinder,Home Appliances,West,Store B,15,3702.65,5,52762.76,19586.64,0,0
2023-10-05,Laptop,Electronics,South,Store A,16,59391.54,5,902751.36,313956.47,0,0
2023-10-05,Smartphone,Electronics,West,Store A,14,26016.19,0,364226.6,133980.33,1,0
2023-10-05,Headphones,Electronics,North,Store A,12,2627.99,10,28382.31,7864.12,0,0
2023-10-05,Office Chair,Furniture,North,Store B,10,7529.68,20,60237.42,6435.95,1,0
2023-10-05,Study Table,Furniture,West,Store A,13,12614.6,10,147590.79,34992.09,0,0
2023-10-05,T-Shirt,Fashion,North,Store B,20,781.09,15,13278.55,1638.86,1,0
2023-10-05,Jeans,Fashion,North,Store A,16,1839.84,15,25021.8,3814.28,0,0
2023-10-05,Shoes,Fashion,South,Store D,19,2515.63,5,45407.12,9752.2,0,0
2023-10-05,Coffee Maker,Home Appliances,South,Store D,6,4328.92,0,25973.49,5428.84,0,0
2023-10-05,Mixer Grinder,Home Appliances,North,Store B,16,3755.61,20,48071.79,5626.72,1,0
2023-10-06,Laptop,Electronics,South,Store C,14,58105.15,15,691451.3,146473.97,0,0
2023-10-06,Smartphone,Electronics,South,Store C,10,23966.0,10,215694.01,64693.12,0,0
2023-10-06,Headphones,Electronics,North,Store E,16,2684.52,5,40804.66,12898.57,1,0
2023-10-06,Office Chair,Furniture,East,Store D,15,8050.71,10,108684.63,26996.42,1,0
2023-10-06,Study Table,Furniture,South,Store B,14,11522.67,20,129053.89,3139.21,0,0
2023-10-06,T-Shirt,Fashion,North,Store C,19,816.41,10,13960.61,4421.79,0,0
2023-10-06,Jeans,Fashion,East,Store A,21,1933.08,5,38564.85,13385.07,1,0
2023-10-06,Shoes,Fashion,North,Store E,25,2498.95,0,62473.75,14663.44,1,0
2023-10-06,Coffee Maker,Home Appliances,East,Store E,11,4692.34,5,49034.99,13305.17,0,0
2023-10-06,Mixer Grinder,Home Appliances,North,Store B,13,3480.15,10,40717.72,7284.31,1,0
2023-10-07,Laptop,Electronics,West,Store E,19,54453.59,0,1034618.17,290209.62,0,0
2023-10-07,Smartphone,Electronics,West,Store D,15,25430.15,0,381452.31,133030.41,0,0
2023-10-07,Headphones,Electronics,East,Store C,16,2525.38,0,40406.08,11316.17,1,0
2023-10-07,Office Chair,Furniture,East,Store D,9,7721.34,5,66017.49,23479.28,0,0
2023-10-07,Study Table,Furniture,South,Store C,14,12156.78,0,170194.88,52874.08,1,0
2023-10-07,T-Shirt,Fashion,North,Store D,30,827.97,5,23597.21,7541.75,1,0
2023-10-07,Jeans,Fashion,North,Store A,27,1816.28,20,39231.71,1409.25,0,0
2023-10-07,Shoes,Fashion,South,Store B,20,2591.85,0,51836.9,21323.72,1,0
2023-10-07,Coffee Maker,Home Appliances,West,Store B,16,4578.78,5,69597.47,21072.09,1,0
2023-10-07,Mixer Grinder,Home Appliances,East,Store D,19,3568.03,0,67792.61,18520.47,1,0
2023-10-08,Laptop,Electronics,South,Store A,20,58973.83,5,1120502.86,308716.43,0,0
2023-10-08,Smartphone,Electronics,East,Store C,28,25359.06,15,603545.74,92563.89,1,0
2023-10-08,Headphones,Electronics,South,Store D,16,2571.39,0,41142.29,10876.09,0,0
2023-10-08,Office Chair,Furniture,West,Store D,5,7947.39,5,37750.1,8963.66,0,0
2023-10-08,Study Table,Furniture,South,Store C,8,12930.7,15,87928.78,18921.21,0,0
2023-10-08,T-Shirt,Fashion,East,Store A,21,778.59,15,13897.88,2253.61,0,0
2023-10-08,Jeans,Fashion,East,Store A,17,1872.79,5,30245.64,8395.19,0,0
2023-10-08,Shoes,Fashion,West,Store D,20,2423.09,15,41192.54,10469.67,0,0
2023-10-08,Coffee Maker,Home Appliances,South,Store A,9,4729.66,15,36181.89,10573.43,0,0
2023-10-08,Mixer Grinder,Home Appliances,West,Store B,7,3417.13,5,22723.95,5399.26,0,0
2023-10-09,Laptop,Electronics,West,Store E,10,56024.5,0,560245.0,147946.93,0,0
2023-10-09,Smartphone,Electronics,North,Store C,9,24760.26,0,222842.31,64529.26,0,0
2023-10-09,Headphones,Electronics,East,Store B,10,2543.24,20,20345.9,3430.32,0,0
2023-10-09,Office Chair,Furniture,North,Store B,11,8037.48,20,70729.84,11697.12,1,0
2023-10-09,Study Table,Furniture,East,Store A,10,12216.59,0,122165.95,34083.61,1,0
2023-10-09,T-Shirt,Fashion,South,Store D,16,847.27,10,12200.67,2337.0,1,0
2023-10-09,Jeans,Fashion,West,Store B,11,1812.55,5,18941.1,3561.67,0,0
2023-10-09,Shoes,Fashion,West,Store E,19,2685.27,15,43367.12,9613.16,0,0
2023-10-09,Coffee Maker,Home Appliances,North,Store C,7,4406.26,5,29301.64,9954.21,0,0
2023-10-09,Mixer Grinder,Home Appliances,West,Store C,12,3708.95,0,44507.36,18478.83,0,0
2023-10-10,Laptop,Electronics,South,Store A,13,53999.22,10,631790.83,200134.27,0,0
2023-10-10,Smartphone,Electronics,West,Store C,9,24369.52,0,219325.69,63705.74,0,0
2023-10-10,Headphones,Electronics,North,Store A,13,2494.71,10,29188.16,7797.97,0,0
2023-10-10,Office Chair,Furniture,East,Store E,7,7292.52,0,51047.61,10271.46,0,0
2023-10-10,Study Table,Furniture,North,Store C,8,11522.61,5,87571.82,17295.12,1,0
2023-10-10,T-Shirt,Fashion,South,Store B,18,833.21,10,13497.93,4799.87,0,0
2023-10-10,Jeans,Fashion,East,Store B,17,1912.21,5,30882.15,8515.59,0,0
2023-10-10,Shoes,Fashion,South,Store E,20,2652.77,0,53055.42,21692.92,0,0
2023-10-10,Coffee Maker,Home Appliances,East,Store B,15,4699.72,5,66970.99,25267.46,0,0
2023-10-10,Mixer Grinder,Home Appliances,West,Store D,7,3328.49,15,19804.53,1692.58,0,0
2023-10-11,Laptop,Electronics,North,Store B,9,53424.29,5,456777.68,138561.28,0,0
2023-10-11,Smartphone,Electronics,South,Store D,15,24178.69,0,362680.39,98836.12,0,0
2023-10-11,Headphones,Electronics,South,Store E,15,2462.79,0,36941.87,12972.59,1,0
2023-10-11,Office Chair,Furniture,West,Store A,6,8098.75,0,48592.51,15063.67,0,0
2023-10-11,Study Table,Furniture,East,Store E,7,12120.37,0,84842.56,32878.41,0,0
2023-10-11,T-Shirt,Fashion,South,Store B,12,816.2,20,7835.57,1013.35,0,0
2023-10-11,Jeans,Fashion,South,Store C,11,1793.18,5,18738.69,6237.99,0,0
2023-10-11,Shoes,Fashion,South,Store E,16,2587.54,10,37260.53,6089.26,0,0
2023-10-11,Coffee Maker,Home Appliances,West,Store E,7,4442.45,15,26432.6,6071.41,0,0
2023-10-11,Mixer Grinder,Home Appliances,West,Store C,15,3682.84,10,49718.36,9724.31,0,0
2023-10-12,Laptop,Electronics,South,Store A,17,57217.74,5,924066.48,222224.12,0,0
2023-10-12,Smartphone,Electronics,North,Store D,22,24031.32,10,475820.09,131621.59,0,0
2023-10-12,Headphones,Electronics,West,Store A,15,2396.62,5,34151.9,6784.29,1,0
2023-10-12,Office Chair,Furniture,South,Store A,14,7683.83,10,96816.24,18415.08,0,0
2023-10-12,Study Table,Furniture,South,Store A,5,11919.55,0,59597.75,16831.24,0,0
2023-10-12,T-Shirt,Fashion,South,Store E,17,861.43,5,13912.03,4462.64,0,0
2023-10-12,Jeans,Fashion,East,Store C,13,1858.98,0,24166.69,7229.45,0,0
2023-10-12,Shoes,Fashion,West,Store D,10,2602.55,10,23422.91,7080.25,0,0
2023-10-12,Coffee Maker,Home Appliances,West,Store A,10,4320.72,5,41046.85,11750.99,0,0
2023-10-12,Mixer Grinder,Home Appliances,West,Store C,14,3585.61,0,50198.52,15976.49,0,0
2023-10-13,Laptop,Electronics,North,Store D,16,53693.71,5,816144.33,158901.95,0,0
2023-10-13,Smartphone,Electronics,North,Store C,11,24677.22,5,257877.0,53565.09,0,0
2023-10-13,Headphones,Electronics,East,Store A,17,2497.42,20,33964.85,3749.01,0,0
2023-10-13,Office Chair,Furniture,North,Store A,15,7621.42,15,97173.15,24112.21,0,0
2023-10-13,Study Table,Furniture,South,Store D,13,11459.77,10,134079.35,32287.88,1,0
2023-10-13,T-Shirt,Fashion,East,Store C,26,831.51,20,17295.36,1927.78,0,0
2023-10-13,Jeans,Fashion,West,Store A,13,1834.66,5,22658.03,5124.84,0,0
2023-10-13,Shoes,Fashion,South,Store A,16,2645.97,15,35985.17,5881.9,0,0
2023-10-13,Coffee Maker,Home Appliances,East,Store A,11,4299.94,0,47299.33,11561.35,0,0
2023-10-13,Mixer Grinder,Home Appliances,North,Store D,15,3650.78,0,54761.68,16554.33,1,0
2023-10-14,Laptop,Electronics,East,Store D,21,54698.26,5,1091230.34,251145.34,0,0
2023-10-14,Smartphone,Electronics,North,Store B,14,24299.87,5,323188.3,69523.64,0,0
2023-10-14,Headphones,Electronics,West,Store A,10,2683.64,5,25494.54,8185.11,0,0
2023-10-14,Office Chair,Furniture,South,Store C,10,7144.98,10,64304.83,18913.74,1,0
2023-10-14,Study Table,Furniture,West,Store A,19,12261.69,5,221323.58,53442.88,1,0
2023-10-14,T-Shirt,Fashion,North,Store D,17,769.23,5,12423.01,3899.15,0,0
2023-10-14,Jeans,Fashion,South,Store C,24,1764.18,0,42340.23,13134.54,1,0
2023-10-14,Shoes,Fashion,South,Store E,24,2414.14,0,57939.25,12284.51,0,0
2023-10-14,Coffee Maker,Home Appliances,West,Store E,8,4295.79,0,34366.3,6777.23,0,0
2023-10-14,Mixer Grinder,Home Appliances,West,Store D,14,3758.77,5,49991.69,18432.72,0,0
2023-10-15,Laptop,Electronics,West,Store E,18,53041.32,10,859269.35,107546.41,0,0
2023-10-15,Smartphone,Electronics,East,Store B,17,25072.85,5,404926.47,132175.85,0,0
2023-10-15,Headphones,Electronics,West,Store A,14,2578.98,0,36105.66,10833.27,0,0
2023-10-15,Office Chair,Furniture,South,Store E,10,7862.99,10,70766.94,22090.54,1,0
2023-10-15,Study Table,Furniture,South,Store C,14,12746.84,5,169532.93,39488.2,1,0
2023-10-15,T-Shirt,Fashion,West,Store C,14,798.84,0,11183.7,3790.55,0,0
2023-10-15,Jeans,Fashion,East,Store E,24,1889.27,0,45342.47,16513.51,0,0
2023-10-15,Shoes,Fashion,West,Store B,18,2394.4,0,43099.26,10745.98,1,0
2023-10-15,Coffee Maker,Home Appliances,South,Store C,13,4767.14,0,61972.86,22966.56,1,0
2023-10-15,Mixer Grinder,Home Appliances,North,Store B,14,3761.11,15,44757.2,11676.55,0,0
2023-10-16,Laptop,Electronics,North,Store A,16,55751.0,0,892016.03,213151.27,1,0
2023-10-16,Smartphone,Electronics,East,Store C,15,24319.21,15,310069.88,21215.85,0,0
2023-10-16,Headphones,Electronics,West,Store E,20,2471.28,15,42011.71,9310.88,1,0
2023-10-16,Office Chair,Furniture,North,Store A,12,7197.62,0,86371.39,24158.51,0,0
2023-10-16,Study Table,Furniture,West,Store C,13,12897.76,10,150903.79,37726.24,0,0
2023-10-16,T-Shirt,Fashion,West,Store D,9,810.28,20,5833.99,1503.84,0,0
2023-10-16,Jeans,Fashion,North,Store D,22,1942.31,10,38457.78,14463.5,1,0
2023-10-16,Shoes,Fashion,East,Store A,14,2537.94,15,30201.51,6393.84,0,0
2023-10-16,Coffee Maker,Home Appliances,East,Store E,7,4668.87,0,32682.1,12282.64,0,0
2023-10-16,Mixer Grinder,Home Appliances,West,Store C,9,3528.64,5,30169.85,6780.74,0,0
2023-10-17,Laptop,Electronics,North,Store A,15,57489.9,5,819231.02,258600.68,1,0
2023-10-17,Smartphone,Electronics,West,Store A,10,23866.36,5,226730.43,57715.96,0,0
2023-10-17,Headphones,Electronics,East,Store C,14,2642.24,5,35141.82,12986.85,0,0
2023-10-17,Office Chair,Furniture,South,Store A,6,7610.65,0,45663.92,15975.62,0,0
2023-10-17,Study Table,Furniture,South,Store A,5,11627.78,5,55231.97,14207.35,0,0
2023-10-17,T-Shirt,Fashion,South,Store B,25,859.84,0,21495.95,6653.1,0,0
2023-10-17,Jeans,Fashion,East,Store B,21,1834.14,5,36591.03,11194.74,0,0
2023-10-17,Shoes,Fashion,East,Store E,20,2562.44,5,48686.41,12351.39,0,0
2023-10-17,Coffee Maker,Home Appliances,West,Store D,8,4795.32,15,32608.21,7252.62,1,0
2023-10-17,Mixer Grinder,Home Appliances,South,Store C,10,3604.71,0,36047.06,8786.79,0,0
2023-10-18,Laptop,Electronics,East,Store C,11,53528.23,15,500488.95,39484.52,0,0
2023-10-18,Smartphone,Electronics,West,Store D,14,25870.86,5,344082.37,130753.63,0,0
2023-10-18,Headphones,Electronics,East,Store C,10,2635.57,0,26355.68,7254.44,0,0
2023-10-18,Office Chair,Furniture,West,Store D,5,7635.74,0,38178.69,11041.51,0,0
2023-10-18,Study Table,Furniture,South,Store E,12,12392.47,5,141274.18,42156.16,0,0
2023-10-18,T-Shirt,Fashion,North,Store D,26,766.79,0,19936.64,6344.44,1,0
2023-10-18,Jeans,Fashion,East,Store B,24,1734.8,15,35389.87,3931.72,1,0
2023-10-18,Shoes,Fashion,North,Store A,15,2438.93,5,34754.77,12217.64,0,0
2023-10-18,Coffee Maker,Home Appliances,East,Store E,9,4319.51,15,33044.29,2178.51,0,0
2023-10-18,Mixer Grinder,Home Appliances,West,Store A,8,3410.56,0,27284.46,6830.59,0,0
2023-10-19,Laptop,Electronics,South,Store B,17,56601.26,0,962221.44,261292.99,1,0
2023-10-19,Smartphone,Electronics,North,Store D,8,26282.29,0,210258.32,58884.77,0,0
2023-10-19,Headphones,Electronics,South,Store E,17,2688.64,20,36565.51,8133.49,1,0
2023-10-19,Office Chair,Furniture,East,Store D,5,7347.37,5,34900.0,7787.52,0,0
2023-10-19,Study Table,Furniture,West,Store B,9,12404.52,0,111640.68,44874.06,1,0
2023-10-19,T-Shirt,Fashion,North,Store E,21,776.47,15,13859.94,3525.01,0,0
2023-10-19,Jeans,Fashion,South,Store C,20,1793.72,0,35874.45,11559.43,0,0
2023-10-19,Shoes,Fashion,North,Store D,17,2473.05,5,39939.73,13734.49,1,0
2023-10-19,Coffee Maker,Home Appliances,West,Store C,11,4768.67,20,41964.27,4870.57,0,0
2023-10-19,Mixer Grinder,Home Appliances,East,Store C,9,3766.18,15,28811.26,8259.75,0,0
2023-10-20,Laptop,Electronics,North,Store E,16,58272.59,5,885743.37,289419.77,0,0
2023-10-20,Smartphone,Electronics,South,Store C,14,24476.99,0,342677.9,109383.25,0,0
2023-10-20,Headphones,Electronics,North,Store D,14,2455.12,0,34371.71,8411.15,0,0
2023-10-20,Office Chair,Furniture,South,Store B,10,7862.11,10,70759.0,16856.65,0,0
2023-10-20,Study Table,Furniture,South,Store D,8,12035.48,5,91469.62,27562.18,0,0
2023-10-20,T-Shirt,Fashion,South,Store C,15,819.12,0,12286.79,4448.7,0,0
2023-10-20,Jeans,Fashion,West,Store E,11,1831.34,20,16115.78,3574.87,0,0
2023-10-20,Shoes,Fashion,West,Store B,18,2628.49,5,44947.22,15392.13,0,0
2023-10-20,Coffee Maker,Home Appliances,South,Store E,8,4275.99,5,32497.51,4547.9,0,0
2023-10-20,Mixer Grinder,Home Appliances,North,Store A,9,3384.11,5,28934.16,4463.82,1,0
2023-10-21,Laptop,Electronics,South,Store D,20,54474.63,15,926068.71,252251.74,0,0
2023-10-21,Smartphone,Electronics,North,Store B,14,25469.4,0,356571.56,132073.83,0,0
2023-10-21,Headphones,Electronics,South,Store A,20,2475.73,0,49514.63,12587.81,1,0
2023-10-21,Office Chair,Furniture,South,Store B,7,7659.71,0,53617.98,16872.63,0,0
2023-10-21,Study Table,Furniture,West,Store D,10,11749.9,0,117499.05,45370.72,0,0
2023-10-21,T-Shirt,Fashion,East,Store C,20,782.25,0,15644.93,3466.11,0,0
2023-10-21,Jeans,Fashion,South,Store D,28,1929.36,0,54022.12,19616.65,0,0
2023-10-21,Shoes,Fashion,North,Store B,32,2519.15,0,80612.92,30028.8,1,0
2023-10-21,Coffee Maker,Home Appliances,West,Store B,8,4594.88,0,36759.05,10149.35,0,0
2023-10-21,Mixer Grinder,Home Appliances,West,Store A,15,3769.36,5,53713.42,14465.3,0,0
2023-10-22,Laptop,Electronics,East,Store B,19,54249.3,20,824589.34,86608.94,0,0
2023-10-22,Smartphone,Electronics,West,Store E,17,25565.71,5,412886.14,116403.5,0,0
2023-10-22,Headphones,Electronics,North,Store D,20,2535.5,5,48174.41,10409.83,0,0
2023-10-22,Office Chair,Furniture,West,Store A,14,7843.21,5,104314.67,24680.58,1,0
2023-10-22,Study Table,Furniture,West,Store E,9,12489.23,20,89922.49,24928.82,1,0
2023-10-22,T-Shirt,Fashion,South,Store B,32,809.44,10,23311.88,6346.41,1,0
2023-10-22,Jeans,Fashion,East,Store C,32,1868.59,5,56805.0,16148.18,1,0
2023-10-22,Shoes,Fashion,West,Store A,27,2573.22,5,66003.09,21235.13,1,0
2023-10-22,Coffee Maker,Home Appliances,North,Store B,9,4504.18,15,34457.01,6051.29,0,0
2023-10-22,Mixer Grinder,Home Appliances,East,Store C,23,3347.36,0,76989.3,19755.6,1,0
2023-10-23,Laptop,Electronics,East,Store D,13,58708.75,15,648731.65,169212.59,0,0
2023-10-23,Smartphone,Electronics,East,Store B,12,24612.51,0,295350.07,71244.89,0,0
2023-10-23,Headphones,Electronics,North,Store C,11,2695.72,5,28170.24,10132.46,0,0
2023-10-23,Office Chair,Furniture,West,Store C,13,7329.31,5,90516.94,31346.8,0,0
2023-10-23,Study Table,Furniture,East,Store A,11,11488.44,0,126372.88,34840.29,1,0
2023-10-23,T-Shirt,Fashion,West,Store A,14,783.56,0,10969.81,3180.01,0,0
2023-10-23,Jeans,Fashion,South,Store A,15,1725.86,15,22004.75,3063.8,0,0
2023-10-23,Shoes,Fashion,South,Store C,24,2488.3,5,56733.26,14231.25,1,0
2023-10-23,Coffee Maker,Home Appliances,South,Store A,12,4813.68,15,49099.56,9856.4,1,0
2023-10-23,Mixer Grinder,Home Appliances,West,Store E,7,3376.57,0,23635.99,8258.41,0,0
2023-10-24,Laptop,Electronics,West,Store A,10,56913.16,10,512218.48,164849.06,0,0
2023-10-24,Smartphone,Electronics,East,Store E,12,24403.82,0,292845.89,86419.04,0,0
2023-10-24,Headphones,Electronics,West,Store A,12,2408.45,0,28901.4,7565.23,0,0
2023-10-24,Office Chair,Furniture,North,Store E,8,7718.65,10,55574.28,13837.07,0,0
2023-10-24,Study Table,Furniture,South,Store D,16,12074.11,0,193185.8,53782.06,1,0
2023-10-24,T-Shirt,Fashion,East,Store D,12,772.21,0,9266.56,2728.93,0,0
2023-10-24,Jeans,Fashion,East,Store A,15,1831.78,5,26102.81,5284.77,0,0
2023-10-24,Shoes,Fashion,North,Store D,19,2392.52,15,38639.14,7311.55,0,0
2023-10-24,Coffee Maker,Home Appliances,East,Store C,15,4330.42,5,61708.42,15698.09,0,0
2023-10-24,Mixer Grinder,Home Appliances,South,Store C,11,3366.1,0,37027.07,12115.7,0,0
2023-10-25,Laptop,Electronics,East,Store B,12,52896.58,15,539545.09,61011.86,0,0
2023-10-25,Smartphone,Electronics,East,Store D,14,24503.77,5,325900.19,73374.97,0,0
2023-10-25,Headphones,Electronics,North,Store B,11,2441.8,0,26859.81,9367.35,0,0
2023-10-25,Office Chair,Furniture,West,Store A,10,7154.45,0,71544.51,18272.27,0,0
2023-10-25,Study Table,Furniture,South,Store E,12,11419.6,20,109628.17,13928.2,0,0
2023-10-25,T-Shirt,Fashion,South,Store A,14,802.61,5,10674.76,3261.43,0,0
2023-10-25,Jeans,Fashion,North,Store C,17,1836.26,0,31216.49,12568.64,0,0
2023-10-25,Shoes,Fashion,North,Store C,18,2612.37,20,37618.12,6435.5,0,0
2023-10-25,Coffee Maker,Home Appliances,South,Store A,15,4377.83,10,59100.77,10447.85,0,0
2023-10-25,Mixer Grinder,Home Appliances,West,Store A,8,3384.69,15,23015.9,5063.24,0,0
2023-10-26,Laptop,Electronics,West,Store A,9,53009.51,10,429377.01,103023.64,0,0
2023-10-26,Smartphone,Electronics,North,Store E,9,24046.07,0,216414.59,60099.24,0,0
2023-10-26,Headphones,Electronics,West,Store B,13,2390.34,15,26413.22,3893.0,1,0
2023-10-26,Office Chair,Furniture,West,Store D,13,7693.09,10,90009.13,25416.29,1,0
2023-10-26,Study Table,Furniture,West,Store C,7,11837.8,20,66291.68,14905.03,0,0
2023-10-26,T-Shirt,Fashion,North,Store B,12,782.57,5,8921.35,1961.06,0,0
2023-10-26,Jeans,Fashion,South,Store E,15,1937.62,5,27611.07,9794.41,0,0
2023-10-26,Shoes,Fashion,East,Store B,18,2630.57,15,40247.76,6779.45,0,0
2023-10-26,Coffee Maker,Home Appliances,East,Store B,10,4555.38,0,45553.82,12542.72,1,0
2023-10-26,Mixer Grinder,Home Appliances,West,Store E,17,3776.49,0,64200.26,21683.72,0,0
2023-10-27,Laptop,Electronics,South,Store E,19,56805.38,0,1079302.27,341209.75,1,0
2023-10-27,Smartphone,Electronics,North,Store B,10,26910.78,10,242197.0,49263.96,0,0
2023-10-27,Headphones,Electronics,South,Store B,10,2488.78,0,24887.84,6266.42,0,0
2023-10-27,Office Chair,Furniture,East,Store D,13,7133.78,0,92739.08,20532.85,1,0
2023-10-27,Study Table,Furniture,North,Store C,7,11979.8,5,79665.67,17245.64,1,0
2023-10-27,T-Shirt,Fashion,North,Store C,16,833.22,5,12664.92,4039.65,0,0
2023-10-27,Jeans,Fashion,South,Store B,14,1836.71,20,20571.17,3298.66,0,0
2023-10-27,Shoes,Fashion,North,Store A,21,2553.19,10,48255.31,7786.44,0,0
2023-10-27,Coffee Maker,Home Appliances,South,Store A,11,4780.2,0,52582.21,21141.11,1,0
2023-10-27,Mixer Grinder,Home Appliances,West,Store B,9,3738.87,0,33649.85,12142.8,0,0
2023-10-28,Laptop,Electronics,South,Store C,8,52285.09,0,418280.7,139763.76,0,0
2023-10-28,Smartphone,Electronics,North,Store C,21,23809.79,10,450004.98,58089.0,0,0
2023-10-28,Headphones,Electronics,North,Store B,7,2498.09,15,14863.63,1501.52,0,0
2023-10-28,Office Chair,Furniture,East,Store A,9,7871.66,0,70844.97,19331.87,0,0
2023-10-28,Study Table,Furniture,East,Store E,19,11497.9,5,207537.07,38398.89,1,0
2023-10-28,T-Shirt,Fashion,North,Store E,15,794.22,5,11317.67,4101.18,0,0
2023-10-28,Jeans,Fashion,West,Store D,18,1775.17,10,28757.79,3568.14,0,0
2023-10-28,Shoes,Fashion,West,Store C,42,2456.32,0,103165.49,38830.19,1,0
2023-10-28,Coffee Maker,Home Appliances,South,Store E,10,4556.88,5,43290.35,12104.51,0,0
2023-10-28,Mixer Grinder,Home Appliances,West,Store B,14,3737.04,15,44470.72,11762.8,0,0
2023-10-29,Laptop,Electronics,North,Store C,11,58449.32,5,610795.44,155814.94,0,0
2023-10-29,Smartphone,Electronics,North,Store D,17,24344.17,10,372465.83,87005.46,0,0
2023-10-29,Headphones,Electronics,East,Store E,12,2411.99,20,23155.11,1521.22,0,0
2023-10-29,Office Chair,Furniture,West,Store C,11,7911.46,20,69620.82,15623.44,0,0
2023-10-29,Study Table,Furniture,West,Store D,9,12865.56,0,115790.05,33213.09,0,0
2023-10-29,T-Shirt,Fashion,West,Store A,21,818.91,5,16337.3,5285.91,1,0
2023-10-29,Jeans,Fashion,North,Store B,20,1918.95,10,34541.01,9977.31,0,0
2023-10-29,Shoes,Fashion,South,Store C,22,2479.17,10,49087.62,14628.21,0,0
2023-10-29,Coffee Maker,Home Appliances,South,Store A,12,4807.87,15,49040.27,13193.18,0,0
2023-10-29,Mixer Grinder,Home Appliances,North,Store E,8,3457.51,5,26277.11,6544.58,1,0
2023-10-30,Laptop,Electronics,South,Store E,17,52972.97,10,810486.41,157269.0,0,0
2023-10-30,Smartphone,Electronics,East,Store E,12,25388.35,20,243728.2,24570.98,1,0
2023-10-30,Headphones,Electronics,North,Store D,13,2556.92,15,28253.93,7875.99,0,0
2023-10-30,Office Chair,Furniture,East,Store B,9,7439.16,5,63604.84,22035.53,0,0
2023-10-30,Study Table,Furniture,North,Store E,13,11519.9,0,149758.73,38804.77,1,0
2023-10-30,T-Shirt,Fashion,North,Store E,20,800.13,15,13602.23,1509.18,1,0
2023-10-30,Jeans,Fashion,South,Store C,8,1776.81,10,12793.01,3612.67,0,0
2023-10-30,Shoes,Fashion,East,Store A,17,2638.91,10,40375.39,7245.05,1,0
2023-10-30,Coffee Maker,Home Appliances,East,Store C,12,4799.7,15,48956.94,8898.37,0,0
2023-10-30,Mixer Grinder,Home Appliances,West,Store B,15,3734.76,0,56021.36,16194.7,0,0
2023-10-31,Laptop,Electronics,South,Store A,18,55568.54,20,800186.95,91902.93,1,0
2023-10-31,Smartphone,Electronics,South,Store E,19,25842.5,0,491007.47,128336.8,1,0
2023-10-31,Headphones,Electronics,South,Store D,14,2427.31,10,30584.06,7181.63,0,0
2023-10-31,Office Chair,Furniture,West,Store A,6,7668.18,0,46009.06,14057.93,0,0
2023-10-31,Study Table,Furniture,North,Store E,9,12911.58,0,116204.25,38316.74,1,0
2023-10-31,T-Shirt,Fashion,East,Store C,15,818.59,15,10437.02,1924.39,0,0
2023-10-31,Jeans,Fashion,West,Store C,17,1827.14,5,29508.33,6536.12,0,0
2023-10-31,Shoes,Fashion,South,Store B,18,2407.48,10,39001.15,11487.54,0,0
2023-10-31,Coffee Maker,Home Appliances,North,Store E,13,4464.19,10,52230.99,16742.31,1,0
2023-10-31,Mixer Grinder,Home Appliances,North,Store C,9,3485.15,0,31366.38,7150.38,0,0
2023-11-01,Laptop,Electronics,East,Store D,18,53332.32,0,959981.75,336980.82,1,0
2023-11-01,Smartphone,Electronics,South,Store B,14,24163.02,0,338282.21,109131.61,0,0
2023-11-01,Headphones,Electronics,West,Store A,15,2655.13,10,35844.21,8943.05,0,0
2023-11-01,Office Chair,Furniture,North,Store B,10,7592.32,5,72127.08,24250.22,0,0
2023-11-01,Study Table,Furniture,East,Store D,9,12509.75,0,112587.79,40645.73,0,0
2023-11-01,T-Shirt,Fashion,East,Store C,24,774.81,0,18595.48,5507.72,1,0
2023-11-01,Jeans,Fashion,West,Store B,17,1901.89,10,29098.98,7498.42,0,0
2023-11-01,Shoes,Fashion,South,Store E,27,2602.1,0,70256.63,18787.92,1,0
2023-11-01,Coffee Maker,Home Appliances,North,Store A,13,4788.52,20,49800.58,7409.44,1,0
2023-11-01,Mixer Grinder,Home Appliances,East,Store B,18,3691.37,0,66444.58,24555.79,0,0
2023-11-02,Laptop,Electronics,East,Store C,15,54917.9,10,741391.68,202529.37,0,0
2023-11-02,Smartphone,Electronics,West,Store A,9,24438.52,0,219946.65,83844.47,0,0
2023-11-02,Headphones,Electronics,South,Store C,9,2546.59,15,19481.41,5866.55,0,0
2023-11-02,Office Chair,Furniture,West,Store D,13,7719.86,15,85304.41,12713.36,0,0
2023-11-02,Study Table,Furniture,West,Store B,11,12202.69,5,127518.15,25434.59,0,0
2023-11-02,T-Shirt,Fashion,North,Store D,22,783.99,0,17247.85,6578.73,1,0
2023-11-02,Jeans,Fashion,West,Store A,27,1779.85,10,43250.3,7587.76,1,0
2023-11-02,Shoes,Fashion,South,Store A,16,2626.1,5,39916.73,10537.13,1,0
2023-11-02,Coffee Maker,Home Appliances,West,Store B,14,4819.74,0,67476.3,23229.41,0,0
2023-11-02,Mixer Grinder,Home Appliances,South,Store A,17,3597.21,0,61152.53,16038.1,1,0
2023-11-03,Laptop,Electronics,North,Store C,19,55610.87,0,1056606.45,361687.15,0,0
2023-11-03,Smartphone,Electronics,West,Store B,19,26641.1,0,506180.94,180929.35,0,0
2023-11-03,Headphones,Electronics,North,Store B,21,2593.71,15,46297.78,9724.92,0,0
2023-11-03,Office Chair,Furniture,North,Store D,9,8054.63,0,72491.63,24487.51,0,0
2023-11-03,Study Table,Furniture,South,Store D,10,12685.75,0,126857.47,52489.07,0,0
2023-11-03,T-Shirt,Fashion,East,Store B,12,811.94,5,9256.11,2882.53,0,0
2023-11-03,Jeans,Fashion,West,Store A,15,1761.69,15,22461.54,2544.87,0,0
2023-11-03,Shoes,Fashion,North,Store C,22,2556.78,15,47811.88,6467.46,1,0
2023-11-03,Coffee Maker,Home Appliances,South,Store B,11,4639.95,0,51039.46,16663.67,0,0
2023-11-03,Mixer Grinder,Home Appliances,West,Store E,6,3485.08,5,19864.98,4405.74,0,0
2023-11-04,Laptop,Electronics,West,Store C,25,56663.14,10,1274920.65,372758.8,1,0
2023-11-04,Smartphone,Electronics,West,Store B,19,25243.11,0,479619.01,112266.45,0,0
2023-11-04,Headphones,Electronics,West,Store B,14,2493.87,0,34914.16,7871.61,0,0
2023-11-04,Office Chair,Furniture,West,Store E,13,7339.27,15,81098.94,22422.32,0,0
2023-11-04,Study Table,Furniture,East,Store C,13,11667.87,5,144098.25,47955.37,1,0
2023-11-04,T-Shirt,Fashion,South,Store B,27,795.3,0,21473.09,8018.9,0,0
2023-11-04,Jeans,Fashion,West,Store D,24,1731.79,0,41562.99,13362.08,0,0
2023-11-04,Shoes,Fashion,South,Store C,29,2421.0,0,70208.94,23377.48,1,0
2023-11-04,Coffee Maker,Home Appliances,North,Store B,11,4475.83,20,39387.3,3405.21,0,0
2023-11-04,Mixer Grinder,Home Appliances,West,Store E,18,3483.16,10,56427.23,14464.53,0,0
2023-11-05,Laptop,Electronics,West,Store A,25,54357.56,10,1223045.06,370428.48,1,0
2023-11-05,Smartphone,Electronics,South,Store B,10,23915.93,10,215243.4,65042.3,0,0
2023-11-05,Headphones,Electronics,North,Store B,16,2577.81,5,39182.77,9690.32,0,0
2023-11-05,Office Chair,Furniture,West,Store C,9,7168.58,5,61291.34,11109.17,0,0
2023-11-05,Study Table,Furniture,West,Store B,14,12527.03,5,166609.49,43065.05,1,0
2023-11-05,T-Shirt,Fashion,West,Store D,25,767.24,20,15344.73,753.6,0,0
2023-11-05,Jeans,Fashion,East,Store E,18,1845.81,0,33224.66,8003.6,0,0
2023-11-05,Shoes,Fashion,East,Store E,21,2555.68,0,53669.3,16505.52,1,0
2023-11-05,Coffee Maker,Home Appliances,South,Store B,13,4498.84,20,46787.93,9373.29,0,0
2023-11-05,Mixer Grinder,Home Appliances,West,Store B,18,3429.3,0,61727.48,17365.39,0,0
2023-11-06,Laptop,Electronics,South,Store A,11,57132.01,0,628452.1,221174.55,0,0
2023-11-06,Smartphone,Electronics,East,Store C,14,26429.12,0,370007.66,105748.66,0,0
2023-11-06,Headphones,Electronics,North,Store C,14,2689.9,0,37658.61,13159.27,0,0
2023-11-06,Office Chair,Furniture,West,Store E,4,7915.03,10,28494.11,6428.0,0,0
2023-11-06,Study Table,Furniture,North,Store C,9,11948.46,0,107536.1,23475.67,1,0
2023-11-06,T-Shirt,Fashion,West,Store D,26,803.95,0,20902.69,6937.86,1,0
2023-11-06,Jeans,Fashion,West,Store B,22,1769.42,0,38927.22,10049.49,1,0
2023-11-06,Shoes,Fashion,North,Store A,16,2642.95,5,40172.83,12290.47,0,0
2023-11-06,Coffee Maker,Home Appliances,South,Store D,15,4333.1,0,64996.54,20560.03,1,0
2023-11-06,Mixer Grinder,Home Appliances,South,Store B,13,3407.23,10,39864.64,4924.78,1,0
2023-11-07,Laptop,Electronics,East,Store C,20,56398.11,5,1071564.18,263400.34,0,0
2023-11-07,Smartphone,Electronics,East,Store E,19,26976.7,5,486929.5,143746.63,1,0
2023-11-07,Headphones,Electronics,North,Store C,13,2558.42,10,29933.54,5777.84,0,0
2023-11-07,Office Chair,Furniture,East,Store B,5,7744.2,5,36784.95,13204.9,0,0
2023-11-07,Study Table,Furniture,North,Store E,9,11444.8,15,87552.72,10453.72,0,0
2023-11-07,T-Shirt,Fashion,East,Store E,11,792.07,0,8712.75,2769.13,0,0
2023-11-07,Jeans,Fashion,North,Store B,16,1713.09,10,24668.53,6502.05,0,0
2023-11-07,Shoes,Fashion,North,Store D,13,2491.83,0,32393.76,8397.99,1,0
2023-11-07,Coffee Maker,Home Appliances,West,Store D,10,4579.53,10,41215.75,12682.13,0,0
2023-11-07,Mixer Grinder,Home Appliances,North,Store D,10,3586.34,10,32277.1,7380.26,0,0
2023-11-08,Laptop,Electronics,West,Store C,15,55038.21,20,660458.47,47987.8,1,0
2023-11-08,Smartphone,Electronics,North,Store C,20,25319.49,0,506389.85,170223.56,0,0
2023-11-08,Headphones,Electronics,North,Store E,6,2557.65,5,14578.61,3954.58,0,0
2023-11-08,Office Chair,Furniture,North,Store C,8,7473.54,20,47830.66,5058.53,0,0
2023-11-08,Study Table,Furniture,South,Store E,8,11587.41,15,78794.42,8731.77,0,0
2023-11-08,T-Shirt,Fashion,West,Store C,19,784.45,0,14904.55,3788.72,1,0
2023-11-08,Jeans,Fashion,East,Store C,17,1830.73,20,24897.97,5543.43,0,0
2023-11-08,Shoes,Fashion,West,Store E,14,2558.12,0,35813.7,11052.43,0,0
2023-11-08,Coffee Maker,Home Appliances,West,Store B,10,4530.78,0,45307.84,15392.34,1,0
2023-11-08,Mixer Grinder,Home Appliances,East,Store A,15,3720.64,10,50228.65,9404.3,0,0
2023-11-09,Laptop,Electronics,North,Store B,10,54164.53,0,541645.34,182414.36,0,0
2023-11-09,Smartphone,Electronics,South,Store D,10,24127.16,10,217144.47,30677.52,0,0
2023-11-09,Headphones,Electronics,East,Store C,20,2561.34,0,51226.89,14372.69,1,0
2023-11-09,Office Chair,Furniture,East,Store C,14,7741.18,0,108376.51,31017.08,1,0
2023-11-09,Study Table,Furniture,North,Store B,7,12440.49,0,87083.4,23575.86,0,0
2023-11-09,T-Shirt,Fashion,East,Store B,12,834.2,5,9509.86,3117.06,1,0
2023-11-09,Jeans,Fashion,South,Store C,17,1889.63,0,32123.63,9641.31,0,0
2023-11-09,Shoes,Fashion,West,Store C,27,2559.12,0,69096.26,20856.74,1,0
2023-11-09,Coffee Maker,Home Appliances,South,Store C,16,4651.15,0,74418.41,26084.1,0,0
2023-11-09,Mixer Grinder,Home Appliances,West,Store B,4,3634.23,0,14536.94,6023.18,0,0
2023-11-10,Laptop,Electronics,East,Store C,13,52384.0,0,680991.99,249210.18,0,0
2023-11-10,Smartphone,Electronics,West,Store B,11,24741.06,5,258544.06,83554.76,0,0
2023-11-10,Headphones,Electronics,North,Store B,11,2495.02,20,21956.2,3643.75,0,0
2023-11-10,Office Chair,Furniture,South,Store C,6,7407.74,10,40001.8,8087.27,0,0
2023-11-10,Study Table,Furniture,East,Store A,6,11516.07,20,55277.12,5721.92,0,0
2023-11-10,T-Shirt,Fashion,West,Store B,15,842.7,20,10112.35,1266.39,1,0
2023-11-10,Jeans,Fashion,South,Store C,12,1778.3,0,21339.64,6201.03,0,0
2023-11-10,Shoes,Fashion,West,Store D,32,2537.92,5,77152.8,24949.85,0,0
2023-11-10,Coffee Maker,Home Appliances,South,Store D,15,4387.15,0,65807.28,17646.2,0,0
2023-11-10,Mixer Grinder,Home Appliances,South,Store A,8,3552.84,5,27001.59,8858.94,1,0
2023-11-11,Laptop,Electronics,East,Store E,18,58010.64,5,991981.89,280885.43,0,0
2023-11-11,Smartphone,Electronics,North,Store C,14,26000.0,0,363999.95,116507.95,0,0
2023-11-11,Headphones,Electronics,South,Store C,16,2597.09,0,41553.44,15670.87,0,0
2023-11-11,Office Chair,Furniture,North,Store D,8,7151.35,5,54350.29,18346.07,0,0
2023-11-11,Study Table,Furniture,East,Store E,11,12537.52,20,110330.2,22358.71,0,0
2023-11-11,T-Shirt,Fashion,West,Store C,23,854.57,0,19655.15,7338.56,0,0
2023-11-11,Jeans,Fashion,West,Store D,32,1931.72,15,52542.71,8312.03,1,0
2023-11-11,Shoes,Fashion,West,Store A,16,2489.41,0,39830.49,15770.04,0,0
2023-11-11,Coffee Maker,Home Appliances,East,Store A,9,4457.35,5,38110.35,6839.9,0,0
2023-11-11,Mixer Grinder,Home Appliances,East,Store B,13,3648.95,10,42692.68,9861.5,0,0
2023-11-12,Laptop,Electronics,West,Store B,11,54467.51,15,509271.23,55839.01,0,0
2023-11-12,Smartphone,Electronics,East,Store D,13,25347.13,10,296561.47,61366.65,1,0
2023-11-12,Headphones,Electronics,South,Store E,33,2460.72,5,77143.42,13007.23,1,0
2023-11-12,Office Chair,Furniture,South,Store A,16,7537.76,15,102513.47,12050.47,0,0
2023-11-12,Study Table,Furniture,North,Store B,10,11851.84,0,118518.36,42490.96,0,0
2023-11-12,T-Shirt,Fashion,North,Store C,20,801.36,0,16027.12,4873.87,0,0
2023-11-12,Jeans,Fashion,East,Store E,24,1721.67,0,41319.96,12000.04,0,0
2023-11-12,Shoes,Fashion,West,Store E,23,2568.39,5,56119.39,13475.29,0,0
2023-11-12,Coffee Maker,Home Appliances,East,Store E,13,4699.47,0,61093.11,25687.83,0,0
2023-11-12,Mixer Grinder,Home Appliances,South,Store E,12,3757.71,5,42837.85,16882.65,0,0
2023-11-13,Laptop,Electronics,South,Store D,18,54318.44,0,977731.91,263946.69,0,0
2023-11-13,Smartphone,Electronics,North,Store E,7,26004.19,0,182029.34,45746.35,0,0
2023-11-13,Headphones,Electronics,South,Store E,9,2590.45,10,20982.62,5154.97,0,0
2023-11-13,Office Chair,Furniture,South,Store A,8,7848.87,0,62790.94,25131.6,1,0
2023-11-13,Study Table,Furniture,North,Store B,7,11415.1,0,79905.72,25203.73,1,0
2023-11-13,T-Shirt,Fashion,South,Store A,16,832.17,0,13314.76,3966.2,0,0
2023-11-13,Jeans,Fashion,West,Store A,16,1875.33,0,30005.28,9807.79,0,0
2023-11-13,Shoes,Fashion,South,Store C,25,2632.93,0,65823.25,19497.07,0,0
2023-11-13,Coffee Maker,Home Appliances,South,Store A,14,4819.72,5,64102.22,20558.99,1,0
2023-11-13,Mixer Grinder,Home Appliances,West,Store C,13,3471.24,15,38357.19,5535.79,0,0
2023-11-14,Laptop,Electronics,East,Store A,9,54155.21,5,463027.01,79295.18,0,0
2023-11-14,Smartphone,Electronics,East,Store C,16,26316.74,5,400014.42,98882.33,1,0
2023-11-14,Headphones,Electronics,West,Store C,25,2640.98,0,66024.62,22353.01,1,0
2023-11-14,Office Chair,Furniture,South,Store E,6,8047.47,5,45870.56,16467.76,1,0
2023-11-14,Study Table,Furniture,South,Store E,10,12051.1,10,108459.86,15400.62,1,0
2023-11-14,T-Shirt,Fashion,East,Store E,15,769.13,5,10960.09,1725.2,0,0
2023-11-14,Jeans,Fashion,West,Store D,15,1743.8,0,26156.97,9156.48,0,0
2023-11-14,Shoes,Fashion,East,Store B,19,2394.27,10,40942.09,7446.23,0,0
2023-11-14,Coffee Maker,Home Appliances,East,Store A,6,4308.06,10,23263.51,4187.08,0,0
2023-11-14,Mixer Grinder,Home Appliances,North,Store B,7,3666.77,0,25667.4,10233.14,0,0
2023-11-15,Laptop,Electronics,South,Store E,10,52637.55,5,500056.72,111867.62,0,0
2023-11-15,Smartphone,Electronics,East,Store A,20,24383.64,5,463289.23,83873.88,0,0
2023-11-15,Headphones,Electronics,North,Store D,8,2390.44,5,18167.32,3543.4,0,0
2023-11-15,Office Chair,Furniture,West,Store D,8,7646.73,5,58115.11,21969.91,0,0
2023-11-15,Study Table,Furniture,West,Store D,16,12669.88,5,192582.21,65489.61,1,0
2023-11-15,T-Shirt,Fashion,South,Store B,15,788.33,0,11824.9,2882.45,1,0
2023-11-15,Jeans,Fashion,North,Store A,29,1713.97,0,49705.04,18181.3,1,0
2023-11-15,Shoes,Fashion,West,Store A,16,2416.26,20,30928.19,3736.46,0,0
2023-11-15,Coffee Maker,Home Appliances,East,Store B,12,4549.44,0,54593.28,21097.49,0,0
2023-11-15,Mixer Grinder,Home Appliances,North,Store C,11,3363.79,5,35151.63,9575.15,0,0
2023-11-16,Laptop,Electronics,North,Store B,22,58316.69,0,1282967.16,352383.62,1,0
2023-11-16,Smartphone,Electronics,East,Store E,19,25404.99,15,410290.66,69865.56,1,0
2023-11-16,Headphones,Electronics,North,Store C,17,2660.93,0,45235.8,13424.37,0,0
2023-11-16,Office Chair,Furniture,North,Store B,5,7781.38,10,35016.19,9227.96,0,0
2023-11-16,Study Table,Furniture,East,Store D,3,12511.83,10,33781.94,9301.34,0,0
2023-11-16,T-Shirt,Fashion,North,Store D,19,801.79,0,15233.99,4853.72,1,0
2023-11-16,Jeans,Fashion,North,Store D,15,1748.87,20,20986.39,3428.21,0,0
2023-11-16,Shoes,Fashion,North,Store E,16,2394.49,10,34480.66,6010.17,0,0
2023-11-16,Coffee Maker,Home Appliances,North,Store C,8,4749.16,5,36093.62,14075.2,0,0
2023-11-16,Mixer Grinder,Home Appliances,South,Store C,7,3493.83,5,23233.98,5349.06,0,0
2023-11-17,Laptop,Electronics,North,Store A,5,58389.42,0,291947.12,92433.59,0,0
2023-11-17,Smartphone,Electronics,South,Store E,17,24908.73,10,381103.56,97283.91,0,0
2023-11-17,Headphones,Electronics,North,Store E,15,2687.85,0,40317.79,14750.79,0,0
2023-11-17,Office Chair,Furniture,West,Store D,7,7207.87,20,40364.05,8234.98,0,0
2023-11-17,Study Table,Furniture,East,Store C,11,12409.7,15,116030.67,31573.48,0,0
2023-11-17,T-Shirt,Fashion,South,Store D,19,778.23,0,14786.33,5166.83,1,0
2023-11-17,Jeans,Fashion,South,Store B,15,1847.67,0,27715.06,8819.86,0,0
2023-11-17,Shoes,Fashion,West,Store C,17,2433.12,15,35158.54,7527.68,0,0
2023-11-17,Coffee Maker,Home Appliances,North,Store E,7,4434.74,5,29490.99,6405.64,0,0
2023-11-17,Mixer Grinder,Home Appliances,West,Store C,10,3631.66,0,36316.57,14375.67,0,0
2023-11-18,Laptop,Electronics,North,Store D,16,56356.46,0,901703.41,349101.89,0,0
2023-11-18,Smartphone,Electronics,North,Store B,16,26883.36,0,430133.77,119619.29,0,0
2023-11-18,Headphones,Electronics,East,Store E,24,2476.94,0,59446.48,17012.12,1,0
2023-11-18,Office Chair,Furniture,West,Store E,16,7615.47,5,115755.14,42593.21,1,0
2023-11-18,Study Table,Furniture,East,Store B,7,11733.05,10,73918.23,11475.23,0,0
2023-11-18,T-Shirt,Fashion,West,Store D,21,847.81,15,15133.42,2540.37,0,0
2023-11-18,Jeans,Fashion,East,Store A,39,1777.45,0,69320.48,20975.3,1,0
2023-11-18,Shoes,Fashion,South,Store B,31,2381.89,0,73838.56,18625.39,1,0
2023-11-18,Coffee Maker,Home Appliances,West,Store C,16,4575.91,0,73214.58,27244.15,1,0
2023-11-18,Mixer Grinder,Home Appliances,North,Store D,14,3474.76,0,48646.62,15981.9,1,0
2023-11-19,Laptop,Electronics,East,Store B,25,57530.26,10,1294430.78,351682.73,1,0
2023-11-19,Smartphone,Electronics,North,Store A,13,26680.25,0,346843.19,102535.99,0,0
2023-11-19,Headphones,Electronics,North,Store B,24,2445.11,0,58682.59,16679.56,0,0
2023-11-19,Office Chair,Furniture,West,Store C,12,7238.85,0,86866.21,26934.93,0,0
2023-11-19,Study Table,Furniture,East,Store E,7,12473.48,10,78582.9,17554.5,0,0
2023-11-19,T-Shirt,Fashion,East,Store A,25,794.36,10,17873.17,5504.91,1,0
2023-11-19,Jeans,Fashion,East,Store C,17,1925.67,10,29462.7,7847.15,0,0
2023-11-19,Shoes,Fashion,East,Store C,22,2501.55,15,46778.9,9158.06,0,0
2023-11-19,Coffee Maker,Home Appliances,West,Store D,26,4687.97,5,115792.78,26736.04,1,0
2023-11-19,Mixer Grinder,Home Appliances,North,Store E,11,3409.88,5,35633.28,12276.94,0,0
2023-11-20,Laptop,Electronics,East,Store D,24,54078.45,15,1103200.43,163310.01,1,0
2023-11-20,Smartphone,Electronics,West,Store C,13,24452.06,20,254301.39,12895.77,0,0
2023-11-20,Headphones,Electronics,North,Store E,11,2431.8,10,24074.85,6792.48,1,0
2023-11-20,Office Chair,Furniture,West,Store E,8,7305.06,15,49674.39,8236.2,1,0
2023-11-20,Study Table,Furniture,East,Store E,6,12189.32,10,65822.32,16296.99,0,0
2023-11-20,T-Shirt,Fashion,East,Store E,15,811.51,0,12172.64,4657.78,0,0
2023-11-20,Jeans,Fashion,West,Store E,9,1717.31,5,14683.0,4555.5,0,0
2023-11-20,Shoes,Fashion,South,Store B,30,2577.86,20,61868.7,5707.01,1,0
2023-11-20,Coffee Maker,Home Appliances,West,Store E,12,4710.5,0,56525.95,18988.25,0,0
2023-11-20,Mixer Grinder,Home Appliances,South,Store D,11,3580.4,0,39384.38,14622.4,0,0
2023-11-21,Laptop,Electronics,West,Store E,14,58850.99,5,782718.21,274636.13,0,0
2023-11-21,Smartphone,Electronics,South,Store D,12,25215.11,15,257194.13,48657.89,0,0
2023-11-21,Headphones,Electronics,North,Store C,16,2625.9,10,37813.02,7519.5,0,0
2023-11-21,Office Chair,Furniture,North,Store B,9,7144.53,0,64300.77,22637.25,1,0
2023-11-21,Study Table,Furniture,North,Store B,9,12022.6,0,108203.37,42903.68,0,0
2023-11-21,T-Shirt,Fashion,East,Store D,16,840.43,0,13446.91,5691.93,0,0
2023-11-21,Jeans,Fashion,West,Store C,18,1709.77,5,29237.14,8262.28,0,0
2023-11-21,Shoes,Fashion,North,Store E,15,2495.83,10,33693.72,6996.31,1,0
2023-11-21,Coffee Maker,Home Appliances,East,Store C,7,4447.51,5,29575.92,5038.78,1,0
2023-11-21,Mixer Grinder,Home Appliances,North,Store E,14,3726.31,5,49559.93,15151.96,0,0
2023-11-22,Laptop,Electronics,West,Store E,12,58508.23,10,631888.93,145887.04,0,0
2023-11-22,Smartphone,Electronics,South,Store C,9,25738.77,15,196901.59,28472.38,0,0
2023-11-22,Headphones,Electronics,West,Store C,13,2419.05,5,29875.25,8262.06,0,0
2023-11-22,Office Chair,Furniture,South,Store B,9,7747.54,0,69727.89,24558.03,0,0
2023-11-22,Study Table,Furniture,East,Store E,11,11830.64,0,130136.99,45710.5,1,0
2023-11-22,T-Shirt,Fashion,West,Store E,21,830.12,10,15689.36,4103.46,1,0
2023-11-22,Jeans,Fashion,East,Store A,17,1852.09,15,26762.77,4688.92,0,0
2023-11-22,Shoes,Fashion,West,Store B,15,2691.31,5,38351.17,11338.1,0,0
2023-11-22,Coffee Maker,Home Appliances,East,Store D,17,4333.61,5,69987.78,15503.96,1,0
2023-11-22,Mixer Grinder,Home Appliances,West,Store B,13,3611.94,5,44607.42,11810.6,0,0
2023-11-23,Laptop,Electronics,West,Store B,16,54396.96,10,783316.22,101960.01,1,0
2023-11-23,Smartphone,Electronics,South,Store A,15,26557.17,5,378439.61,106849.13,0,0
2023-11-23,Headphones,Electronics,East,Store E,12,2575.98,10,27820.56,9356.92,0,0
2023-11-23,Office Chair,Furniture,West,Store C,14,7410.58,0,103748.13,35934.45,1,0
2023-11-23,Study Table,Furniture,West,Store C,19,12516.04,0,237804.68,93631.54,0,0
2023-11-23,T-Shirt,Fashion,North,Store B,16,809.29,10,11653.77,2816.85,1,0
2023-11-23,Jeans,Fashion,North,Store C,19,1863.84,5,33642.37,12478.44,1,0
2023-11-23,Shoes,Fashion,North,Store A,14,2592.62,15,30852.23,4873.8,0,0
2023-11-23,Coffee Maker,Home Appliances,North,Store B,18,4572.32,5,78186.69,28970.78,1,0
2023-11-23,Mixer Grinder,Home Appliances,East,Store A,6,3534.93,10,19088.63,4478.34,0,0
2023-11-24,Laptop,Electronics,West,Store D,15,53706.26,10,725034.49,139051.05,0,0
2023-11-24,Smartphone,Electronics,East,Store C,16,25339.88,0,405438.14,154087.51,0,0
2023-11-24,Headphones,Electronics,West,Store D,20,2419.75,15,41135.72,8792.67,1,0
2023-11-24,Office Chair,Furniture,West,Store C,7,7205.9,0,50441.31,12574.11,0,0
2023-11-24,Study Table,Furniture,North,Store E,11,12357.41,10,122338.38,41238.7,0,0
2023-11-24,T-Shirt,Fashion,North,Store A,15,779.32,10,10520.76,1810.72,0,0
2023-11-24,Jeans,Fashion,West,Store B,14,1722.24,10,21700.16,2913.64,0,0
2023-11-24,Shoes,Fashion,South,Store B,15,2428.84,0,36432.67,9027.37,0,0
2023-11-24,Coffee Maker,Home Appliances,South,Store A,11,4691.47,10,46445.58,16640.62,0,0
2023-11-24,Mixer Grinder,Home Appliances,South,Store B,14,3453.94,0,48355.17,11253.75,1,0
2023-11-25,Laptop,Electronics,South,Store E,17,58371.62,0,992317.62,301742.27,0,0
2023-11-25,Smartphone,Electronics,East,Store C,14,23772.69,10,299535.84,34566.22,0,0
2023-11-25,Headphones,Electronics,North,Store E,29,2626.89,5,72370.83,24867.33,1,0
2023-11-25,Office Chair,Furniture,North,Store C,17,7956.48,0,135260.23,41555.48,1,0
2023-11-25,Study Table,Furniture,North,Store E,12,12735.74,10,137546.02,37997.25,0,0
2023-11-25,T-Shirt,Fashion,West,Store A,22,854.11,10,16911.3,6314.4,1,0
2023-11-25,Jeans,Fashion,East,Store D,17,1916.17,5,30946.15,9089.82,0,0
2023-11-25,Shoes,Fashion,North,Store C,27,2581.94,0,69712.26,25511.17,0,0
2023-11-25,Coffee Maker,Home Appliances,West,Store B,10,4448.79,0,44487.91,13662.24,0,0
2023-11-25,Mixer Grinder,Home Appliances,West,Store A,17,3698.33,0,62871.65,16908.66,1,0
2023-11-26,Laptop,Electronics,South,Store C,9,55729.05,10,451405.31,86837.92,0,0
2023-11-26,Smartphone,Electronics,North,Store A,21,24650.17,0,517653.67,108599.65,0,0
2023-11-26,Headphones,Electronics,North,Store B,17,2639.69,5,42630.98,13174.06,0,0
2023-11-26,Office Chair,Furniture,South,Store B,12,7280.19,5,82994.14,23822.85,0,0
2023-11-26,Study Table,Furniture,North,Store B,19,12354.92,20,187794.71,17741.48,0,0
2023-11-26,T-Shirt,Fashion,West,Store E,18,767.89,15,11748.64,2720.81,0,0
2023-11-26,Jeans,Fashion,West,Store B,27,1904.98,5,48862.76,19484.83,1,0
2023-11-26,Shoes,Fashion,North,Store A,19,2611.57,10,44657.92,14547.83,0,0
2023-11-26,Coffee Maker,Home Appliances,East,Store E,15,4570.02,5,65122.84,21495.1,0,0
2023-11-26,Mixer Grinder,Home Appliances,West,Store D,21,3460.5,10,65403.47,12928.84,1,0
2023-11-27,Laptop,Electronics,South,Store A,10,53229.89,15,452454.03,74691.78,0,0
2023-11-27,Smartphone,Electronics,East,Store C,14,26065.53,10,328425.68,113410.19,0,0
2023-11-27,Headphones,Electronics,North,Store D,14,2553.5,5,33961.58,9106.91,0,0
2023-11-27,Office Chair,Furniture,North,Store E,4,7378.0,0,29512.0,8904.29,0,0
2023-11-27,Study Table,Furniture,South,Store D,11,11735.81,15,109729.85,8858.22,0,0
2023-11-27,T-Shirt,Fashion,South,Store B,23,799.81,10,16556.14,5450.22,0,0
2023-11-27,Jeans,Fashion,North,Store A,17,1715.31,20,23328.19,4702.28,0,0
2023-11-27,Shoes,Fashion,North,Store C,18,2399.68,0,43194.16,11282.4,1,0
2023-11-27,Coffee Maker,Home Appliances,East,Store B,18,4829.04,5,82576.63,22719.65,1,0
2023-11-27,Mixer Grinder,Home Appliances,North,Store A,7,3620.84,15,21544.0,3585.64,0,0
2023-11-28,Laptop,Electronics,East,Store C,13,59377.12,5,733307.39,224186.95,0,0
2023-11-28,Smartphone,Electronics,East,Store C,14,25134.16,20,281502.65,71362.77,1,0
2023-11-28,Headphones,Electronics,North,Store B,9,2510.57,15,19205.84,1993.61,0,0
2023-11-28,Office Chair,Furniture,South,Store C,7,7510.7,5,49946.16,13851.83,1,0
2023-11-28,Study Table,Furniture,West,Store C,13,11760.9,5,145247.13,40869.91,0,0
2023-11-28,T-Shirt,Fashion,West,Store D,16,821.95,5,12493.71,2918.46,0,0
2023-11-28,Jeans,Fashion,West,Store A,14,1931.15,15,22980.71,4033.76,1,0
2023-11-28,Shoes,Fashion,South,Store E,12,2544.91,20,24431.14,5031.13,0,0
2023-11-28,Coffee Maker,Home Appliances,West,Store D,10,4845.27,5,46030.06,12845.19,0,0
2023-11-28,Mixer Grinder,Home Appliances,West,Store C,9,3747.86,0,33730.76,11101.97,0,0
2023-11-29,Laptop,Electronics,West,Store D,10,54212.65,10,487913.85,71720.28,0,0
2023-11-29,Smartphone,Electronics,West,Store B,17,25310.8,20,344226.89,69944.3,0,0
2023-11-29,Headphones,Electronics,North,Store B,13,2376.41,5,29348.66,8301.1,0,0
2023-11-29,Office Chair,Furniture,North,Store A,8,7940.39,5,60347.0,23202.42,1,0
2023-11-29,Study Table,Furniture,East,Store C,2,12252.93,10,22055.28,4290.58,0,0
2023-11-29,T-Shirt,Fashion,North,Store B,12,774.49,0,9293.94,2974.71,0,0
2023-11-29,Jeans,Fashion,North,Store C,17,1789.38,0,30419.38,11731.67,0,0
2023-11-29,Shoes,Fashion,East,Store E,11,2538.69,10,25133.01,5016.39,0,0
2023-11-29,Coffee Maker,Home Appliances,East,Store E,10,4506.83,5,42814.84,11391.61,0,0
2023-11-29,Mixer Grinder,Home Appliances,West,Store B,9,3467.83,0,31210.43,7180.98,0,0
2023-11-30,Laptop,Electronics,South,Store E,6,55546.39,0,333278.37,78573.33,0,0
2023-11-30,Smartphone,Electronics,South,Store C,11,24594.8,0,270542.83,63033.82,0,0
2023-11-30,Headphones,Electronics,West,Store E,21,2500.84,10,47265.91,14814.2,1,0
2023-11-30,Office Chair,Furniture,East,Store E,11,7293.08,0,80223.92,26784.39,0,0
2023-11-30,Study Table,Furniture,North,Store C,9,11557.45,0,104017.01,21202.06,1,0
2023-11-30,T-Shirt,Fashion,South,Store C,22,781.78,0,17199.25,3733.81,0,0
2023-11-30,Jeans,Fashion,East,Store C,21,1932.28,5,38548.96,11266.13,0,0
2023-11-30,Shoes,Fashion,West,Store B,22,2616.6,5,54686.95,19151.52,0,0
2023-11-30,Coffee Maker,Home Appliances,South,Store D,7,4327.77,0,30294.38,7147.6,0,0
2023-11-30,Mixer Grinder,Home Appliances,South,Store E,16,3398.38,15,46218.0,4582.77,1,0
2023-12-01,Laptop,Electronics,South,Store B,13,56512.38,15,624461.77,161222.6,0,0
2023-12-01,Smartphone,Electronics,North,Store A,14,26109.18,0,365528.57,120046.99,1,0
2023-12-01,Headphones,Electronics,West,Store A,14,2526.47,5,33602.11,12197.57,0,0
2023-12-01,Office Chair,Furniture,South,Store C,10,7650.79,0,76507.86,28323.45,0,0
2023-12-01,Study Table,Furniture,East,Store D,7,11742.81,0,82199.7,20499.88,0,0
2023-12-01,T-Shirt,Fashion,North,Store E,12,789.05,0,9468.58,3150.67,0,0
2023-12-01,Jeans,Fashion,East,Store E,14,1788.73,15,21285.93,5049.25,0,0
2023-12-01,Shoes,Fashion,West,Store D,20,2525.08,15,42926.29,12028.37,0,0
2023-12-01,Coffee Maker,Home Appliances,East,Store C,7,4526.3,10,28515.69,6059.86,0,0
2023-12-01,Mixer Grinder,Home Appliances,South,Store B,7,3423.49,5,22766.24,7947.56,0,0
2023-12-02,Laptop,Electronics,North,Store C,19,54063.99,20,821772.72,179212.13,0,0
2023-12-02,Smartphone,Electronics,East,Store A,22,24760.45,5,517493.47,161559.31,1,0
2023-12-02,Headphones,Electronics,South,Store B,12,2396.08,20,23002.33,2297.07,0,0
2023-12-02,Office Chair,Furniture,North,Store E,11,7313.87,5,76429.96,14347.81,0,0
2023-12-02,Study Table,Furniture,West,Store A,12,12005.16,20,115249.5,4036.63,0,0
2023-12-02,T-Shirt,Fashion,East,Store A,21,780.72,10,14755.69,3515.11,0,0
2023-12-02,Jeans,Fashion,West,Store B,27,1900.02,5,48735.51,10908.76,1,0
2023-12-02,Shoes,Fashion,South,Store D,15,2696.44,15,34379.55,7179.0,0,0
2023-12-02,Coffee Maker,Home Appliances,North,Store D,14,4644.94,5,61777.68,20458.44,0,0
2023-12-02,Mixer Grinder,Home Appliances,North,Store E,16,3530.11,0,56481.82,21668.41,0,0
2023-12-03,Laptop,Electronics,North,Store A,10,52498.58,5,498736.5,125726.16,0,0
2023-12-03,Smartphone,Electronics,East,Store D,18,26127.64,0,470297.59,124820.23,1,0
2023-12-03,Headphones,Electronics,East,Store A,19,2694.86,0,51202.36,20005.48,1,0
2023-12-03,Office Chair,Furniture,North,Store D,11,7245.56,0,79701.2,15743.23,0,0
2023-12-03,Study Table,Furniture,North,Store B,15,11845.54,10,159914.83,34435.25,0,0
2023-12-03,T-Shirt,Fashion,North,Store A,19,848.35,15,13700.87,4435.05,0,0
2023-12-03,Jeans,Fashion,East,Store A,11,1780.0,0,19580.01,7489.76,0,0
2023-12-03,Shoes,Fashion,North,Store C,18,2500.8,5,42763.73,12668.27,0,0
2023-12-03,Coffee Maker,Home Appliances,South,Store C,9,4779.7,0,43017.33,18624.9,0,0
2023-12-03,Mixer Grinder,Home Appliances,South,Store D,21,3582.19,15,63942.05,15109.04,1,0
2023-12-04,Laptop,Electronics,West,Store D,16,57895.42,0,926326.65,295748.07,0,0
2023-12-04,Smartphone,Electronics,East,Store A,19,26466.49,10,452576.94,140861.54,0,0
2023-12-04,Headphones,Electronics,West,Store B,14,2645.28,0,37033.86,11400.17,0,0
2023-12-04,Office Chair,Furniture,East,Store C,3,7199.05,0,21597.15,6594.79,0,0
2023-12-04,Study Table,Furniture,North,Store B,17,12868.66,5,207828.89,71397.7,0,0
2023-12-04,T-Shirt,Fashion,South,Store D,17,829.02,0,14093.35,3744.04,0,0
2023-12-04,Jeans,Fashion,North,Store E,17,1764.99,5,28504.6,5620.62,1,0
2023-12-04,Shoes,Fashion,North,Store A,20,2501.23,5,47523.31,15678.21,0,0
2023-12-04,Coffee Maker,Home Appliances,North,Store D,13,4828.13,0,62765.75,24350.13,0,0
2023-12-04,Mixer Grinder,Home Appliances,South,Store C,9,3449.52,10,27941.09,4255.15,1,0
2023-12-05,Laptop,Electronics,North,Store D,14,55262.7,15,657626.09,117505.4,0,0
2023-12-05,Smartphone,Electronics,West,Store B,16,25408.91,10,365888.35,114015.06,0,0
2023-12-05,Headphones,Electronics,North,Store D,14,2649.18,5,35234.14,14000.86,0,0
2023-12-05,Office Chair,Furniture,North,Store E,11,7741.2,20,68122.54,9080.31,0,0
2023-12-05,Study Table,Furniture,North,Store E,8,12471.93,5,94786.7,26429.87,0,0
2023-12-05,T-Shirt,Fashion,South,Store C,15,775.95,0,11639.21,3099.02,0,0
2023-12-05,Jeans,Fashion,East,Store E,12,1934.03,5,22047.97,6414.16,0,0
2023-12-05,Shoes,Fashion,North,Store E,8,2471.58,20,15818.09,2169.34,0,0
2023-12-05,Coffee Maker,Home Appliances,North,Store D,11,4534.78,20,39906.04,5294.21,1,0
2023-12-05,Mixer Grinder,Home Appliances,South,Store E,11,3514.11,10,34789.65,5357.53,1,0
2023-12-06,Laptop,Electronics,North,Store E,15,59019.19,0,885287.79,342522.01,0,0
2023-12-06,Smartphone,Electronics,North,Store E,23,26937.97,0,619573.36,172288.02,0,0
2023-12-06,Headphones,Electronics,South,Store C,25,2434.43,5,57817.78,17949.2,1,0
2023-12-06,Office Chair,Furniture,South,Store B,10,7344.32,5,69771.08,17806.22,0,0
2023-12-06,Study Table,Furniture,North,Store D,10,12934.26,5,122875.43,35253.38,0,0
2023-12-06,T-Shirt,Fashion,East,Store E,12,816.89,15,8332.31,1313.88,0,0
2023-12-06,Jeans,Fashion,East,Store C,18,1937.66,10,31390.03,7182.28,0,0
2023-12-06,Shoes,Fashion,East,Store E,26,2412.92,5,59599.24,9646.11,1,0
2023-12-06,Coffee Maker,Home Appliances,South,Store A,13,4307.5,0,55997.51,16612.75,0,0
2023-12-06,Mixer Grinder,Home Appliances,East,Store A,6,3595.37,20,17257.8,3322.34,0,0
2023-12-07,Laptop,Electronics,South,Store D,19,56104.41,0,1065983.81,296582.55,0,0
2023-12-07,Smartphone,Electronics,South,Store B,19,26983.85,20,410154.58,59264.09,1,0
2023-12-07,Headphones,Electronics,East,Store A,14,2685.1,5,35711.8,9178.56,1,0
2023-12-07,Office Chair,Furniture,South,Store E,18,7718.99,10,125047.7,26215.62,1,0
2023-12-07,Study Table,Furniture,East,Store D,12,11848.36,15,120853.26,31753.59,0,0
2023-12-07,T-Shirt,Fashion,East,Store A,15,828.51,0,12427.61,3964.18,0,0
2023-12-07,Jeans,Fashion,South,Store E,14,1915.48,0,26816.78,11154.46,0,0
2023-12-07,Shoes,Fashion,North,Store C,24,2565.29,10,55410.3,17809.42,0,0
2023-12-07,Coffee Maker,Home Appliances,South,Store D,9,4344.91,20,31283.36,4073.32,1,0
2023-12-07,Mixer Grinder,Home Appliances,West,Store D,9,3704.67,5,31674.93,7362.69,0,0
2023-12-08,Laptop,Electronics,East,Store A,22,59328.56,0,1305228.26,436440.1,1,0
2023-12-08,Smartphone,Electronics,South,Store D,12,24573.09,20,235901.63,54618.44,0,0
2023-12-08,Headphones,Electronics,South,Store D,14,2382.49,5,31687.11,6975.97,0,0
2023-12-08,Office Chair,Furniture,West,Store E,10,7313.21,10,65818.88,18764.15,0,0
2023-12-08,Study Table,Furniture,North,Store A,8,12942.72,5,98364.64,25664.11,0,0
2023-12-08,T-Shirt,Fashion,West,Store C,22,826.88,0,18191.41,7033.79,1,0
2023-12-08,Jeans,Fashion,East,Store B,15,1838.13,0,27571.9,10158.21,1,0
2023-12-08,Shoes,Fashion,North,Store C,16,2534.12,20,32436.73,3094.24,0,0
2023-12-08,Coffee Maker,Home Appliances,South,Store B,6,4805.12,0,28830.73,11776.18,0,0
2023-12-08,Mixer Grinder,Home Appliances,South,Store B,14,3522.65,5,46851.29,16162.85,1,0
2023-12-09,Laptop,Electronics,East,Store A,18,58818.34,0,1058730.1,387510.1,0,0
2023-12-09,Smartphone,Electronics,West,Store E,27,25749.19,10,625705.34,130180.95,1,0
2023-12-09,Headphones,Electronics,East,Store D,25,2671.91,0,66797.72,25252.25,0,0
2023-12-09,Office Chair,Furniture,North,Store D,14,7195.67,20,80591.48,11012.21,1,0
2023-12-09,Study Table,Furniture,West,Store B,15,12829.64,20,153955.63,26368.02,0,0
2023-12-09,T-Shirt,Fashion,West,Store E,18,818.94,15,12529.84,1769.33,0,0
2023-12-09,Jeans,Fashion,East,Store C,19,1751.82,0,33284.64,12177.19,0,0
2023-12-09,Shoes,Fashion,North,Store E,16,2639.98,10,38015.67,11671.03,0,0
2023-12-09,Coffee Maker,Home Appliances,North,Store D,18,4476.59,10,72520.71,15368.73,1,0
2023-12-09,Mixer Grinder,Home Appliances,North,Store B,19,3534.29,5,63793.98,14519.56,0,0
2023-12-10,Laptop,Electronics,North,Store E,19,54000.36,0,1026006.76,271160.39,0,0
2023-12-10,Smartphone,Electronics,North,Store B,12,25880.46,0,310565.5,77391.75,0,0
2023-12-10,Headphones,Electronics,East,Store A,17,2430.97,0,41326.5,13259.58,0,0
2023-12-10,Office Chair,Furniture,East,Store B,17,7446.61,5,120262.69,38347.33,0,0
2023-12-10,Study Table,Furniture,South,Store D,15,12753.22,5,181733.42,43003.92,1,0
2023-12-10,T-Shirt,Fashion,South,Store A,18,859.73,10,13927.7,3306.38,0,0
2023-12-10,Jeans,Fashion,North,Store D,11,1888.06,5,19730.24,6072.08,0,0
2023-12-10,Shoes,Fashion,South,Store E,11,2620.73,10,25945.26,8752.37,0,0
2023-12-10,Coffee Maker,Home Appliances,South,Store E,9,4424.66,10,35839.74,7692.66,0,0
2023-12-10,Mixer Grinder,Home Appliances,South,Store B,12,3441.34,10,37166.52,10692.52,0,0
2023-12-11,Laptop,Electronics,North,Store E,15,53627.19,0,804407.8,249597.48,0,0
2023-12-11,Smartphone,Electronics,West,Store E,13,26545.74,5,327839.85,130054.65,0,0
2023-12-11,Headphones,Electronics,East,Store C,9,2531.33,5,21642.9,6186.46,0,0
2023-12-11,Office Chair,Furniture,South,Store D,10,7462.37,0,74623.69,19674.65,0,0
2023-12-11,Study Table,Furniture,East,Store A,18,12517.9,0,225322.25,83467.96,1,0
2023-12-11,T-Shirt,Fashion,West,Store D,18,850.69,0,15312.4,5167.89,0,0
2023-12-11,Jeans,Fashion,West,Store C,10,1891.9,0,18918.97,5856.57,0,0
2023-12-11,Shoes,Fashion,West,Store E,16,2511.41,15,34155.13,4008.36,0,0
2023-12-11,Coffee Maker,Home Appliances,North,Store E,6,4551.46,0,27308.75,6740.39,1,0
2023-12-11,Mixer Grinder,Home Appliances,South,Store A,4,3557.33,0,14229.32,5359.66,0,0
2023-12-12,Laptop,Electronics,North,Store C,21,56123.96,10,1060742.81,253266.77,1,0
2023-12-12,Smartphone,Electronics,West,Store D,12,26819.98,0,321839.72,112270.43,0,0
2023-12-12,Headphones,Electronics,South,Store D,10,2690.92,0,26909.17,10059.85,0,0
2023-12-12,Office Chair,Furniture,East,Store A,6,7706.88,5,43929.2,11214.83,0,0
2023-12-12,Study Table,Furniture,South,Store E,7,12587.7,5,83708.22,22059.15,0,0
2023-12-12,T-Shirt,Fashion,South,Store E,11,817.73,5,8545.29,1698.01,0,0
2023-12-12,Jeans,Fashion,East,Store E,12,1807.31,0,21687.7,6332.77,0,0
2023-12-12,Shoes,Fashion,North,Store B,11,2681.86,10,26550.38,7145.09,0,0
2023-12-12,Coffee Maker,Home Appliances,North,Store C,12,4457.06,5,50810.48,9855.6,0,0
2023-12-12,Mixer Grinder,Home Appliances,West,Store A,8,3767.85,15,25621.35,7173.4,0,0
2023-12-13,Laptop,Electronics,North,Store C,23,57093.25,0,1313144.77,394154.87,1,0
2023-12-13,Smartphone,Electronics,North,Store E,11,26799.38,15,250574.21,63039.53,0,0
2023-12-13,Headphones,Electronics,West,Store A,13,2687.16,20,27946.51,6511.55,0,0
2023-12-13,Office Chair,Furniture,North,Store D,6,7767.63,15,39614.89,10387.2,0,0
2023-12-13,Study Table,Furniture,West,Store B,5,12077.9,5,57370.03,15363.05,0,0
2023-12-13,T-Shirt,Fashion,West,Store E,17,834.09,0,14179.54,4402.09,0,0
2023-12-13,Jeans,Fashion,South,Store D,23,1879.64,5,41070.19,11270.89,0,0
2023-12-13,Shoes,Fashion,North,Store E,11,2382.96,0,26212.57,7158.14,0,0
2023-12-13,Coffee Maker,Home Appliances,South,Store B,12,4576.38,0,54916.61,16625.51,1,0
2023-12-13,Mixer Grinder,Home Appliances,West,Store E,6,3467.3,10,18723.39,5695.86,0,0
2023-12-14,Laptop,Electronics,East,Store A,24,52466.53,10,1133277.09,309949.1,1,0
2023-12-14,Smartphone,Electronics,East,Store E,12,26648.62,15,271815.94,57408.75,0,0
2023-12-14,Headphones,Electronics,North,Store B,10,2599.12,10,23392.08,4857.01,1,0
2023-12-14,Office Chair,Furniture,West,Store A,13,7418.36,10,86794.77,23514.31,0,0
2023-12-14,Study Table,Furniture,North,Store A,6,11867.71,0,71206.24,26511.51,0,0
2023-12-14,T-Shirt,Fashion,East,Store E,28,834.45,0,23364.55,7566.6,1,0
2023-12-14,Jeans,Fashion,South,Store D,17,1778.93,0,30241.73,7943.48,1,0
2023-12-14,Shoes,Fashion,West,Store C,12,2634.39,10,28451.42,8015.13,0,0
2023-12-14,Coffee Maker,Home Appliances,North,Store C,9,4465.34,5,38178.67,8932.85,0,0
2023-12-14,Mixer Grinder,Home Appliances,South,Store B,10,3756.62,0,37566.16,12665.38,0,0
2023-12-15,Laptop,Electronics,West,Store A,15,53434.57,15,681290.75,147011.74,0,0
2023-12-15,Smartphone,Electronics,North,Store C,17,24558.48,5,396619.46,91214.99,0,0
2023-12-15,Headphones,Electronics,North,Store A,16,2672.2,5,40617.45,14516.33,1,0
2023-12-15,Office Chair,Furniture,East,Store E,11,7364.33,10,72906.83,17967.67,0,0
2023-12-15,Study Table,Furniture,South,Store A,7,12337.16,0,86360.11,27551.59,1,0
2023-12-15,T-Shirt,Fashion,South,Store D,14,842.13,0,11789.86,3220.11,0,0
2023-12-15,Jeans,Fashion,North,Store E,12,1850.52,0,22206.23,9097.11,0,0
2023-12-15,Shoes,Fashion,South,Store A,13,2635.92,10,30840.28,9324.82,1,0
2023-12-15,Coffee Maker,Home Appliances,West,Store C,8,4614.68,10,33225.68,6922.43,1,0
2023-12-15,Mixer Grinder,Home Appliances,East,Store A,12,3388.16,0,40657.93,10549.27,1,0
2023-12-16,Laptop,Electronics,West,Store D,17,58751.54,15,848959.71,182133.63,0,0
2023-12-16,Smartphone,Electronics,North,Store E,12,25729.73,10,277881.09,84984.69,0,0
2023-12-16,Headphones,Electronics,South,Store C,21,2499.48,0,52489.09,17475.54,1,0
2023-12-16,Office Chair,Furniture,North,Store A,9,7963.68,0,71673.16,29321.83,1,0
2023-12-16,Study Table,Furniture,North,Store D,12,11558.53,5,131767.19,32044.8,0,0
2023-12-16,T-Shirt,Fashion,West,Store C,26,812.76,10,19018.5,5706.19,1,0
2023-12-16,Jeans,Fashion,North,Store C,22,1723.84,5,36028.28,8763.29,0,0
2023-12-16,Shoes,Fashion,East,Store E,17,2537.68,5,40983.48,9434.03,0,0
2023-12-16,Coffee Maker,Home Appliances,South,Store D,17,4599.62,5,74283.94,17988.13,0,0
2023-12-16,Mixer Grinder,Home Appliances,West,Store E,12,3754.04,5,42796.0,14925.41,0,0
2023-12-17,Laptop,Electronics,North,Store E,23,57775.18,5,1262387.63,371177.87,1,0
2023-12-17,Smartphone,Electronics,West,Store B,25,24206.68,20,484133.64,65389.23,1,0
2023-12-17,Headphones,Electronics,West,Store B,20,2614.76,10,47065.69,16515.78,0,0
2023-12-17,Office Chair,Furniture,North,Store D,14,7226.84,0,101175.79,36943.18,0,0
2023-12-17,Study Table,Furniture,South,Store B,15,11962.17,0,179432.57,56799.58,1,0
2023-12-17,T-Shirt,Fashion,South,Store B,17,764.09,5,12340.03,1941.69,0,0
2023-12-17,Jeans,Fashion,West,Store E,29,1823.66,0,52886.08,19480.59,0,0
2023-12-17,Shoes,Fashion,South,Store C,27,2640.62,10,64166.99,15328.23,1,0
2023-12-17,Coffee Maker,Home Appliances,East,Store C,11,4705.52,0,51760.77,17288.03,0,0
2023-12-17,Mixer Grinder,Home Appliances,North,Store E,23,3349.89,20,61637.93,2288.34,1,0
2023-12-18,Laptop,Electronics,North,Store A,17,53422.12,5,862767.28,143689.02,0,0
2023-12-18,Smartphone,Electronics,West,Store B,13,24508.97,5,302685.81,85530.17,0,0
2023-12-18,Headphones,Electronics,North,Store C,12,2460.07,10,26568.8,8390.2,1,0
2023-12-18,Office Chair,Furniture,North,Store B,8,7668.55,0,61348.4,24846.56,0,0
2023-12-18,Study Table,Furniture,East,Store E,6,12887.54,0,77325.25,24527.71,0,0
2023-12-18,T-Shirt,Fashion,South,Store C,15,828.86,5,11811.26,3099.8,0,0
2023-12-18,Jeans,Fashion,North,Store B,14,1935.27,10,24384.35,5234.36,0,0
2023-12-18,Shoes,Fashion,West,Store B,10,2569.77,0,25697.71,8779.99,0,0
2023-12-18,Coffee Maker,Home Appliances,West,Store A,10,4688.25,10,42194.25,7832.49,0,0
2023-12-18,Mixer Grinder,Home Appliances,East,Store B,13,3385.3,10,39608.03,10848.96,1,0
2023-12-19,Laptop,Electronics,North,Store D,21,57417.08,15,1024894.83,158513.0,1,0
2023-12-19,Smartphone,Electronics,West,Store C,15,25538.98,10,344776.19,82016.27,0,0
2023-12-19,Headphones,Electronics,South,Store E,10,2443.47,20,19547.77,1598.55,0,0
2023-12-19,Office Chair,Furniture,East,Store D,12,7395.07,10,79866.79,20526.01,0,0
2023-12-19,Study Table,Furniture,West,Store E,11,12797.54,10,126695.61,37087.0,1,0
2023-12-19,T-Shirt,Fashion,East,Store A,17,803.33,0,13656.67,4817.97,1,0
2023-12-19,Jeans,Fashion,South,Store E,13,1858.11,10,21739.88,5250.14,0,0
2023-12-19,Shoes,Fashion,North,Store D,20,2617.35,5,49729.73,19631.68,1,0
2023-12-19,Coffee Maker,Home Appliances,North,Store D,13,4327.38,20,45004.73,3422.78,1,0
2023-12-19,Mixer Grinder,Home Appliances,East,Store D,9,3459.63,0,31136.71,8134.81,0,0
2023-12-20,Laptop,Electronics,East,Store C,15,53305.88,0,799588.16,263688.04,1,0
2023-12-20,Smartphone,Electronics,North,Store A,12,24011.46,0,288137.58,90957.59,0,0
2023-12-20,Headphones,Electronics,East,Store C,20,2466.1,0,49321.95,19204.93,0,0
2023-12-20,Office Chair,Furniture,East,Store B,8,7197.55,5,54701.36,10661.8,0,0
2023-12-20,Study Table,Furniture,West,Store B,16,12873.11,0,205969.75,59162.05,1,0
2023-12-20,T-Shirt,Fashion,East,Store E,19,763.48,10,13055.46,2910.93,1,0
2023-12-20,Jeans,Fashion,North,Store A,16,1824.3,15,24810.51,5432.85,0,0
2023-12-20,Shoes,Fashion,North,Store B,19,2593.19,10,44343.62,11748.86,0,0
2023-12-20,Coffee Maker,Home Appliances,East,Store A,17,4633.3,20,63012.81,16335.73,1,0
2023-12-20,Mixer Grinder,Home Appliances,West,Store D,11,3615.55,0,39771.05,11030.13,0,0
2023-12-21,Laptop,Electronics,East,Store E,16,56737.96,0,907807.33,299041.81,1,0
2023-12-21,Smartphone,Electronics,North,Store D,19,26079.66,20,396410.86,102999.55,0,0
2023-12-21,Headphones,Electronics,East,Store B,9,2486.71,0,22380.41,5533.42,0,0
2023-12-21,Office Chair,Furniture,North,Store D,8,7417.24,20,47470.32,8458.18,0,0
2023-12-21,Study Table,Furniture,South,Store C,10,12213.72,5,116030.3,37297.43,0,0
2023-12-21,T-Shirt,Fashion,West,Store D,13,809.08,20,8414.38,579.53,0,0
2023-12-21,Jeans,Fashion,South,Store D,15,1905.12,5,27147.89,6619.88,1,0
2023-12-21,Shoes,Fashion,North,Store D,9,2622.78,5,22424.78,5319.14,0,0
2023-12-21,Coffee Maker,Home Appliances,West,Store C,12,4547.9,15,46388.6,11429.8,1,0
2023-12-21,Mixer Grinder,Home Appliances,East,Store B,11,3569.02,5,37296.29,8314.01,0,0
2023-12-22,Laptop,Electronics,East,Store A,14,53677.71,0,751487.92,268679.07,1,0
2023-12-22,Smartphone,Electronics,West,Store B,18,24995.21,20,359931.02,22241.93,1,0
2023-12-22,Headphones,Electronics,South,Store E,10,2443.54,15,20770.07,5047.02,0,0
2023-12-22,Office Chair,Furniture,North,Store A,9,7633.89,20,54963.99,12356.42,0,0
2023-12-22,Study Table,Furniture,South,Store C,7,12652.02,20,70851.31,10916.32,0,0
2023-12-22,T-Shirt,Fashion,East,Store A,11,761.81,10,7541.89,1478.0,0,0
2023-12-22,Jeans,Fashion,North,Store D,23,1881.32,20,34616.35,9649.38,0,0
2023-12-22,Shoes,Fashion,East,Store E,17,2645.87,0,44979.77,13022.84,0,0
2023-12-22,Coffee Maker,Home Appliances,South,Store A,17,4832.62,10,73939.14,26144.29,1,0
2023-12-22,Mixer Grinder,Home Appliances,West,Store B,12,3413.9,10,36870.12,8033.75,0,0
2023-12-23,Laptop,Electronics,East,Store A,15,59308.28,5,845143.06,209397.36,0,0
2023-12-23,Smartphone,Electronics,East,Store A,20,26628.33,0,532566.55,190174.3,1,0
2023-12-23,Headphones,Electronics,West,Store D,26,2427.68,0,63119.69,20152.27,1,0
2023-12-23,Office Chair,Furniture,North,Store A,10,7892.8,0,78927.96,27247.09,0,0
2023-12-23,Study Table,Furniture,West,Store A,13,12044.29,0,156575.81,47531.2,0,0
2023-12-23,T-Shirt,Fashion,East,Store E,19,806.92,5,14564.84,5073.47,0,0
2023-12-23,Jeans,Fashion,East,Store B,32,1770.68,0,56661.81,12223.56,1,0
2023-12-23,Shoes,Fashion,West,Store D,20,2560.77,20,40972.4,2295.54,0,0
2023-12-23,Coffee Maker,Home Appliances,South,Store A,21,4504.59,0,94596.43,34170.93,1,0
2023-12-23,Mixer Grinder,Home Appliances,South,Store D,8,3715.13,0,29721.03,9111.53,0,0
2023-12-24,Laptop,Electronics,East,Store C,20,54984.22,5,1044700.24,219194.8,0,1
2023-12-24,Smartphone,Electronics,South,Store B,27,25290.24,15,580411.07,139245.87,0,1
2023-12-24,Headphones,Electronics,West,Store B,23,2601.56,0,59835.98,25190.26,0,1
2023-12-24,Office Chair,Furniture,North,Store B,16,7222.88,10,104009.43,28099.57,0,1
2023-12-24,Study Table,Furniture,West,Store E,20,11909.36,5,226277.79,42807.44,0,1
2023-12-24,T-Shirt,Fashion,West,Store E,38,762.48,5,27525.58,3925.73,0,1
2023-12-24,Jeans,Fashion,South,Store C,20,1854.7,0,37094.04,11631.9,0,1
2023-12-24,Shoes,Fashion,South,Store A,31,2643.9,5,77862.89,29550.92,0,1
2023-12-24,Coffee Maker,Home Appliances,South,Store B,17,4598.18,10,70352.21,23896.65,0,1
2023-12-24,Mixer Grinder,Home Appliances,East,Store E,22,3460.44,0,76129.78,26933.9,1,1
2023-12-25,Laptop,Electronics,North,Store D,12,55690.59,5,634872.74,141138.56,0,1
2023-12-25,Smartphone,Electronics,West,Store E,21,26882.61,5,536308.06,142259.91,0,1
2023-12-25,Headphones,Electronics,West,Store C,18,2555.15,10,41393.38,8199.68,0,1
2023-12-25,Office Chair,Furniture,East,Store B,14,7489.85,0,104857.84,32028.0,0,1
2023-12-25,Study Table,Furniture,North,Store B,13,11751.67,5,145133.14,32551.22,1,1
2023-12-25,T-Shirt,Fashion,South,Store B,20,854.98,10,15389.65,3029.22,0,1
2023-12-25,Jeans,Fashion,West,Store A,33,1739.48,15,48792.4,3048.15,1,1
2023-12-25,Shoes,Fashion,North,Store C,26,2527.16,15,55850.2,7532.53,1,1
2023-12-25,Coffee Maker,Home Appliances,North,Store A,13,4275.81,10,50027.03,8824.34,0,1
2023-12-25,Mixer Grinder,Home Appliances,East,Store C,13,3710.61,0,48237.88,17935.4,0,1
2023-12-26,Laptop,Electronics,East,Store B,8,57526.89,5,437204.35,112309.97,0,0
2023-12-26,Smartphone,Electronics,North,Store A,13,25160.15,0,327081.99,101047.34,0,0
2023-12-26,Headphones,Electronics,North,Store C,10,2559.52,15,21755.91,4460.59,0,0
2023-12-26,Office Chair,Furniture,South,Store B,7,7559.17,0,52914.21,18929.55,0,0
2023-12-26,Study Table,Furniture,North,Store B,9,12824.06,0,115416.57,34748.03,0,0
2023-12-26,T-Shirt,Fashion,West,Store D,15,814.5,10,10995.7,1969.31,1,0
2023-12-26,Jeans,Fashion,West,Store C,23,1863.59,5,40719.38,9666.33,0,0
2023-12-26,Shoes,Fashion,East,Store C,14,2523.36,5,33560.66,8638.51,0,0
2023-12-26,Coffee Maker,Home Appliances,West,Store E,12,4588.92,5,52313.65,17651.32,0,0
2023-12-26,Mixer Grinder,Home Appliances,North,Store E,13,3593.11,0,46710.42,16129.52,1,0
2023-12-27,Laptop,Electronics,West,Store C,14,52538.54,0,735539.56,215931.1,0,0
2023-12-27,Smartphone,Electronics,East,Store C,17,24036.65,5,388191.83,125917.6,1,0
2023-12-27,Headphones,Electronics,North,Store C,15,2699.19,5,38463.49,11676.22,1,0
2023-12-27,Office Chair,Furniture,South,Store A,4,7713.68,0,30854.71,8771.65,0,0
2023-12-27,Study Table,Furniture,West,Store C,5,12468.32,5,59224.53,21168.97,0,0
2023-12-27,T-Shirt,Fashion,East,Store E,18,810.43,10,13128.92,2052.14,0,0
2023-12-27,Jeans,Fashion,North,Store C,14,1770.82,5,23551.85,6900.08,0,0
2023-12-27,Shoes,Fashion,East,Store A,19,2639.72,0,50154.77,16580.31,0,0
2023-12-27,Coffee Maker,Home Appliances,West,Store D,12,4784.51,5,54543.36,18855.73,0,0
2023-12-27,Mixer Grinder,Home Appliances,North,Store D,10,3327.97,5,31615.75,4889.64,0,0
2023-12-28,Laptop,Electronics,West,Store D,16,58582.3,15,796719.33,180445.73,0,0
2023-12-28,Smartphone,Electronics,West,Store B,7,24093.95,10,151791.87,28833.6,0,0
2023-12-28,Headphones,Electronics,South,Store C,16,2426.71,0,38827.35,9618.06,1,0
2023-12-28,Office Chair,Furniture,South,Store B,7,7423.69,10,46769.27,10417.49,0,0
2023-12-28,Study Table,Furniture,South,Store B,6,11645.2,10,62884.07,7281.4,0,0
2023-12-28,T-Shirt,Fashion,South,Store B,20,822.27,15,13978.59,3373.19,0,0
2023-12-28,Jeans,Fashion,South,Store A,18,1929.86,0,34737.43,12913.54,0,0
2023-12-28,Shoes,Fashion,East,Store C,16,2407.98,20,30822.19,6491.35,0,0
2023-12-28,Coffee Maker,Home Appliances,North,Store E,12,4632.57,15,47252.18,11990.63,0,0
2023-12-28,Mixer Grinder,Home Appliances,South,Store E,18,3771.57,20,54310.54,13889.11,1,0
2023-12-29,Laptop,Electronics,West,Store A,15,55386.72,0,830800.76,246329.3,0,0
2023-12-29,Smartphone,Electronics,North,Store D,13,24549.72,5,303189.08,99753.83,0,0
2023-12-29,Headphones,Electronics,South,Store C,11,2432.94,5,25424.27,6737.44,0,0
2023-12-29,Office Chair,Furniture,South,Store A,11,7274.61,0,80020.75,24124.65,0,0
2023-12-29,Study Table,Furniture,North,Store E,8,12061.03,0,96488.2,29684.6,0,0
2023-12-29,T-Shirt,Fashion,North,Store D,23,765.88,0,17615.21,3385.87,1,0
2023-12-29,Jeans,Fashion,South,Store E,24,1729.95,10,37367.03,8256.42,1,0
2023-12-29,Shoes,Fashion,South,Store E,12,2683.75,0,32205.02,11120.51,0,0
2023-12-29,Coffee Maker,Home Appliances,South,Store C,15,4332.65,5,61740.29,20328.76,1,0
2023-12-29,Mixer Grinder,Home Appliances,West,Store B,6,3406.27,0,20437.59,6262.26,0,0
2023-12-30,Laptop,Electronics,West,Store E,19,57111.36,10,976604.19,337443.72,0,0
2023-12-30,Smartphone,Electronics,East,Store B,12,26429.81,0,317157.68,97089.65,0,0
2023-12-30,Headphones,Electronics,East,Store D,9,2503.98,15,19155.45,3809.97,0,0
2023-12-30,Office Chair,Furniture,North,Store A,5,7364.3,5,34980.43,8614.47,0,0
2023-12-30,Study Table,Furniture,South,Store D,10,11531.84,5,109552.51,37353.4,0,0
2023-12-30,T-Shirt,Fashion,East,Store E,17,799.77,0,13596.01,4676.79,0,0
2023-12-30,Jeans,Fashion,West,Store C,23,1935.83,0,44524.06,14229.57,0,0
2023-12-30,Shoes,Fashion,North,Store E,23,2695.59,0,61998.66,24993.44,0,0
2023-12-30,Coffee Maker,Home Appliances,South,Store D,12,4771.2,5,54391.69,18136.16,1,0
2023-12-30,Mixer Grinder,Home Appliances,North,Store D,9,3430.07,5,29327.13,8335.43,0,0
2023-12-31,Laptop,Electronics,East,Store B,27,52902.81,0,1428375.79,485949.34,0,1
2023-12-31,Smartphone,Electronics,East,Store B,33,25562.89,0,843575.48,296669.9,0,1
2023-12-31,Headphones,Electronics,North,Store D,29,2479.35,5,68306.06,15618.32,0,1
2023-12-31,Office Chair,Furniture,West,Store E,13,7254.33,20,75445.0,2920.5,0,1
2023-12-31,Study Table,Furniture,West,Store C,14,12104.79,15,144046.97,34594.46,0,1
2023-12-31,T-Shirt,Fashion,West,Store A,33,818.42,5,25657.54,8917.49,1,1
2023-12-31,Jeans,Fashion,East,Store B,44,1781.14,20,62696.23,2955.06,1,1
2023-12-31,Shoes,Fashion,East,Store E,35,2675.66,10,84283.38,18822.82,1,1
2023-12-31,Coffee Maker,Home Appliances,East,Store C,21,4670.93,10,88280.66,30778.96,0,1
2023-12-31,Mixer Grinder,Home Appliances,North,Store E,29,3777.3,10,98587.4,35977.55,0,1
2024-01-01,Laptop,Electronics,North,Store B,11,56392.38,15,527268.76,153066.69,0,1
2024-01-01,Smartphone,Electronics,West,Store C,19,25753.1,0,489308.85,175623.74,1,1
2024-01-01,Headphones,Electronics,West,Store B,16,2478.6,15,33708.9,9147.6,1,1
2024-01-01,Office Chair,Furniture,West,Store A,19,7258.93,5,131023.76,28218.28,1,1
2024-01-01,Study Table,Furniture,West,Store D,8,12854.78,10,92554.43,22143.07,0,1
2024-01-01,T-Shirt,Fashion,West,Store D,18,858.84,15,13140.28,4159.55,0,1
2024-01-01,Jeans,Fashion,North,Store D,21,1758.29,10,33231.63,3905.8,1,1
2024-01-01,Shoes,Fashion,East,Store A,18,2389.59,0,43012.59,8136.48,0,1
2024-01-01,Coffee Maker,Home Appliances,North,Store C,10,4506.97,0,45069.7,10311.31,0,1
2024-01-01,Mixer Grinder,Home Appliances,South,Store A,7,3346.14,0,23423.0,8040.84,0,1
2024-01-02,Laptop,Electronics,North,Store E,13,54509.76,5,673195.55,141789.38,0,0
2024-01-02,Smartphone,Electronics,South,Store A,4,24489.01,0,97956.05,32822.81,0,0
2024-01-02,Headphones,Electronics,East,Store A,11,2557.65,20,22507.29,1088.53,0,0
2024-01-02,Office Chair,Furniture,West,Store A,8,7746.55,10,55775.15,16344.41,0,0
2024-01-02,Study Table,Furniture,West,Store E,9,12293.85,10,99580.18,16905.49,1,0
2024-01-02,T-Shirt,Fashion,East,Store C,13,782.72,5,9666.57,2993.3,0,0
2024-01-02,Jeans,Fashion,South,Store B,14,1942.29,20,21753.69,3634.19,0,0
2024-01-02,Shoes,Fashion,South,Store D,6,2459.09,15,12541.36,2412.35,0,0
2024-01-02,Coffee Maker,Home Appliances,South,Store C,6,4318.37,5,24614.7,4997.36,0,0
2024-01-02,Mixer Grinder,Home Appliances,South,Store D,10,3775.05,10,33975.49,9584.63,1,0
2024-01-03,Laptop,Electronics,South,Store D,6,56170.28,0,337021.71,81137.16,0,0
2024-01-03,Smartphone,Electronics,East,Store B,9,25475.4,5,217814.65,43291.49,0,0
2024-01-03,Headphones,Electronics,North,Store E,16,2676.14,0,42818.27,13623.26,0,0
2024-01-03,Office Chair,Furniture,West,Store C,6,7330.67,0,43984.0,14623.53,1,0
2024-01-03,Study Table,Furniture,East,Store C,5,12428.99,5,59037.7,22556.1,0,0
2024-01-03,T-Shirt,Fashion,South,Store B,20,787.54,10,14175.76,4083.54,1,0
2024-01-03,Jeans,Fashion,West,Store E,20,1718.03,5,32642.66,7789.91,0,0
2024-01-03,Shoes,Fashion,South,Store C,23,2657.39,0,61120.06,20379.37,1,0
2024-01-03,Coffee Maker,Home Appliances,South,Store A,4,4311.91,0,17247.65,6265.76,0,0
2024-01-03,Mixer Grinder,Home Appliances,East,Store B,3,3357.77,20,8058.65,291.21,0,0
2024-01-04,Laptop,Electronics,East,Store A,12,55123.3,5,628405.57,117917.0,1,0
2024-01-04,Smartphone,Electronics,West,Store C,9,24058.51,0,216526.62,77549.64,0,0
2024-01-04,Headphones,Electronics,South,Store B,10,2413.52,0,24135.23,5018.68,0,0
2024-01-04,Office Chair,Furniture,West,Store C,5,8097.25,5,38461.92,10029.82,0,0
2024-01-04,Study Table,Furniture,South,Store B,6,12313.09,10,66490.66,16948.44,0,0
2024-01-04,T-Shirt,Fashion,West,Store E,12,814.22,10,8793.62,2744.02,0,0
2024-01-04,Jeans,Fashion,South,Store A,10,1710.35,10,15393.17,2400.45,0,0
2024-01-04,Shoes,Fashion,South,Store B,9,2501.21,0,22510.89,7245.33,0,0
2024-01-04,Coffee Maker,Home Appliances,West,Store D,7,4836.84,5,32164.95,9028.65,0,0
2024-01-04,Mixer Grinder,Home Appliances,South,Store E,11,3360.19,10,33265.91,8160.42,0,0
2024-01-05,Laptop,Electronics,West,Store A,10,53103.14,0,531031.43,149356.66,0,0
2024-01-05,Smartphone,Electronics,North,Store D,5,24913.1,0,124565.51,41593.61,1,0
2024-01-05,Headphones,Electronics,West,Store E,14,2543.44,0,35608.18,8819.44,1,0
2024-01-05,Office Chair,Furniture,South,Store C,16,7810.67,5,118722.15,28602.63,1,0
2024-01-05,Study Table,Furniture,South,Store B,8,12206.06,10,87883.64,14409.74,0,0
2024-01-05,T-Shirt,Fashion,South,Store E,8,788.45,0,6307.57,1993.49,0,0
2024-01-05,Jeans,Fashion,East,Store E,12,1874.82,0,22497.84,9456.69,0,0
2024-01-05,Shoes,Fashion,East,Store C,9,2639.11,0,23751.97,10023.15,0,0
2024-01-05,Coffee Maker,Home Appliances,East,Store B,15,4669.04,0,70035.61,22463.16,1,0
2024-01-05,Mixer Grinder,Home Appliances,West,Store D,7,3438.35,0,24068.48,6770.02,0,0
2024-01-06,Laptop,Electronics,South,Store D,13,58253.64,0,757297.32,287318.8,0,0
2024-01-06,Smartphone,Electronics,South,Store B,19,25218.43,15,407277.59,92340.13,1,0
2024-01-06,Headphones,Electronics,West,Store D,9,2498.54,0,22486.9,5447.91,1,0
2024-01-06,Office Chair,Furniture,North,Store E,9,7491.52,5,64052.47,21861.69,0,0
2024-01-06,Study Table,Furniture,South,Store A,6,11475.86,0,68855.18,19665.61,1,0
2024-01-06,T-Shirt,Fashion,South,Store C,8,833.34,5,6333.41,2233.46,0,0
2024-01-06,Jeans,Fashion,North,Store C,15,1889.92,0,28348.73,11070.14,0,0
2024-01-06,Shoes,Fashion,North,Store B,11,2475.92,20,21788.07,1512.52,0,0
2024-01-06,Coffee Maker,Home Appliances,North,Store E,4,4308.81,5,16373.48,4894.97,0,0
2024-01-06,Mixer Grinder,Home Appliances,West,Store B,7,3447.24,0,24130.68,8842.27,0,0
2024-01-07,Laptop,Electronics,North,Store A,9,53034.62,5,453446.03,83429.13,0,0
2024-01-07,Smartphone,Electronics,North,Store E,20,26472.58,0,529451.69,175481.91,0,0
2024-01-07,Headphones,Electronics,West,Store E,9,2476.08,20,17827.75,942.23,0,0
2024-01-07,Office Chair,Furniture,North,Store E,4,8076.85,0,32307.39,9092.76,0,0
2024-01-07,Study Table,Furniture,North,Store C,12,11640.48,10,125717.17,29811.79,1,0
2024-01-07,T-Shirt,Fashion,East,Store A,20,855.69,0,17113.77,7143.31,0,0
2024-01-07,Jeans,Fashion,South,Store E,15,1826.18,0,27392.73,10246.34,0,0
2024-01-07,Shoes,Fashion,South,Store C,12,2404.24,15,24523.24,2210.84,0,0
2024-01-07,Coffee Maker,Home Appliances,West,Store E,9,4529.55,20,32612.75,3828.56,0,0
2024-01-07,Mixer Grinder,Home Appliances,South,Store A,9,3478.15,5,29738.19,5445.67,0,0
2024-01-08,Laptop,Electronics,West,Store C,10,56569.62,5,537411.41,123445.13,0,0
2024-01-08,Smartphone,Electronics,South,Store E,6,25045.22,10,135244.17,32240.13,1,0
2024-01-08,Headphones,Electronics,West,Store B,5,2381.67,15,10122.1,1608.58,1,0
2024-01-08,Office Chair,Furniture,West,Store C,4,7685.56,0,30742.25,7518.61,0,0
2024-01-08,Study Table,Furniture,East,Store A,6,11788.52,0,70731.1,18953.69,1,0
2024-01-08,T-Shirt,Fashion,West,Store A,18,819.68,15,12541.12,2222.52,0,0
2024-01-08,Jeans,Fashion,North,Store E,20,1933.87,0,38677.35,10953.62,1,0
2024-01-08,Shoes,Fashion,East,Store E,11,2546.13,5,26607.05,5458.67,0,0
2024-01-08,Coffee Maker,Home Appliances,South,Store C,6,4334.01,20,20803.24,4261.05,1,0
2024-01-08,Mixer Grinder,Home Appliances,East,Store A,6,3769.69,10,20356.32,6324.02,0,0
2024-01-09,Laptop,Electronics,North,Store A,14,57996.86,5,771358.28,226052.6,0,0
2024-01-09,Smartphone,Electronics,South,Store A,12,26499.61,15,270296.03,68704.09,1,0
2024-01-09,Headphones,Electronics,North,Store E,17,2422.64,0,41184.85,12732.24,0,0
2024-01-09,Office Chair,Furniture,South,Store D,5,7332.51,5,34829.43,7855.8,0,0
2024-01-09,Study Table,Furniture,West,Store C,5,12504.7,0,62523.49,16644.9,0,0
2024-01-09,T-Shirt,Fashion,North,Store D,14,805.66,10,10151.32,2692.16,0,0
2024-01-09,Jeans,Fashion,North,Store B,10,1728.6,10,15557.41,1753.19,1,0
2024-01-09,Shoes,Fashion,East,Store B,8,2534.01,0,20272.12,5277.05,0,0
2024-01-09,Coffee Maker,Home Appliances,South,Store C,6,4388.85,10,23699.78,4652.82,0,0
2024-01-09,Mixer Grinder,Home Appliances,East,Store A,9,3687.43,5,31527.57,9340.16,0,0
2024-01-10,Laptop,Electronics,North,Store A,11,56142.73,5,586691.51,160537.75,0,0
2024-01-10,Smartphone,Electronics,West,Store B,15,25661.07,15,327178.62,59103.44,1,0
2024-01-10,Headphones,Electronics,West,Store B,10,2649.16,0,26491.59,7200.87,1,0
2024-01-10,Office Chair,Furniture,North,Store D,5,8083.25,5,38395.42,15102.09,1,0
2024-01-10,Study Table,Furniture,East,Store B,3,11454.7,0,34364.1,7161.5,0,0
2024-01-10,T-Shirt,Fashion,North,Store E,10,771.37,0,7713.71,1934.31,0,0
2024-01-10,Jeans,Fashion,North,Store E,8,1832.55,20,11728.33,2125.53,0,0
2024-01-10,Shoes,Fashion,East,Store C,17,2555.81,0,43448.77,15230.96,1,0
2024-01-10,Coffee Maker,Home Appliances,East,Store A,12,4422.31,10,47760.94,13562.57,1,0
2024-01-10,Mixer Grinder,Home Appliances,North,Store A,16,3680.34,5,55941.16,20984.96,0,0
2024-01-11,Laptop,Electronics,North,Store E,6,57245.12,5,326297.2,79623.73,0,0
2024-01-11,Smartphone,Electronics,South,Store D,9,25002.05,0,225018.46,52452.75,0,0
2024-01-11,Headphones,Electronics,South,Store B,10,2438.84,5,23169.02,4865.76,1,0
2024-01-11,Office Chair,Furniture,South,Store A,4,7881.46,0,31525.83,11868.68,0,0
2024-01-11,Study Table,Furniture,East,Store E,2,12590.38,0,25180.77,6841.47,0,0
2024-01-11,T-Shirt,Fashion,West,Store E,9,816.81,0,7351.29,1786.8,0,0
2024-01-11,Jeans,Fashion,South,Store E,12,1829.87,0,21958.49,6187.11,0,0
2024-01-11,Shoes,Fashion,North,Store B,13,2502.57,15,27653.38,4344.35,0,0
2024-01-11,Coffee Maker,Home Appliances,East,Store E,10,4788.77,0,47887.7,14500.25,0,0
2024-01-11,Mixer Grinder,Home Appliances,North,Store D,8,3730.73,10,26861.28,6885.7,1,0
2024-01-12,Laptop,Electronics,East,Store D,8,52254.64,10,376233.4,56631.58,1,0
2024-01-12,Smartphone,Electronics,North,Store B,11,25687.09,0,282557.96,90874.29,0,0
2024-01-12,Headphones,Electronics,South,Store B,7,2568.42,0,17978.95,5807.57,0,0
2024-01-12,Office Chair,Furniture,North,Store B,7,7703.61,20,43140.23,3548.13,0,0
2024-01-12,Study Table,Furniture,North,Store A,4,12283.89,5,46678.77,17443.54,0,0
2024-01-12,T-Shirt,Fashion,South,Store A,11,813.32,5,8499.16,2482.34,0,0
2024-01-12,Jeans,Fashion,North,Store A,16,1886.47,0,30183.53,9864.4,0,0
2024-01-12,Shoes,Fashion,East,Store D,11,2653.64,0,29190.05,12612.62,1,0
2024-01-12,Coffee Maker,Home Appliances,East,Store E,5,4557.37,0,22786.84,5408.58,0,0
2024-01-12,Mixer Grinder,Home Appliances,South,Store B,9,3335.0,5,28514.24,4472.05,1,0
2024-01-13,Laptop,Electronics,East,Store E,15,53973.79,10,728646.23,158969.24,0,0
2024-01-13,Smartphone,Electronics,North,Store C,7,25310.12,15,150595.2,26692.55,1,0
2024-01-13,Headphones,Electronics,East,Store C,17,2596.68,5,41936.39,14628.66,0,0
2024-01-13,Office Chair,Furniture,East,Store C,4,8099.21,15,27537.3,5128.08,0,0
2024-01-13,Study Table,Furniture,South,Store E,9,11745.62,5,100425.06,32981.34,1,0
2024-01-13,T-Shirt,Fashion,North,Store C,13,795.68,0,10343.78,2743.13,1,0
2024-01-13,Jeans,Fashion,West,Store B,8,1913.8,0,15310.38,6646.17,0,0
2024-01-13,Shoes,Fashion,East,Store A,27,2496.66,0,67409.73,25572.23,1,0
2024-01-13,Coffee Maker,Home Appliances,West,Store B,6,4457.2,0,26743.19,8658.16,0,0
2024-01-13,Mixer Grinder,Home Appliances,West,Store A,12,3704.35,5,42229.63,10450.22,0,0
2024-01-14,Laptop,Electronics,North,Store A,8,59231.58,5,450159.99,177512.58,0,0
2024-01-14,Smartphone,Electronics,South,Store A,11,24351.28,10,241077.69,59794.45,0,0
2024-01-14,Headphones,Electronics,West,Store E,17,2484.2,0,42231.41,13577.15,1,0
2024-01-14,Office Chair,Furniture,South,Store B,7,7451.43,15,44336.03,11033.12,0,0
2024-01-14,Study Table,Furniture,East,Store D,4,11957.83,10,43048.17,13636.25,1,0
2024-01-14,T-Shirt,Fashion,West,Store A,19,814.25,5,14697.27,4816.98,0,0
2024-01-14,Jeans,Fashion,East,Store A,22,1806.12,10,35761.11,8267.39,0,0
2024-01-14,Shoes,Fashion,South,Store D,8,2390.42,10,17211.01,3838.52,0,0
2024-01-14,Coffee Maker,Home Appliances,South,Store A,10,4529.7,20,36237.6,8642.37,0,0
2024-01-14,Mixer Grinder,Home Appliances,North,Store E,10,3710.22,10,33391.96,6791.49,0,0
2024-01-15,Laptop,Electronics,North,Store D,11,58173.33,10,575915.98,180215.85,0,0
2024-01-15,Smartphone,Electronics,East,Store D,8,23767.75,10,171127.79,24160.78,0,0
2024-01-15,Headphones,Electronics,South,Store A,13,2690.16,5,33223.53,8568.59,1,0
2024-01-15,Office Chair,Furniture,West,Store D,14,7830.97,5,104151.89,35459.61,1,0
2024-01-15,Study Table,Furniture,East,Store B,4,12160.85,15,41346.88,7368.76,0,0
2024-01-15,T-Shirt,Fashion,West,Store A,13,797.03,5,9843.31,3156.51,0,0
2024-01-15,Jeans,Fashion,North,Store E,13,1865.9,0,24256.69,9496.5,1,0
2024-01-15,Shoes,Fashion,West,Store B,25,2614.52,20,52290.34,13860.15,1,0
2024-01-15,Coffee Maker,Home Appliances,West,Store C,7,4704.88,15,27994.05,3581.02,0,0
2024-01-15,Mixer Grinder,Home Appliances,West,Store A,7,3647.59,10,22979.8,5723.71,0,0
2024-01-16,Laptop,Electronics,West,Store E,14,55171.7,0,772403.84,269835.54,1,0
2024-01-16,Smartphone,Electronics,West,Store D,8,23908.78,15,162579.67,18949.33,0,0
2024-01-16,Headphones,Electronics,East,Store D,12,2633.03,15,26856.87,6083.96,0,0
2024-01-16,Office Chair,Furniture,North,Store C,11,7368.9,5,77004.98,12764.42,1,0
2024-01-16,Study Table,Furniture,North,Store E,10,12067.56,0,120675.6,42773.7,1,0
2024-01-16,T-Shirt,Fashion,West,Store B,4,826.3,0,3305.2,1360.49,0,0
2024-01-16,Jeans,Fashion,West,Store E,11,1918.74,0,21106.17,6113.05,0,0
2024-01-16,Shoes,Fashion,South,Store D,11,2418.15,5,25269.65,7430.97,0,0
2024-01-16,Coffee Maker,Home Appliances,North,Store A,8,4792.21,5,36420.81,12064.44,0,0
2024-01-16,Mixer Grinder,Home Appliances,South,Store B,6,3517.64,0,21105.82,8082.13,0,0
2024-01-17,Laptop,Electronics,North,Store A,8,55459.72,0,443677.75,135720.71,0,0
2024-01-17,Smartphone,Electronics,South,Store D,7,25738.56,10,162152.9,27595.45,0,0
2024-01-17,Headphones,Electronics,East,Store D,6,2451.98,15,12505.1,3340.43,1,0
2024-01-17,Office Chair,Furniture,West,Store E,5,7443.75,15,31635.93,5712.67,0,0
2024-01-17,Study Table,Furniture,East,Store E,3,12328.66,20,29588.79,7288.51,0,0
2024-01-17,T-Shirt,Fashion,West,Store A,9,831.74,15,6362.82,841.1,0,0
2024-01-17,Jeans,Fashion,North,Store B,8,1779.92,10,12815.4,3606.83,0,0
2024-01-17,Shoes,Fashion,North,Store D,7,2473.0,0,17310.99,3755.32,0,0
2024-01-17,Coffee Maker,Home Appliances,East,Store D,6,4435.18,0,26611.07,7380.24,1,0
2024-01-17,Mixer Grinder,Home Appliances,East,Store B,12,3434.97,0,41219.67,10451.31,1,0
2024-01-18,Laptop,Electronics,North,Store E,7,58095.14,10,365999.38,113672.64,0,0
2024-01-18,Smartphone,Electronics,East,Store B,13,26904.1,15,297290.33,92311.65,0,0
2024-01-18,Headphones,Electronics,East,Store B,7,2698.64,0,18890.51,6079.84,0,0
2024-01-18,Office Chair,Furniture,South,Store B,7,8009.42,5,53262.66,20644.85,0,0
2024-01-18,Study Table,Furniture,West,Store E,4,11754.39,10,42315.79,9559.14,0,0
2024-01-18,T-Shirt,Fashion,East,Store C,14,849.93,10,10709.11,2208.38,1,0
2024-01-18,Jeans,Fashion,South,Store D,11,1843.01,0,20273.08,6714.13,0,0
2024-01-18,Shoes,Fashion,North,Store A,18,2600.17,5,44462.96,17233.61,1,0
2024-01-18,Coffee Maker,Home Appliances,East,Store A,11,4811.85,15,44990.8,12103.86,1,0
2024-01-18,Mixer Grinder,Home Appliances,South,Store A,11,3335.69,10,33023.35,7179.38,0,0
2024-01-19,Laptop,Electronics,East,Store E,6,53296.75,10,287802.47,87168.48,0,0
2024-01-19,Smartphone,Electronics,North,Store A,4,24097.21,0,96388.86,29361.25,1,0
2024-01-19,Headphones,Electronics,South,Store B,9,2657.19,0,23914.7,9339.5,0,0
2024-01-19,Office Chair,Furniture,West,Store C,4,7371.32,0,29485.29,9042.9,1,0
2024-01-19,Study Table,Furniture,West,Store C,8,12226.91,5,92924.52,25972.35,0,0
2024-01-19,T-Shirt,Fashion,North,Store D,13,836.23,15,9240.32,2915.66,0,0
2024-01-19,Jeans,Fashion,West,Store D,12,1767.43,0,21209.11,6794.42,0,0
2024-01-19,Shoes,Fashion,West,Store B,11,2489.65,5,26016.8,7825.27,0,0
2024-01-19,Coffee Maker,Home Appliances,South,Store E,3,4777.16,15,12181.77,3323.45,0,0
2024-01-19,Mixer Grinder,Home Appliances,North,Store A,4,3702.59,10,13329.34,2615.66,0,0
2024-01-20,Laptop,Electronics,West,Store C,6,57961.96,0,347771.75,143971.0,0,0
2024-01-20,Smartphone,Electronics,North,Store A,14,26983.61,5,358882.06,147705.55,1,0
2024-01-20,Headphones,Electronics,South,Store C,9,2540.31,20,18290.24,2734.72,0,0
2024-01-20,Office Chair,Furniture,North,Store B,7,7500.22,0,52501.57,12349.89,0,0
2024-01-20,Study Table,Furniture,North,Store C,11,11658.39,20,102593.79,17417.91,0,0
2024-01-20,T-Shirt,Fashion,North,Store A,11,772.21,0,8494.31,3152.13,0,0
2024-01-20,Jeans,Fashion,South,Store C,18,1748.52,0,31473.28,6760.27,0,0
2024-01-20,Shoes,Fashion,North,Store B,19,2675.03,20,40660.39,8226.68,0,0
2024-01-20,Coffee Maker,Home Appliances,East,Store B,8,4421.89,0,35375.12,10508.66,0,0
2024-01-20,Mixer Grinder,Home Appliances,West,Store C,11,3451.72,0,37968.96,8436.83,0,0
2024-01-21,Laptop,Electronics,South,Store A,12,59072.83,0,708873.94,223134.19,0,0
2024-01-21,Smartphone,Electronics,North,Store A,11,24564.79,0,270212.74,83168.05,0,0
2024-01-21,Headphones,Electronics,North,Store D,5,2640.15,10,11880.66,3255.3,0,0
2024-01-21,Office Chair,Furniture,North,Store E,7,7863.26,15,46786.42,7979.18,0,0
2024-01-21,Study Table,Furniture,South,Store B,6,11475.92,5,65412.76,10047.85,1,0
2024-01-21,T-Shirt,Fashion,South,Store B,17,795.19,5,12842.33,3832.59,0,0
2024-01-21,Jeans,Fashion,South,Store C,26,1898.05,5,46881.95,13084.59,1,0
2024-01-21,Shoes,Fashion,East,Store B,9,2499.67,5,21372.21,6436.56,0,0
2024-01-21,Coffee Maker,Home Appliances,South,Store C,6,4715.16,0,28290.97,10521.8,0,0
2024-01-21,Mixer Grinder,Home Appliances,East,Store D,7,3523.57,0,24664.97,8400.3,0,0
2024-01-22,Laptop,Electronics,North,Store C,6,59010.27,10,318655.48,84080.64,0,0
2024-01-22,Smartphone,Electronics,South,Store B,9,24741.07,5,211536.16,68140.35,0,0
2024-01-22,Headphones,Electronics,South,Store E,8,2559.26,5,19450.38,6816.92,1,0
2024-01-22,Office Chair,Furniture,South,Store E,8,7530.06,15,51204.4,13526.4,0,0
2024-01-22,Study Table,Furniture,South,Store D,6,12429.8,10,67120.94,18271.22,0,0
2024-01-22,T-Shirt,Fashion,East,Store D,12,839.08,10,9062.09,1610.8,1,0
2024-01-22,Jeans,Fashion,South,Store E,14,1713.09,5,22784.04,6782.75,1,0
2024-01-22,Shoes,Fashion,East,Store B,10,2527.48,15,21483.62,4609.65,0,0
2024-01-22,Coffee Maker,Home Appliances,North,Store B,4,4328.83,15,14718.02,3610.99,0,0
2024-01-22,Mixer Grinder,Home Appliances,West,Store A,7,3555.97,15,21158.02,3449.61,0,0
2024-01-23,Laptop,Electronics,North,Store D,9,53136.38,10,430404.69,82576.8,0,0
2024-01-23,Smartphone,Electronics,South,Store C,9,26842.8,10,217426.71,79306.81,0,0
2024-01-23,Headphones,Electronics,North,Store E,8,2529.48,5,19224.02,5171.58,0,0
2024-01-23,Office Chair,Furniture,South,Store E,5,7623.72,0,38118.6,10443.16,0,0
2024-01-23,Study Table,Furniture,South,Store D,5,12841.45,0,64207.27,19655.71,1,0
2024-01-23,T-Shirt,Fashion,West,Store A,14,858.15,5,11413.37,4269.87,0,0
2024-01-23,Jeans,Fashion,West,Store A,19,1711.43,20,26013.71,445.1,1,0
2024-01-23,Shoes,Fashion,North,Store C,6,2608.84,20,12522.41,2947.0,0,0
2024-01-23,Coffee Maker,Home Appliances,North,Store B,5,4620.07,20,18480.27,1928.52,0,0
2024-01-23,Mixer Grinder,Home Appliances,East,Store E,12,3602.34,20,34582.46,7697.28,1,0
2024-01-24,Laptop,Electronics,West,Store A,18,59019.75,15,903002.15,302285.47,1,0
2024-01-24,Smartphone,Electronics,North,Store E,11,26679.2,0,293471.16,114592.6,0,0
2024-01-24,Headphones,Electronics,North,Store D,5,2671.07,0,13355.33,4389.14,0,0
2024-01-24,Office Chair,Furniture,West,Store B,6,7299.97,0,43799.79,14209.97,0,0
2024-01-24,Study Table,Furniture,East,Store D,6,12174.13,0,73044.75,27267.9,1,0
2024-01-24,T-Shirt,Fashion,West,Store E,15,820.56,5,11692.97,4236.25,0,0
2024-01-24,Jeans,Fashion,North,Store D,12,1901.26,0,22815.06,6022.17,1,0
2024-01-24,Shoes,Fashion,West,Store E,16,2585.98,10,37238.18,10495.71,0,0
2024-01-24,Coffee Maker,Home Appliances,North,Store C,6,4736.34,10,25576.22,6456.9,0,0
2024-01-24,Mixer Grinder,Home Appliances,West,Store D,6,3456.62,10,18665.75,4594.58,0,0
2024-01-25,Laptop,Electronics,West,Store E,6,54437.86,15,277633.1,51305.72,0,0
2024-01-25,Smartphone,Electronics,West,Store D,8,25560.8,10,184037.74,37310.75,0,0
2024-01-25,Headphones,Electronics,South,Store D,10,2427.12,5,23057.6,5587.4,0,0
2024-01-25,Office Chair,Furniture,South,Store B,2,7399.88,5,14059.78,4573.12,0,0
2024-01-25,Study Table,Furniture,North,Store B,6,12750.17,0,76501.01,25137.48,0,0
2024-01-25,T-Shirt,Fashion,South,Store D,16,789.15,5,11995.12,2273.75,0,0
2024-01-25,Jeans,Fashion,West,Store E,11,1861.54,5,19453.14,6496.08,0,0
2024-01-25,Shoes,Fashion,North,Store B,12,2564.34,15,26156.3,6099.44,0,0
2024-01-25,Coffee Maker,Home Appliances,West,Store D,14,4356.23,10,54888.48,15582.09,1,0
2024-01-25,Mixer Grinder,Home Appliances,South,Store C,9,3769.05,10,30529.31,7502.3,0,0
2024-01-26,Laptop,Electronics,West,Store B,14,53599.59,10,675354.85,101673.05,1,0
2024-01-26,Smartphone,Electronics,South,Store B,3,26932.44,5,76757.45,18992.02,0,0
2024-01-26,Headphones,Electronics,South,Store E,13,2459.34,20,25577.17,985.66,1,0
2024-01-26,Office Chair,Furniture,South,Store A,13,7870.34,10,92082.98,32305.32,1,0
2024-01-26,Study Table,Furniture,South,Store A,3,11557.23,15,29470.94,4894.11,0,0
2024-01-26,T-Shirt,Fashion,South,Store E,17,808.7,20,10998.26,1944.52,1,0
2024-01-26,Jeans,Fashion,South,Store A,10,1831.66,0,18316.62,4641.3,1,0
2024-01-26,Shoes,Fashion,North,Store A,13,2482.25,5,30655.81,6262.4,0,0
2024-01-26,Coffee Maker,Home Appliances,West,Store C,7,4575.17,5,30424.87,7229.23,1,0
2024-01-26,Mixer Grinder,Home Appliances,West,Store A,4,3542.27,0,14169.09,3428.2,0,0
2024-01-27,Laptop,Electronics,South,Store A,9,53269.27,0,479423.39,146412.78,0,0
2024-01-27,Smartphone,Electronics,North,Store A,13,24320.77,0,316170.06,71171.07,0,0
2024-01-27,Headphones,Electronics,North,Store D,13,2502.26,20,26023.46,1464.07,0,0
2024-01-27,Office Chair,Furniture,North,Store C,5,7923.82,15,33676.23,9114.55,1,0
2024-01-27,Study Table,Furniture,South,Store E,1,12326.75,0,12326.75,4523.62,0,0
2024-01-27,T-Shirt,Fashion,North,Store E,18,833.39,0,15001.09,6157.28,0,0
2024-01-27,Jeans,Fashion,East,Store A,10,1813.27,0,18132.69,4734.46,0,0
2024-01-27,Shoes,Fashion,East,Store A,15,2697.92,5,38445.38,15357.43,1,0
2024-01-27,Coffee Maker,Home Appliances,West,Store C,10,4815.66,20,38525.27,5008.67,1,0
2024-01-27,Mixer Grinder,Home Appliances,West,Store E,12,3493.15,0,41917.75,9646.83,0,0
2024-01-28,Laptop,Electronics,North,Store E,9,56921.1,0,512289.88,126916.8,0,0
2024-01-28,Smartphone,Electronics,South,Store A,10,24818.13,0,248181.26,70735.91,0,0
2024-01-28,Headphones,Electronics,North,Store C,13,2558.77,0,33263.96,9617.43,0,0
2024-01-28,Office Chair,Furniture,East,Store D,5,7829.4,5,37189.64,11917.05,0,0
2024-01-28,Study Table,Furniture,East,Store B,18,11816.32,10,191424.44,27963.13,1,0
2024-01-28,T-Shirt,Fashion,North,Store A,16,846.93,15,11518.26,3444.45,1,0
2024-01-28,Jeans,Fashion,West,Store E,14,1770.0,0,24780.01,8197.21,1,0
2024-01-28,Shoes,Fashion,North,Store D,18,2391.95,15,36596.79,3153.73,1,0
2024-01-28,Coffee Maker,Home Appliances,North,Store E,8,4358.82,5,33127.02,7948.31,0,0
2024-01-28,Mixer Grinder,Home Appliances,West,Store E,7,3364.39,15,20018.15,3693.52,0,0
2024-01-29,Laptop,Electronics,East,Store E,6,54553.62,5,310955.62,87981.96,0,0
2024-01-29,Smartphone,Electronics,West,Store B,10,26433.76,5,251120.68,97546.75,0,0
2024-01-29,Headphones,Electronics,South,Store D,9,2515.28,5,21505.65,4874.51,0,0
2024-01-29,Office Chair,Furniture,East,Store E,11,7555.47,0,83110.17,21641.49,0,0
2024-01-29,Study Table,Furniture,South,Store D,11,12214.23,0,134356.54,49333.62,1,0
2024-01-29,T-Shirt,Fashion,South,Store D,11,828.55,0,9114.05,2921.38,0,0
2024-01-29,Jeans,Fashion,West,Store B,17,1881.67,15,27190.13,4482.16,1,0
2024-01-29,Shoes,Fashion,West,Store C,10,2464.53,10,22180.78,3416.26,0,0
2024-01-29,Coffee Maker,Home Appliances,North,Store E,11,4598.23,0,50580.58,12739.73,1,0
2024-01-29,Mixer Grinder,Home Appliances,West,Store E,5,3713.15,0,18565.76,6863.12,0,0
2024-01-30,Laptop,Electronics,West,Store A,11,53377.92,5,557799.31,146464.11,0,0
2024-01-30,Smartphone,Electronics,South,Store E,9,26565.46,5,227134.67,61443.87,1,0
2024-01-30,Headphones,Electronics,East,Store A,7,2540.47,0,17783.31,6602.49,0,0
2024-01-30,Office Chair,Furniture,South,Store D,5,7442.1,0,37210.5,8225.42,0,0
2024-01-30,Study Table,Furniture,North,Store B,2,11904.49,5,22618.54,8077.13,0,0
2024-01-30,T-Shirt,Fashion,South,Store B,15,780.26,0,11703.87,3565.62,0,0
2024-01-30,Jeans,Fashion,South,Store E,8,1921.62,10,13835.68,4455.18,1,0
2024-01-30,Shoes,Fashion,South,Store D,8,2551.04,0,20408.34,7726.35,0,0
2024-01-30,Coffee Maker,Home Appliances,West,Store D,6,4331.32,0,25987.91,9316.01,0,0
2024-01-30,Mixer Grinder,Home Appliances,North,Store C,9,3728.97,10,30204.64,9436.3,1,0
2024-01-31,Laptop,Electronics,East,Store E,10,52524.8,0,525247.97,107167.23,0,0
2024-01-31,Smartphone,Electronics,North,Store E,11,24968.02,5,260915.81,54200.07,1,0
2024-01-31,Headphones,Electronics,South,Store A,13,2434.06,5,30060.67,6067.58,1,0
2024-01-31,Office Chair,Furniture,West,Store C,5,7393.51,0,36967.56,12069.94,0,0
2024-01-31,Study Table,Furniture,East,Store C,5,11731.72,0,58658.59,13003.73,1,0
2024-01-31,T-Shirt,Fashion,South,Store D,13,788.81,0,10254.59,3228.18,1,0
2024-01-31,Jeans,Fashion,East,Store B,8,1840.42,0,14723.34,4800.04,0,0
2024-01-31,Shoes,Fashion,North,Store D,14,2426.88,0,33976.26,12353.86,0,0
2024-01-31,Coffee Maker,Home Appliances,West,Store C,8,4459.48,15,30324.45,5599.38,0,0
2024-01-31,Mixer Grinder,Home Appliances,South,Store E,10,3457.83,10,31120.5,8737.31,0,0
2024-02-01,Laptop,Electronics,South,Store B,4,53333.04,10,191998.96,57532.84,0,0
2024-02-01,Smartphone,Electronics,North,Store B,7,25629.0,10,161462.68,34635.05,0,0
2024-02-01,Headphones,Electronics,West,Store A,13,2411.06,5,29776.58,5495.47,0,0
2024-02-01,Office Chair,Furniture,West,Store C,8,7285.32,20,46626.06,2809.7,1,0
2024-02-01,Study Table,Furniture,South,Store D,7,11741.58,10,73971.97,10129.28,0,0
2024-02-01,T-Shirt,Fashion,West,Store A,13,861.22,10,10076.23,2856.59,0,0
2024-02-01,Jeans,Fashion,North,Store B,15,1931.27,0,28969.1,9732.43,1,0
2024-02-01,Shoes,Fashion,South,Store B,17,2576.69,0,43803.74,15106.57,0,0
2024-02-01,Coffee Maker,Home Appliances,North,Store C,3,4554.67,0,13664.02,4084.42,0,0
2024-02-01,Mixer Grinder,Home Appliances,South,Store C,4,3578.75,10,12883.49,4405.32,0,0
2024-02-02,Laptop,Electronics,West,Store D,9,55108.32,20,396779.94,91446.06,0,0
2024-02-02,Smartphone,Electronics,East,Store C,12,25643.01,0,307716.12,89418.57,0,0
2024-02-02,Headphones,Electronics,East,Store A,10,2387.77,15,20296.05,3632.38,0,0
2024-02-02,Office Chair,Furniture,West,Store C,16,7135.4,5,108458.09,33303.34,0,0
2024-02-02,Study Table,Furniture,East,Store C,5,12447.95,0,62239.73,24907.41,0,0
2024-02-02,T-Shirt,Fashion,North,Store C,13,761.83,0,9903.85,2993.59,0,0
2024-02-02,Jeans,Fashion,East,Store E,13,1727.17,0,22453.25,4567.86,0,0
2024-02-02,Shoes,Fashion,West,Store A,13,2390.43,5,29521.75,4222.92,0,0
2024-02-02,Coffee Maker,Home Appliances,West,Store E,8,4310.92,5,32763.01,11151.97,1,0
2024-02-02,Mixer Grinder,Home Appliances,North,Store A,2,3493.24,0,6986.48,2606.2,0,0
2024-02-03,Laptop,Electronics,West,Store E,9,59270.67,0,533436.07,199326.12,1,0
2024-02-03,Smartphone,Electronics,North,Store E,15,26917.0,10,363379.51,75400.35,0,0
2024-02-03,Headphones,Electronics,West,Store D,12,2612.64,5,29784.05,11038.24,0,0
2024-02-03,Office Chair,Furniture,North,Store A,7,7755.37,10,48858.83,17088.14,0,0
2024-02-03,Study Table,Furniture,West,Store A,14,12022.53,10,151483.87,25929.73,1,0
2024-02-03,T-Shirt,Fashion,East,Store B,7,779.39,10,4910.18,899.31,0,0
2024-02-03,Jeans,Fashion,South,Store E,27,1788.92,0,48300.96,14647.88,1,0
2024-02-03,Shoes,Fashion,East,Store C,19,2650.38,20,40285.8,6166.55,1,0
2024-02-03,Coffee Maker,Home Appliances,North,Store E,14,4627.09,10,58301.38,17005.51,0,0
2024-02-03,Mixer Grinder,Home Appliances,South,Store D,11,3777.29,20,33240.18,9640.29,0,0
2024-02-04,Laptop,Electronics,North,Store D,11,55808.92,5,583203.25,190329.47,1,0
2024-02-04,Smartphone,Electronics,South,Store A,17,24212.65,0,411615.1,125448.53,0,0
2024-02-04,Headphones,Electronics,North,Store E,14,2577.25,15,30669.26,5553.52,0,0
2024-02-04,Office Chair,Furniture,South,Store A,4,7489.86,0,29959.42,10894.46,0,0
2024-02-04,Study Table,Furniture,West,Store B,13,12542.23,20,130439.22,27548.15,1,0
2024-02-04,T-Shirt,Fashion,East,Store B,14,834.73,5,11101.96,3885.79,0,0
2024-02-04,Jeans,Fashion,West,Store D,12,1840.67,5,20983.66,6311.23,0,0
2024-02-04,Shoes,Fashion,West,Store B,11,2439.26,0,26831.81,6838.07,0,0
2024-02-04,Coffee Maker,Home Appliances,South,Store B,7,4809.14,15,28614.41,4386.45,0,0
2024-02-04,Mixer Grinder,Home Appliances,West,Store D,6,3503.49,0,21020.96,7162.36,0,0
2024-02-05,Laptop,Electronics,West,Store E,8,53937.88,10,388352.71,52145.68,0,0
2024-02-05,Smartphone,Electronics,South,Store C,6,23879.76,10,128950.68,27302.1,0,0
2024-02-05,Headphones,Electronics,North,Store B,9,2459.46,5,21028.42,7164.14,1,0
2024-02-05,Office Chair,Furniture,East,Store A,10,7680.99,20,61447.93,4642.29,0,0
2024-02-05,Study Table,Furniture,North,Store E,9,12008.19,0,108073.74,30146.45,0,0
2024-02-05,T-Shirt,Fashion,South,Store B,22,852.15,0,18747.2,5658.19,1,0
2024-02-05,Jeans,Fashion,East,Store E,6,1818.4,0,10910.38,4082.27,0,0
2024-02-05,Shoes,Fashion,North,Store E,10,2637.25,5,25053.84,9449.38,0,0
2024-02-05,Coffee Maker,Home Appliances,North,Store C,4,4726.27,0,18905.07,8038.41,0,0
2024-02-05,Mixer Grinder,Home Appliances,East,Store C,9,3348.03,10,27119.07,3878.53,0,0
2024-02-06,Laptop,Electronics,West,Store D,4,57242.58,20,183176.24,23182.97,0,0
2024-02-06,Smartphone,Electronics,East,Store C,9,25944.17,0,233497.55,74281.61,1,0
2024-02-06,Headphones,Electronics,South,Store B,11,2542.81,5,26572.34,9731.41,1,0
2024-02-06,Office Chair,Furniture,East,Store C,6,7453.63,5,42485.67,12150.43,0,0
2024-02-06,Study Table,Furniture,South,Store E,8,12930.63,0,103445.06,30485.68,1,0
2024-02-06,T-Shirt,Fashion,South,Store C,16,836.74,10,12049.05,3909.65,0,0
2024-02-06,Jeans,Fashion,East,Store E,5,1791.56,10,8062.04,1532.96,0,0
2024-02-06,Shoes,Fashion,South,Store D,16,2521.85,0,40349.57,14250.76,1,0
2024-02-06,Coffee Maker,Home Appliances,North,Store D,4,4349.51,5,16528.13,2526.62,0,0
2024-02-06,Mixer Grinder,Home Appliances,South,Store B,10,3654.95,10,32894.58,5610.13,0,0
2024-02-07,Laptop,Electronics,North,Store A,14,59289.37,10,747046.12,229947.75,0,0
2024-02-07,Smartphone,Electronics,East,Store A,10,25135.22,0,251352.19,72113.18,1,0
2024-02-07,Headphones,Electronics,North,Store B,8,2647.39,15,18002.23,5166.41,0,0
2024-02-07,Office Chair,Furniture,North,Store C,6,7970.27,5,45430.51,15803.71,0,0
2024-02-07,Study Table,Furniture,West,Store A,6,12456.66,10,67265.98,16835.95,0,0
2024-02-07,T-Shirt,Fashion,North,Store B,12,773.11,10,8349.64,1053.46,0,0
2024-02-07,Jeans,Fashion,East,Store B,12,1741.52,0,20898.23,6889.76,0,0
2024-02-07,Shoes,Fashion,North,Store E,6,2409.31,10,13010.25,3350.81,0,0
2024-02-07,Coffee Maker,Home Appliances,North,Store C,6,4747.29,15,24211.19,6837.4,0,0
2024-02-07,Mixer Grinder,Home Appliances,North,Store B,5,3415.78,0,17078.92,5905.93,0,0
2024-02-08,Laptop,Electronics,South,Store D,5,58270.18,5,276783.34,108862.01,0,0
2024-02-08,Smartphone,Electronics,East,Store E,11,25729.18,5,268869.98,98757.05,0,0
2024-02-08,Headphones,Electronics,West,Store E,11,2436.66,10,24122.93,7065.64,1,0
2024-02-08,Office Chair,Furniture,North,Store D,7,7743.82,0,54206.76,22614.36,0,0
2024-02-08,Study Table,Furniture,East,Store D,9,11863.38,0,106770.42,24028.08,1,0
2024-02-08,T-Shirt,Fashion,East,Store D,8,825.33,0,6602.6,2030.89,0,0
2024-02-08,Jeans,Fashion,East,Store E,10,1895.31,10,17057.8,3801.03,0,0
2024-02-08,Shoes,Fashion,East,Store A,6,2378.68,0,14272.08,4697.66,0,0
2024-02-08,Coffee Maker,Home Appliances,North,Store E,8,4814.43,10,34663.86,8792.01,0,0
2024-02-08,Mixer Grinder,Home Appliances,North,Store D,6,3773.52,5,21509.07,6437.42,0,0
2024-02-09,Laptop,Electronics,East,Store A,13,56895.7,0,739644.14,279961.04,0,0
2024-02-09,Smartphone,Electronics,East,Store C,12,26738.22,0,320858.59,95692.6,1,0
2024-02-09,Headphones,Electronics,North,Store A,13,2545.1,10,29777.71,8027.96,0,0
2024-02-09,Office Chair,Furniture,South,Store C,11,7336.88,20,64564.57,8801.9,0,0
2024-02-09,Study Table,Furniture,North,Store C,3,11916.92,5,33963.23,11544.98,0,0
2024-02-09,T-Shirt,Fashion,South,Store B,13,815.12,10,9536.88,2223.38,0,0
2024-02-09,Jeans,Fashion,North,Store C,9,1847.42,20,13301.41,2630.64,0,0
2024-02-09,Shoes,Fashion,West,Store E,10,2499.92,10,22499.27,6150.74,0,0
2024-02-09,Coffee Maker,Home Appliances,North,Store E,4,4471.24,0,17884.94,5043.07,0,0
2024-02-09,Mixer Grinder,Home Appliances,South,Store C,7,3410.49,0,23873.45,6933.78,0,0
2024-02-10,Laptop,Electronics,South,Store E,14,59242.99,20,663521.53,120335.06,1,0
2024-02-10,Smartphone,Electronics,North,Store C,9,26856.1,0,241704.89,81601.91,0,0
2024-02-10,Headphones,Electronics,West,Store B,9,2664.3,0,23978.72,8120.5,0,0
2024-02-10,Office Chair,Furniture,South,Store B,8,7758.34,15,52756.71,13701.85,0,0
2024-02-10,Study Table,Furniture,East,Store D,8,11623.48,10,83689.05,18707.32,1,0
2024-02-10,T-Shirt,Fashion,West,Store A,14,819.56,0,11473.85,4714.79,0,0
2024-02-10,Jeans,Fashion,North,Store E,8,1915.5,0,15324.0,5336.93,0,0
2024-02-10,Shoes,Fashion,North,Store D,17,2409.86,15,34822.52,9120.91,1,0
2024-02-10,Coffee Maker,Home Appliances,North,Store B,12,4574.26,5,52146.58,17072.63,0,0
2024-02-10,Mixer Grinder,Home Appliances,North,Store A,7,3713.41,10,23394.49,5560.95,0,0
2024-02-11,Laptop,Electronics,South,Store E,12,52368.67,20,502739.23,86832.02,1,0
2024-02-11,Smartphone,Electronics,South,Store A,11,26700.24,0,293702.59,106038.7,0,0
2024-02-11,Headphones,Electronics,South,Store B,14,2558.65,0,35821.04,11303.05,1,0
2024-02-11,Office Chair,Furniture,South,Store D,7,7874.18,0,55119.29,23347.72,0,0
2024-02-11,Study Table,Furniture,North,Store B,9,11844.55,0,106600.97,29518.55,0,0
2024-02-11,T-Shirt,Fashion,North,Store C,18,824.44,0,14839.95,5299.52,0,0
2024-02-11,Jeans,Fashion,West,Store A,21,1851.23,0,38875.82,10198.67,0,0
2024-02-11,Shoes,Fashion,West,Store A,12,2610.1,5,29755.2,10309.33,0,0
2024-02-11,Coffee Maker,Home Appliances,West,Store A,14,4555.39,5,60586.7,16975.09,0,0
2024-02-11,Mixer Grinder,Home Appliances,East,Store D,6,3707.66,5,21133.69,7979.75,1,0
2024-02-12,Laptop,Electronics,West,Store C,10,59345.09,0,593450.92,178870.44,0,0
2024-02-12,Smartphone,Electronics,North,Store A,10,24654.34,0,246543.41,67490.37,0,0
2024-02-12,Headphones,Electronics,West,Store A,7,2633.53,5,17512.97,4824.7,0,0
2024-02-12,Office Chair,Furniture,North,Store B,5,7598.27,15,32292.64,6738.79,0,0
2024-02-12,Study Table,Furniture,North,Store A,5,12152.3,20,48609.18,4234.7,0,0
2024-02-12,T-Shirt,Fashion,South,Store C,14,852.94,0,11941.19,4525.66,1,0
2024-02-12,Jeans,Fashion,East,Store D,11,1759.29,10,17417.0,4486.38,0,0
2024-02-12,Shoes,Fashion,South,Store B,22,2443.11,20,42998.72,4606.58,1,0
2024-02-12,Coffee Maker,Home Appliances,East,Store C,14,4605.88,0,64482.26,17138.33,0,0
2024-02-12,Mixer Grinder,Home Appliances,South,Store B,8,3539.66,5,26901.39,7320.46,1,0
2024-02-13,Laptop,Electronics,North,Store C,10,58419.58,0,584195.84,219295.11,1,0
2024-02-13,Smartphone,Electronics,South,Store B,12,25977.27,0,311727.26,93339.79,0,0
2024-02-13,Headphones,Electronics,West,Store B,7,2498.6,0,17490.18,6238.14,0,0
2024-02-13,Office Chair,Furniture,West,Store B,7,7318.41,5,48667.42,8789.95,1,0
2024-02-13,Study Table,Furniture,East,Store C,2,11489.17,5,21829.43,5816.57,0,0
2024-02-13,T-Shirt,Fashion,South,Store C,11,835.28,15,7809.84,1015.96,0,0
2024-02-13,Jeans,Fashion,West,Store D,11,1842.84,5,19257.73,4883.43,0,0
2024-02-13,Shoes,Fashion,East,Store C,16,2407.38,5,36592.21,6676.42,0,0
2024-02-13,Coffee Maker,Home Appliances,North,Store E,7,4319.47,10,27212.65,7385.94,0,0
2024-02-13,Mixer Grinder,Home Appliances,West,Store E,8,3563.4,10,25656.49,6591.44,0,0
2024-02-14,Laptop,Electronics,North,Store E,7,52297.02,0,366079.11,89208.48,1,0
2024-02-14,Smartphone,Electronics,East,Store C,10,26256.85,0,262568.45,97501.87,0,0
2024-02-14,Headphones,Electronics,South,Store D,10,2486.77,15,21137.53,2054.0,0,0
2024-02-14,Office Chair,Furniture,East,Store B,5,7885.23,5,37454.86,14439.86,0,0
2024-02-14,Study Table,Furniture,East,Store C,5,12039.06,0,60195.3,18400.86,0,0
2024-02-14,T-Shirt,Fashion,South,Store E,15,807.93,10,10907.1,3122.51,1,0
2024-02-14,Jeans,Fashion,East,Store A,18,1806.63,5,30893.35,7203.21,0,0
2024-02-14,Shoes,Fashion,North,Store D,18,2681.25,5,45849.38,16673.52,1,0
2024-02-14,Coffee Maker,Home Appliances,East,Store E,6,4324.92,0,25949.52,8281.28,0,0
2024-02-14,Mixer Grinder,Home Appliances,West,Store D,6,3696.73,10,19962.34,5414.52,0,0
2024-02-15,Laptop,Electronics,East,Store D,5,52474.32,10,236134.45,50875.27,0,0
2024-02-15,Smartphone,Electronics,North,Store A,8,24721.71,10,177996.3,34372.97,0,0
2024-02-15,Headphones,Electronics,West,Store A,11,2533.6,5,26476.1,7293.34,0,0
2024-02-15,Office Chair,Furniture,South,Store A,7,8055.96,0,56391.72,22005.31,0,0
2024-02-15,Study Table,Furniture,North,Store A,8,11787.32,15,80153.79,20929.74,0,0
2024-02-15,T-Shirt,Fashion,East,Store E,10,798.68,0,7986.84,1773.72,1,0
2024-02-15,Jeans,Fashion,South,Store A,16,1936.16,20,24782.84,2720.42,1,0
2024-02-15,Shoes,Fashion,West,Store D,10,2604.11,5,24739.08,6166.42,0,0
2024-02-15,Coffee Maker,Home Appliances,South,Store B,4,4611.61,0,18446.45,6669.5,0,0
2024-02-15,Mixer Grinder,Home Appliances,East,Store A,10,3374.84,0,33748.35,7136.32,1,0
2024-02-16,Laptop,Electronics,West,Store C,5,56420.25,0,282101.23,69990.22,0,0
2024-02-16,Smartphone,Electronics,North,Store B,22,25641.0,5,535896.98,174007.81,1,0
2024-02-16,Headphones,Electronics,West,Store E,16,2447.27,0,39156.33,13275.48,1,0
2024-02-16,Office Chair,Furniture,South,Store E,7,7293.62,0,51055.36,15232.66,0,0
2024-02-16,Study Table,Furniture,North,Store E,8,11659.78,0,93278.2,29883.53,1,0
2024-02-16,T-Shirt,Fashion,North,Store E,11,760.66,0,8367.3,1936.17,0,0
2024-02-16,Jeans,Fashion,West,Store D,6,1821.27,15,9288.49,941.38,0,0
2024-02-16,Shoes,Fashion,East,Store B,12,2694.63,0,32335.52,12532.61,1,0
2024-02-16,Coffee Maker,Home Appliances,South,Store E,10,4491.04,0,44910.45,10177.26,1,0
2024-02-16,Mixer Grinder,Home Appliances,South,Store E,1,3426.73,15,2912.72,204.2,1,0
2024-02-17,Laptop,Electronics,East,Store D,13,55970.38,0,727614.92,203817.35,0,0
2024-02-17,Smartphone,Electronics,South,Store B,13,25303.69,0,328947.95,129583.32,0,0
2024-02-17,Headphones,Electronics,South,Store A,15,2489.75,10,33611.62,6047.17,0,0
2024-02-17,Office Chair,Furniture,East,Store D,4,7129.1,0,28516.4,8750.9,0,0
2024-02-17,Study Table,Furniture,South,Store D,4,12393.26,10,44615.75,15350.15,0,0
2024-02-17,T-Shirt,Fashion,North,Store E,19,801.23,5,14462.19,3765.01,0,0
2024-02-17,Jeans,Fashion,South,Store A,12,1908.66,10,20613.5,6165.76,0,0
2024-02-17,Shoes,Fashion,West,Store A,12,2429.94,0,29159.26,6465.78,0,0
2024-02-17,Coffee Maker,Home Appliances,North,Store A,14,4823.59,0,67530.25,23212.17,0,0
2024-02-17,Mixer Grinder,Home Appliances,South,Store A,5,3588.45,0,17942.24,6986.07,0,0
2024-02-18,Laptop,Electronics,South,Store B,11,55479.72,0,610276.89,229013.39,0,0
2024-02-18,Smartphone,Electronics,South,Store B,10,25524.05,5,242478.45,88843.96,0,0
2024-02-18,Headphones,Electronics,West,Store C,14,2590.78,10,32643.8,8375.87,1,0
2024-02-18,Office Chair,Furniture,West,Store C,8,7812.14,10,56247.44,12892.5,0,0
2024-02-18,Study Table,Furniture,South,Store A,5,12937.42,0,64687.09,24063.16,0,0
2024-02-18,T-Shirt,Fashion,West,Store A,8,807.36,0,6458.9,1638.11,0,0
2024-02-18,Jeans,Fashion,North,Store A,13,1781.63,5,22003.08,3791.49,0,0
2024-02-18,Shoes,Fashion,North,Store A,8,2594.98,0,20759.85,5687.91,0,0
2024-02-18,Coffee Maker,Home Appliances,South,Store D,10,4817.92,20,38543.32,10573.33,0,0
2024-02-18,Mixer Grinder,Home Appliances,North,Store D,5,3614.44,0,18072.21,5225.2,0,0
2024-02-19,Laptop,Electronics,South,Store C,9,52760.49,15,403617.74,64586.83,0,0
2024-02-19,Smartphone,Electronics,North,Store E,14,25481.36,10,321065.18,101766.32,1,0
2024-02-19,Headphones,Electronics,East,Store C,9,2388.03,15,18268.41,1969.73,0,0
2024-02-19,Office Chair,Furniture,North,Store A,8,7727.77,0,61822.18,20051.36,0,0
2024-02-19,Study Table,Furniture,East,Store C,9,12844.94,10,104044.05,35102.93,0,0
2024-02-19,T-Shirt,Fashion,East,Store D,14,818.62,5,10887.61,2643.26,0,0
2024-02-19,Jeans,Fashion,South,Store C,13,1763.98,0,22931.74,8395.4,0,0
2024-02-19,Shoes,Fashion,North,Store B,11,2672.9,5,27931.78,8984.8,0,0
2024-02-19,Coffee Maker,Home Appliances,South,Store C,8,4537.44,10,32669.57,6031.54,0,0
2024-02-19,Mixer Grinder,Home Appliances,West,Store D,4,3623.44,5,13769.07,2947.19,0,0
2024-02-20,Laptop,Electronics,South,Store C,6,53801.77,5,306670.09,82978.77,0,0
2024-02-20,Smartphone,Electronics,South,Store B,7,26999.34,5,179545.62,48931.8,0,0
2024-02-20,Headphones,Electronics,East,Store B,9,2643.47,5,22601.63,6079.59,0,0
2024-02-20,Office Chair,Furniture,South,Store C,6,7960.0,0,47759.99,20245.52,0,0
2024-02-20,Study Table,Furniture,South,Store A,1,11514.98,15,9787.74,1820.42,0,0
2024-02-20,T-Shirt,Fashion,East,Store D,12,861.5,20,8270.4,1609.83,0,0
2024-02-20,Jeans,Fashion,South,Store C,8,1740.86,10,12534.2,2420.7,0,0
2024-02-20,Shoes,Fashion,South,Store E,23,2584.6,5,56473.47,13685.18,1,0
2024-02-20,Coffee Maker,Home Appliances,West,Store B,9,4512.86,5,38584.93,7679.47,1,0
2024-02-20,Mixer Grinder,Home Appliances,West,Store C,7,3361.03,10,21174.51,4020.98,0,0
2024-02-21,Laptop,Electronics,South,Store B,7,53470.55,0,374293.84,125905.68,1,0
2024-02-21,Smartphone,Electronics,West,Store A,9,25611.84,0,230506.56,60212.95,0,0
2024-02-21,Headphones,Electronics,East,Store D,7,2537.04,15,15095.38,3504.36,0,0
2024-02-21,Office Chair,Furniture,West,Store B,6,7169.79,10,38716.84,4551.18,1,0
2024-02-21,Study Table,Furniture,East,Store A,6,12476.43,5,71115.66,23902.99,0,0
2024-02-21,T-Shirt,Fashion,North,Store B,11,847.54,0,9322.95,4013.14,0,0
2024-02-21,Jeans,Fashion,East,Store A,12,1846.3,0,22155.57,5394.89,0,0
2024-02-21,Shoes,Fashion,West,Store C,10,2383.1,0,23831.0,8623.28,1,0
2024-02-21,Coffee Maker,Home Appliances,West,Store E,10,4745.61,15,40337.72,8325.22,0,0
2024-02-21,Mixer Grinder,Home Appliances,South,Store E,7,3497.27,10,22032.8,4621.9,1,0
2024-02-22,Laptop,Electronics,South,Store D,5,55483.6,10,249676.21,52697.95,0,0
2024-02-22,Smartphone,Electronics,North,Store B,12,23969.77,15,244491.65,48861.01,1,0
2024-02-22,Headphones,Electronics,East,Store D,6,2486.99,0,14921.92,3644.36,1,0
2024-02-22,Office Chair,Furniture,West,Store B,4,7133.75,5,27108.26,7372.53,0,0
2024-02-22,Study Table,Furniture,South,Store C,7,12169.42,0,85185.91,28116.68,1,0
2024-02-22,T-Shirt,Fashion,East,Store C,9,763.21,10,6181.96,1225.07,0,0
2024-02-22,Jeans,Fashion,South,Store E,9,1781.42,15,13627.85,3366.55,0,0
2024-02-22,Shoes,Fashion,West,Store A,3,2643.18,0,7929.55,2815.6,0,0
2024-02-22,Coffee Maker,Home Appliances,North,Store A,8,4588.31,10,33035.83,10846.35,1,0
2024-02-22,Mixer Grinder,Home Appliances,South,Store D,5,3673.36,5,17448.47,3800.68,1,0
2024-02-23,Laptop,Electronics,South,Store B,15,59315.77,0,889736.58,321966.58,1,0
2024-02-23,Smartphone,Electronics,North,Store C,16,24061.71,5,365737.92,59029.08,1,0
2024-02-23,Headphones,Electronics,North,Store B,9,2587.84,0,23290.58,8818.93,0,0
2024-02-23,Office Chair,Furniture,East,Store E,3,7768.48,5,22140.18,6567.41,0,0
2024-02-23,Study Table,Furniture,North,Store B,6,11675.39,20,56041.85,8087.46,0,0
2024-02-23,T-Shirt,Fashion,North,Store A,12,762.78,10,8237.99,832.67,0,0
2024-02-23,Jeans,Fashion,North,Store A,17,1733.55,10,26523.27,3728.07,0,0
2024-02-23,Shoes,Fashion,East,Store A,28,2618.79,5,69659.85,22214.77,1,0
2024-02-23,Coffee Maker,Home Appliances,North,Store A,5,4791.6,0,23958.0,10409.25,0,0
2024-02-23,Mixer Grinder,Home Appliances,South,Store A,6,3653.05,0,21918.3,6818.03,0,0
2024-02-24,Laptop,Electronics,West,Store A,13,58068.73,5,717148.8,173472.46,0,0
2024-02-24,Smartphone,Electronics,South,Store C,11,24602.9,5,257100.34,68720.41,0,0
2024-02-24,Headphones,Electronics,North,Store C,11,2422.04,5,25310.35,8438.06,1,0
2024-02-24,Office Chair,Furniture,West,Store B,7,7151.96,15,42554.16,9603.37,0,0
2024-02-24,Study Table,Furniture,South,Store A,10,11672.21,0,116722.1,43352.92,1,0
2024-02-24,T-Shirt,Fashion,South,Store D,15,862.75,0,12941.32,5000.95,0,0
2024-02-24,Jeans,Fashion,North,Store A,14,1753.72,0,24552.11,5564.52,0,0
2024-02-24,Shoes,Fashion,East,Store B,10,2694.04,0,26940.43,10910.09,0,0
2024-02-24,Coffee Maker,Home Appliances,South,Store D,9,4287.8,5,36660.65,6256.79,1,0
2024-02-24,Mixer Grinder,Home Appliances,North,Store E,8,3441.92,20,22028.26,1027.0,0,0
2024-02-25,Laptop,Electronics,West,Store B,10,56560.49,10,509044.43,157622.11,0,0
2024-02-25,Smartphone,Electronics,East,Store B,20,25665.24,0,513304.8,181492.53,0,0
2024-02-25,Headphones,Electronics,West,Store B,17,2664.66,5,43034.2,10685.77,0,0
2024-02-25,Office Chair,Furniture,East,Store A,5,7764.86,15,33000.67,3780.55,0,0
2024-02-25,Study Table,Furniture,North,Store A,10,11514.31,5,109385.92,19274.39,0,0
2024-02-25,T-Shirt,Fashion,West,Store C,15,812.99,0,12194.79,3289.0,0,0
2024-02-25,Jeans,Fashion,North,Store D,14,1712.95,10,21583.15,4972.79,0,0
2024-02-25,Shoes,Fashion,East,Store B,20,2533.9,10,45610.2,8120.82,1,0
2024-02-25,Coffee Maker,Home Appliances,South,Store A,7,4520.65,5,30062.35,5963.53,0,0
2024-02-25,Mixer Grinder,Home Appliances,East,Store C,14,3775.24,5,50210.66,18227.05,0,0
2024-02-26,Laptop,Electronics,West,Store B,9,53250.34,10,431327.76,72033.37,0,0
2024-02-26,Smartphone,Electronics,North,Store C,10,24036.71,10,216330.36,27851.91,0,0
2024-02-26,Headphones,Electronics,West,Store E,11,2390.45,15,22350.69,3476.69,1,0
2024-02-26,Office Chair,Furniture,South,Store A,16,8014.83,0,128237.33,46577.53,0,0
2024-02-26,Study Table,Furniture,South,Store A,6,11608.09,5,66166.09,15414.07,0,0
2024-02-26,T-Shirt,Fashion,South,Store B,5,821.46,0,4107.3,1402.3,0,0
2024-02-26,Jeans,Fashion,South,Store C,8,1725.94,5,13117.16,4053.37,0,0
2024-02-26,Shoes,Fashion,West,Store D,7,2481.47,15,14764.74,2516.37,0,0
2024-02-26,Coffee Maker,Home Appliances,North,Store E,8,4376.3,15,29758.86,4054.14,0,0
2024-02-26,Mixer Grinder,Home Appliances,North,Store E,7,3538.98,0,24772.88,6017.41,1,0
2024-02-27,Laptop,Electronics,South,Store A,7,57595.93,20,322537.22,35824.95,0,0
2024-02-27,Smartphone,Electronics,East,Store A,8,25380.95,10,182742.86,49435.34,0,0
2024-02-27,Headphones,Electronics,West,Store C,20,2682.25,10,48280.49,13142.65,1,0
2024-02-27,Office Chair,Furniture,East,Store B,8,7377.29,5,56067.41,13378.56,1,0
2024-02-27,Study Table,Furniture,West,Store D,8,12189.99,5,92643.89,24398.25,0,0
2024-02-27,T-Shirt,Fashion,West,Store E,10,828.51,10,7456.6,2194.0,0,0
2024-02-27,Jeans,Fashion,South,Store B,9,1720.32,15,13160.43,775.62,0,0
2024-02-27,Shoes,Fashion,North,Store E,15,2453.09,20,29437.11,991.76,1,0
2024-02-27,Coffee Maker,Home Appliances,East,Store A,6,4478.0,10,24181.21,4062.8,0,0
2024-02-27,Mixer Grinder,Home Appliances,South,Store A,5,3623.13,0,18115.66,6221.02,0,0
2024-02-28,Laptop,Electronics,North,Store E,9,57205.15,0,514846.34,198174.63,0,0
2024-02-28,Smartphone,Electronics,West,Store E,12,25893.37,20,248576.36,47194.92,1,0
2024-02-28,Headphones,Electronics,South,Store B,9,2588.48,0,23296.36,8378.43,0,0
2024-02-28,Office Chair,Furniture,North,Store D,8,7273.7,20,46551.69,3458.29,0,0
2024-02-28,Study Table,Furniture,North,Store A,9,12321.29,10,99802.46,16448.54,0,0
2024-02-28,T-Shirt,Fashion,North,Store C,12,791.49,0,9497.85,3307.09,0,0
2024-02-28,Jeans,Fashion,South,Store E,12,1750.34,0,21004.13,7128.69,1,0
2024-02-28,Shoes,Fashion,South,Store B,9,2638.71,0,23748.43,6404.66,0,0
2024-02-28,Coffee Maker,Home Appliances,East,Store B,8,4429.94,5,33667.54,8332.89,0,0
2024-02-28,Mixer Grinder,Home Appliances,East,Store A,6,3673.56,15,18735.17,5770.19,0,0
2024-02-29,Laptop,Electronics,North,Store C,9,54542.9,5,466341.79,86582.96,0,0
2024-02-29,Smartphone,Electronics,West,Store C,5,23769.08,0,118845.41,30399.76,0,0
2024-02-29,Headphones,Electronics,North,Store E,8,2537.47,10,18269.75,3117.28,1,0
2024-02-29,Office Chair,Furniture,East,Store E,7,7598.89,5,50532.64,13952.14,0,0
2024-02-29,Study Table,Furniture,East,Store E,9,11731.66,10,95026.41,12526.69,1,0
2024-02-29,T-Shirt,Fashion,North,Store E,5,773.98,5,3676.39,897.2,0,0
2024-02-29,Jeans,Fashion,West,Store B,11,1880.42,0,20684.63,8312.96,0,0
2024-02-29,Shoes,Fashion,West,Store B,10,2620.69,10,23586.17,7287.37,0,0
2024-02-29,Coffee Maker,Home Appliances,East,Store E,8,4828.17,5,36694.06,14964.44,1,0
2024-02-29,Mixer Grinder,Home Appliances,South,Store A,8,3404.56,0,27236.47,8000.44,1,0
2024-03-01,Laptop,Electronics,West,Store D,13,57461.62,0,747001.02,252056.78,0,0
2024-03-01,Smartphone,Electronics,East,Store B,9,26974.02,5,230627.87,94610.21,0,0
2024-03-01,Headphones,Electronics,South,Store E,13,2434.48,20,25318.61,4684.74,0,0
2024-03-01,Office Chair,Furniture,East,Store A,14,7557.82,20,84647.6,12225.14,1,0
2024-03-01,Study Table,Furniture,North,Store E,6,12655.73,10,68340.92,18882.0,0,0
2024-03-01,T-Shirt,Fashion,North,Store A,13,841.57,0,10940.43,3058.8,0,0
2024-03-01,Jeans,Fashion,East,Store B,11,1731.04,20,15233.13,1494.27,1,0
2024-03-01,Shoes,Fashion,West,Store B,8,2460.68,5,18701.2,6026.4,0,0
2024-03-01,Coffee Maker,Home Appliances,West,Store D,6,4673.39,15,23834.31,5758.89,0,0
2024-03-01,Mixer Grinder,Home Appliances,West,Store C,6,3776.18,10,20391.38,5504.32,0,0
2024-03-02,Laptop,Electronics,South,Store B,10,58482.22,0,584822.23,212485.77,0,0
2024-03-02,Smartphone,Electronics,East,Store D,16,23776.24,5,361398.92,116522.34,1,0
2024-03-02,Headphones,Electronics,East,Store D,12,2651.4,0,31816.82,11353.02,0,0
2024-03-02,Office Chair,Furniture,North,Store D,11,7464.17,15,69789.95,15650.35,0,0
2024-03-02,Study Table,Furniture,West,Store E,5,12838.69,5,60983.77,14375.9,0,0
2024-03-02,T-Shirt,Fashion,West,Store C,13,854.89,10,10002.18,2165.63,0,0
2024-03-02,Jeans,Fashion,East,Store E,8,1932.68,5,14688.36,3883.28,0,0
2024-03-02,Shoes,Fashion,South,Store C,20,2523.83,0,50476.52,12168.79,1,0
2024-03-02,Coffee Maker,Home Appliances,East,Store C,10,4637.31,0,46373.07,15735.52,0,0
2024-03-02,Mixer Grinder,Home Appliances,South,Store D,11,3424.79,0,37672.71,10484.34,0,0
2024-03-03,Laptop,Electronics,South,Store A,14,58708.79,5,780826.97,313957.21,1,0
2024-03-03,Smartphone,Electronics,South,Store B,12,25990.03,0,311880.39,87088.94,0,0
2024-03-03,Headphones,Electronics,East,Store D,12,2667.98,0,32015.7,8693.11,0,0
2024-03-03,Office Chair,Furniture,South,Store D,8,7334.82,0,58678.53,11887.64,0,0
2024-03-03,Study Table,Furniture,East,Store B,5,11981.8,15,50922.64,14197.78,0,0
2024-03-03,T-Shirt,Fashion,East,Store B,14,837.57,5,11139.64,4411.45,0,0
2024-03-03,Jeans,Fashion,West,Store E,8,1818.38,0,14547.02,4430.55,0,0
2024-03-03,Shoes,Fashion,South,Store C,6,2536.04,0,15216.22,5035.75,0,0
2024-03-03,Coffee Maker,Home Appliances,North,Store E,7,4488.76,20,25137.07,654.9,0,0
2024-03-03,Mixer Grinder,Home Appliances,North,Store A,11,3487.09,0,38357.94,8818.55,1,0
2024-03-04,Laptop,Electronics,West,Store C,7,55918.53,15,332715.24,92573.55,0,0
2024-03-04,Smartphone,Electronics,South,Store E,12,25059.19,15,255603.78,24105.73,0,0
2024-03-04,Headphones,Electronics,South,Store C,8,2478.75,0,19830.0,7026.58,1,0
2024-03-04,Office Chair,Furniture,East,Store E,3,7897.03,10,21321.99,7049.4,0,0
2024-03-04,Study Table,Furniture,South,Store C,8,11785.9,0,94287.23,26230.98,1,0
2024-03-04,T-Shirt,Fashion,West,Store E,13,833.29,0,10832.72,2919.98,0,0
2024-03-04,Jeans,Fashion,West,Store E,10,1725.69,10,15531.2,2463.24,0,0
2024-03-04,Shoes,Fashion,South,Store C,7,2525.86,0,17681.04,6513.64,0,0
2024-03-04,Coffee Maker,Home Appliances,West,Store A,5,4468.51,0,22342.57,8443.04,0,0
2024-03-04,Mixer Grinder,Home Appliances,West,Store E,8,3374.6,5,25646.95,6357.77,0,0
2024-03-05,Laptop,Electronics,North,Store D,10,56784.38,0,567843.82,143154.58,1,0
2024-03-05,Smartphone,Electronics,East,Store B,12,25369.32,10,273988.65,66277.35,1,0
2024-03-05,Headphones,Electronics,West,Store E,12,2549.93,0,30599.13,12267.48,0,0
2024-03-05,Office Chair,Furniture,West,Store C,7,7691.44,0,53840.08,19419.49,0,0
2024-03-05,Study Table,Furniture,South,Store A,2,12304.86,20,19687.78,1664.77,1,0
2024-03-05,T-Shirt,Fashion,North,Store C,10,770.64,5,7321.1,2288.42,0,0
2024-03-05,Jeans,Fashion,West,Store C,13,1935.81,5,23907.2,9370.55,0,0
2024-03-05,Shoes,Fashion,North,Store A,14,2583.53,15,30743.96,4927.95,0,0
2024-03-05,Coffee Maker,Home Appliances,South,Store C,8,4845.47,10,34887.41,8090.84,0,0
2024-03-05,Mixer Grinder,Home Appliances,South,Store B,9,3495.87,5,29889.69,6937.24,0,0
2024-03-06,Laptop,Electronics,North,Store D,17,56815.66,0,965866.28,344134.47,1,0
2024-03-06,Smartphone,Electronics,North,Store C,14,24975.39,0,349655.5,107990.65,0,0
2024-03-06,Headphones,Electronics,West,Store B,12,2584.18,0,31010.12,9519.49,1,0
2024-03-06,Office Chair,Furniture,North,Store A,4,7944.2,0,31776.78,11720.88,0,0
2024-03-06,Study Table,Furniture,West,Store C,4,12208.62,5,46392.77,9821.46,0,0
2024-03-06,T-Shirt,Fashion,North,Store A,17,778.89,0,13241.14,3397.09,1,0
2024-03-06,Jeans,Fashion,West,Store C,17,1711.76,0,29099.85,8716.8,1,0
2024-03-06,Shoes,Fashion,South,Store C,13,2632.63,0,34224.14,9536.81,1,0
2024-03-06,Coffee Maker,Home Appliances,East,Store E,9,4697.01,0,42273.1,11786.19,0,0
2024-03-06,Mixer Grinder,Home Appliances,West,Store E,6,3417.21,10,18452.93,4403.69,0,0
2024-03-07,Laptop,Electronics,South,Store E,14,57884.54,0,810383.59,249486.16,0,0
2024-03-07,Smartphone,Electronics,North,Store A,9,23762.5,20,171090.01,-2026.95,0,0
2024-03-07,Headphones,Electronics,West,Store E,5,2683.11,10,12073.98,3085.32,0,0
2024-03-07,Office Chair,Furniture,East,Store D,8,7976.6,0,63812.77,17776.34,0,0
2024-03-07,Study Table,Furniture,West,Store A,6,12182.15,10,65783.59,18051.46,0,0
2024-03-07,T-Shirt,Fashion,East,Store B,9,776.05,0,6984.43,1973.4,1,0
2024-03-07,Jeans,Fashion,South,Store D,12,1765.82,0,21189.88,5478.9,0,0
2024-03-07,Shoes,Fashion,South,Store E,10,2573.29,10,23159.58,5783.93,0,0
2024-03-07,Coffee Maker,Home Appliances,North,Store C,4,4768.43,20,15258.96,3480.48,0,0
2024-03-07,Mixer Grinder,Home Appliances,South,Store E,10,3542.38,15,30110.25,9081.9,0,0
2024-03-08,Laptop,Electronics,West,Store A,6,58071.68,10,313587.07,91894.42,0,0
2024-03-08,Smartphone,Electronics,North,Store B,6,24571.42,0,147428.5,52181.29,0,0
2024-03-08,Headphones,Electronics,South,Store D,11,2639.19,0,29031.12,7851.14,1,0
2024-03-08,Office Chair,Furniture,North,Store E,8,7255.06,0,58040.52,13304.38,1,0
2024-03-08,Study Table,Furniture,North,Store D,9,12842.8,0,115585.19,36713.56,0,0
2024-03-08,T-Shirt,Fashion,West,Store A,9,825.96,0,7433.62,2904.49,0,0
2024-03-08,Jeans,Fashion,North,Store D,10,1784.82,15,15170.98,3992.45,0,0
2024-03-08,Shoes,Fashion,West,Store C,12,2607.41,0,31288.87,11867.36,0,0
2024-03-08,Coffee Maker,Home Appliances,East,Store A,5,4521.71,0,22608.55,5731.56,1,0
2024-03-08,Mixer Grinder,Home Appliances,South,Store A,5,3509.03,10,15790.62,2242.09,0,0
2024-03-09,Laptop,Electronics,South,Store B,9,59042.39,5,504812.42,178218.38,0,0
2024-03-09,Smartphone,Electronics,East,Store C,10,25254.01,5,239913.06,49164.23,0,0
2024-03-09,Headphones,Electronics,South,Store A,11,2383.1,10,23592.72,5926.36,0,0
2024-03-09,Office Chair,Furniture,South,Store A,6,7433.1,0,44598.61,9512.62,1,0
2024-03-09,Study Table,Furniture,North,Store C,11,11887.97,0,130767.67,36981.95,0,0
2024-03-09,T-Shirt,Fashion,South,Store A,9,839.44,0,7554.94,2661.94,0,0
2024-03-09,Jeans,Fashion,North,Store D,12,1820.64,0,21847.71,5753.0,0,0
2024-03-09,Shoes,Fashion,South,Store C,12,2563.83,5,29227.65,7827.83,0,0
2024-03-09,Coffee Maker,Home Appliances,West,Store A,12,4822.46,5,54976.03,15542.03,1,0
2024-03-09,Mixer Grinder,Home Appliances,South,Store D,7,3368.63,0,23580.38,7631.7,0,0
2024-03-10,Laptop,Electronics,North,Store D,12,58462.76,10,631397.81,176911.83,1,0
2024-03-10,Smartphone,Electronics,North,Store D,15,24974.58,5,355887.72,94505.43,1,0
2024-03-10,Headphones,Electronics,South,Store C,12,2532.13,5,28866.3,6983.15,1,0
2024-03-10,Office Chair,Furniture,North,Store E,9,7887.85,0,70990.63,27320.03,0,0
2024-03-10,Study Table,Furniture,East,Store D,12,11676.64,10,126107.67,26735.86,1,0
2024-03-10,T-Shirt,Fashion,East,Store A,15,851.06,10,11489.33,3902.52,1,0
2024-03-10,Jeans,Fashion,South,Store D,12,1867.09,20,17924.08,2675.91,0,0
2024-03-10,Shoes,Fashion,East,Store D,16,2698.57,5,41018.29,11206.04,1,0
2024-03-10,Coffee Maker,Home Appliances,West,Store B,10,4693.93,0,46939.31,12400.78,0,0
2024-03-10,Mixer Grinder,Home Appliances,North,Store A,15,3749.56,0,56243.35,15873.86,1,0
2024-03-11,Laptop,Electronics,West,Store E,5,56171.75,0,280858.74,106733.14,0,0
2024-03-11,Smartphone,Electronics,North,Store A,7,24034.43,0,168241.0,40266.02,0,0
2024-03-11,Headphones,Electronics,East,Store D,16,2414.58,10,34769.97,6800.38,1,0
2024-03-11,Office Chair,Furniture,North,Store C,6,7396.19,10,39939.43,6344.93,0,0
2024-03-11,Study Table,Furniture,West,Store C,6,12471.41,20,59862.76,15285.24,1,0
2024-03-11,T-Shirt,Fashion,West,Store B,12,855.81,0,10269.74,2836.01,0,0
2024-03-11,Jeans,Fashion,West,Store E,10,1742.15,5,16550.45,4867.5,0,0
2024-03-11,Shoes,Fashion,East,Store D,9,2476.07,10,20056.15,5106.45,0,0
2024-03-11,Coffee Maker,Home Appliances,South,Store B,8,4424.17,5,33623.68,10474.16,1,0
2024-03-11,Mixer Grinder,Home Appliances,South,Store D,4,3758.68,10,13531.26,2615.03,0,0
2024-03-12,Laptop,Electronics,East,Store B,6,54559.93,10,294623.64,75617.42,0,0
2024-03-12,Smartphone,Electronics,North,Store D,19,25961.69,5,468608.53,177699.26,0,0
2024-03-12,Headphones,Electronics,North,Store D,8,2483.86,5,18877.37,4535.12,1,0
2024-03-12,Office Chair,Furniture,North,Store B,3,7228.4,10,19516.68,5589.08,1,0
2024-03-12,Study Table,Furniture,South,Store C,10,11737.79,10,105640.15,26443.38,1,0
2024-03-12,T-Shirt,Fashion,North,Store B,11,849.38,5,8876.0,3268.8,0,0
2024-03-12,Jeans,Fashion,North,Store D,6,1840.3,0,11041.78,3817.33,0,0
2024-03-12,Shoes,Fashion,North,Store A,12,2540.35,0,30484.17,11838.55,0,0
2024-03-12,Coffee Maker,Home Appliances,East,Store A,6,4710.64,20,22611.07,3417.51,0,0
2024-03-12,Mixer Grinder,Home Appliances,West,Store E,5,3662.76,5,17398.13,6748.3,0,0
2024-03-13,Laptop,Electronics,West,Store D,6,58287.43,15,297265.89,62150.2,0,0
2024-03-13,Smartphone,Electronics,South,Store A,11,24415.91,10,241717.51,53195.92,0,0
2024-03-13,Headphones,Electronics,East,Store A,12,2563.77,15,26150.48,5477.32,0,0
2024-03-13,Office Chair,Furniture,East,Store B,6,7669.34,0,46016.06,15674.46,0,0
2024-03-13,Study Table,Furniture,North,Store A,7,12424.17,0,86969.21,36162.73,0,0
2024-03-13,T-Shirt,Fashion,West,Store E,14,809.42,15,9632.1,1602.5,1,0
2024-03-13,Jeans,Fashion,East,Store C,14,1836.53,0,25711.45,9403.73,0,0
2024-03-13,Shoes,Fashion,South,Store B,15,2416.47,15,30809.95,3600.38,0,0
2024-03-13,Coffee Maker,Home Appliances,South,Store D,6,4329.05,0,25974.31,9621.56,0,0
2024-03-13,Mixer Grinder,Home Appliances,North,Store D,7,3509.94,10,22112.62,3192.87,0,0
2024-03-14,Laptop,Electronics,South,Store B,7,53877.21,5,358283.47,125853.44,0,0
2024-03-14,Smartphone,Electronics,North,Store D,16,26833.12,5,407863.44,155697.62,1,0
2024-03-14,Headphones,Electronics,North,Store E,14,2573.29,0,36026.12,11399.17,0,0
2024-03-14,Office Chair,Furniture,South,Store D,12,7570.26,10,81758.85,21629.68,1,0
2024-03-14,Study Table,Furniture,East,Store C,6,12816.24,5,73052.55,20005.77,0,0
2024-03-14,T-Shirt,Fashion,South,Store D,10,796.7,10,7170.31,1670.65,0,0
2024-03-14,Jeans,Fashion,West,Store A,12,1714.82,5,19548.91,3284.31,0,0
2024-03-14,Shoes,Fashion,West,Store E,9,2400.19,10,19441.51,5770.94,0,0
2024-03-14,Coffee Maker,Home Appliances,East,Store C,11,4292.05,0,47212.55,9112.37,0,0
2024-03-14,Mixer Grinder,Home Appliances,West,Store B,2,3434.77,0,6869.53,1664.83,0,0
2024-03-15,Laptop,Electronics,East,Store B,6,57241.82,20,274760.71,52330.33,0,0
2024-03-15,Smartphone,Electronics,West,Store E,10,24911.82,0,249118.22,58120.33,0,0
2024-03-15,Headphones,Electronics,South,Store D,11,2664.51,5,27844.1,8433.99,0,0
2024-03-15,Office Chair,Furniture,South,Store E,7,7456.75,0,52197.26,19470.18,0,0
2024-03-15,Study Table,Furniture,East,Store A,6,12406.58,20,59551.58,15659.96,0,0
2024-03-15,T-Shirt,Fashion,North,Store C,16,840.82,20,10762.52,1399.56,1,0
2024-03-15,Jeans,Fashion,East,Store A,12,1751.34,15,17863.72,4277.44,1,0
2024-03-15,Shoes,Fashion,South,Store D,6,2423.23,15,12358.45,1457.86,0,0
2024-03-15,Coffee Maker,Home Appliances,North,Store B,5,4715.33,15,20040.16,4625.39,0,0
2024-03-15,Mixer Grinder,Home Appliances,South,Store A,6,3670.83,5,20923.71,7943.65,0,0
2024-03-16,Laptop,Electronics,East,Store B,11,57018.19,0,627200.13,178055.99,1,0
2024-03-16,Smartphone,Electronics,East,Store D,17,24961.76,5,403132.43,112861.56,0,0
2024-03-16,Headphones,Electronics,West,Store B,11,2698.37,0,29682.08,9107.56,0,0
2024-03-16,Office Chair,Furniture,South,Store E,6,7621.11,0,45726.63,11445.3,0,0
2024-03-16,Study Table,Furniture,West,Store B,7,11971.29,0,83799.04,25557.96,0,0
2024-03-16,T-Shirt,Fashion,North,Store C,15,786.87,10,10622.7,2146.53,0,0
2024-03-16,Jeans,Fashion,North,Store D,7,1878.43,0,13149.01,3506.33,0,0
2024-03-16,Shoes,Fashion,West,Store C,19,2638.27,15,42608.13,12824.82,0,0
2024-03-16,Coffee Maker,Home Appliances,South,Store C,10,4737.46,5,45005.82,12615.89,0,0
2024-03-16,Mixer Grinder,Home Appliances,East,Store C,16,3483.61,5,52950.84,18839.15,1,0
2024-03-17,Laptop,Electronics,South,Store A,17,53119.24,15,767572.96,171142.25,0,0
2024-03-17,Smartphone,Electronics,South,Store A,11,25272.95,5,264102.28,56488.81,1,0
2024-03-17,Headphones,Electronics,East,Store C,9,2534.28,10,20527.66,3177.22,0,0
2024-03-17,Office Chair,Furniture,East,Store D,11,7620.17,0,83821.92,29621.93,0,0
2024-03-17,Study Table,Furniture,East,Store C,7,11578.38,0,81048.63,17936.93,0,0
2024-03-17,T-Shirt,Fashion,East,Store D,15,796.47,0,11947.0,3916.37,0,0
2024-03-17,Jeans,Fashion,South,Store B,7,1916.38,5,12743.94,3259.97,0,0
2024-03-17,Shoes,Fashion,West,Store C,15,2594.62,5,36973.28,8746.04,1,0
2024-03-17,Coffee Maker,Home Appliances,North,Store C,5,4652.13,5,22097.64,6547.5,0,0
2024-03-17,Mixer Grinder,Home Appliances,East,Store A,13,3726.57,20,38756.36,10281.17,1,0
2024-03-18,Laptop,Electronics,East,Store C,9,55387.2,10,448636.35,95168.52,0,0
2024-03-18,Smartphone,Electronics,South,Store E,8,24820.71,5,188637.39,68460.4,1,0
2024-03-18,Headphones,Electronics,North,Store D,6,2408.61,0,14451.65,4137.2,0,0
2024-03-18,Office Chair,Furniture,West,Store E,11,7383.43,15,69035.12,15877.1,0,0
2024-03-18,Study Table,Furniture,North,Store D,5,11822.14,10,53199.61,15221.5,0,0
2024-03-18,T-Shirt,Fashion,North,Store A,11,856.75,0,9424.24,4135.36,0,0
2024-03-18,Jeans,Fashion,East,Store C,12,1929.01,0,23148.17,10091.28,0,0
2024-03-18,Shoes,Fashion,South,Store A,23,2667.26,5,58279.58,14963.86,1,0
2024-03-18,Coffee Maker,Home Appliances,West,Store A,4,4319.57,10,15550.43,4361.12,0,0
2024-03-18,Mixer Grinder,Home Appliances,West,Store D,10,3717.68,20,29741.4,7533.04,0,0
2024-03-19,Laptop,Electronics,South,Store C,8,52354.84,0,418838.72,85506.75,1,0
2024-03-19,Smartphone,Electronics,North,Store C,10,23975.25,10,215777.28,50814.91,1,0
2024-03-19,Headphones,Electronics,North,Store A,7,2650.13,10,16695.81,6163.55,0,0
2024-03-19,Office Chair,Furniture,East,Store E,7,7737.15,0,54160.07,19470.06,1,0
2024-03-19,Study Table,Furniture,North,Store C,6,11873.92,15,60557.01,15837.95,0,0
2024-03-19,T-Shirt,Fashion,North,Store A,15,801.53,0,12022.96,3089.75,1,0
2024-03-19,Jeans,Fashion,West,Store A,7,1937.4,0,13561.79,4035.6,1,0
2024-03-19,Shoes,Fashion,West,Store C,9,2610.93,10,21148.55,4338.66,0,0
2024-03-19,Coffee Maker,Home Appliances,West,Store E,10,4745.84,0,47458.4,15262.27,1,0
2024-03-19,Mixer Grinder,Home Appliances,East,Store D,3,3350.53,15,8543.85,1552.09,0,0
2024-03-20,Laptop,Electronics,North,Store A,7,58290.86,0,408036.04,157162.7,0,0
2024-03-20,Smartphone,Electronics,North,Store E,13,26225.01,5,323878.82,107778.93,0,0
2024-03-20,Headphones,Electronics,East,Store B,8,2509.81,15,17066.68,3155.84,0,0
2024-03-20,Office Chair,Furniture,West,Store B,9,7143.7,0,64293.26,19226.91,1,0
2024-03-20,Study Table,Furniture,West,Store D,10,11743.16,0,117431.58,35270.47,0,0
2024-03-20,T-Shirt,Fashion,West,Store D,14,812.08,5,10800.65,2452.76,0,0
2024-03-20,Jeans,Fashion,West,Store B,22,1941.16,10,38434.89,11769.05,1,0
2024-03-20,Shoes,Fashion,South,Store C,15,2607.33,5,37154.41,14487.78,1,0
2024-03-20,Coffee Maker,Home Appliances,West,Store B,13,4827.2,15,53340.58,14237.01,0,0
2024-03-20,Mixer Grinder,Home Appliances,North,Store B,10,3379.91,15,28729.26,4206.03,0,0
2024-03-21,Laptop,Electronics,North,Store D,13,56272.21,10,658384.9,110174.18,1,0
2024-03-21,Smartphone,Electronics,North,Store A,4,25361.69,0,101446.75,35511.88,0,0
2024-03-21,Headphones,Electronics,South,Store B,6,2622.01,15,13372.24,2573.97,0,0
2024-03-21,Office Chair,Furniture,East,Store C,9,7466.96,5,63842.52,16544.95,1,0
2024-03-21,Study Table,Furniture,East,Store E,7,12137.92,20,67972.38,13022.22,1,0
2024-03-21,T-Shirt,Fashion,South,Store D,9,846.26,0,7616.38,2294.15,1,0
2024-03-21,Jeans,Fashion,South,Store B,10,1834.3,20,14674.44,679.24,0,0
2024-03-21,Shoes,Fashion,East,Store E,14,2573.27,5,34224.56,7614.15,0,0
2024-03-21,Coffee Maker,Home Appliances,West,Store E,9,4301.98,10,34846.02,9065.45,1,0
2024-03-21,Mixer Grinder,Home Appliances,West,Store A,7,3350.15,5,22278.48,5269.24,0,0
2024-03-22,Laptop,Electronics,East,Store B,1,54056.16,15,45947.73,12143.57,0,0
2024-03-22,Smartphone,Electronics,South,Store E,8,24561.85,5,186670.05,61126.73,0,0
2024-03-22,Headphones,Electronics,South,Store E,6,2444.26,20,11732.43,553.81,0,0
2024-03-22,Office Chair,Furniture,West,Store A,4,7600.92,10,27363.33,7012.05,0,0
2024-03-22,Study Table,Furniture,East,Store C,11,12410.37,0,136514.04,34633.12,0,0
2024-03-22,T-Shirt,Fashion,South,Store E,11,835.24,10,8268.9,2722.36,0,0
2024-03-22,Jeans,Fashion,South,Store B,6,1744.47,5,9943.48,3411.72,0,0
2024-03-22,Shoes,Fashion,South,Store B,9,2409.46,10,19516.63,4986.91,0,0
2024-03-22,Coffee Maker,Home Appliances,East,Store B,6,4382.23,0,26293.4,5520.53,0,0
2024-03-22,Mixer Grinder,Home Appliances,East,Store D,12,3538.17,5,40335.12,9651.08,1,0
2024-03-23,Laptop,Electronics,South,Store E,13,53074.59,5,655471.24,121589.23,0,0
2024-03-23,Smartphone,Electronics,East,Store A,8,26338.07,20,168563.64,15932.8,0,0
2024-03-23,Headphones,Electronics,West,Store E,8,2580.27,20,16513.7,4389.9,0,0
2024-03-23,Office Chair,Furniture,East,Store A,8,7373.51,5,56038.64,9673.08,0,0
2024-03-23,Study Table,Furniture,East,Store D,5,11456.27,5,54417.3,14076.55,0,0
2024-03-23,T-Shirt,Fashion,South,Store B,13,767.51,5,9478.72,2061.53,0,0
2024-03-23,Jeans,Fashion,West,Store B,14,1733.7,20,19417.43,2044.34,1,0
2024-03-23,Shoes,Fashion,East,Store A,15,2602.17,15,33177.66,8658.35,0,0
2024-03-23,Coffee Maker,Home Appliances,South,Store C,14,4401.76,0,61624.59,20488.99,1,0
2024-03-23,Mixer Grinder,Home Appliances,East,Store D,9,3576.61,0,32189.53,11670.86,1,0
2024-03-24,Laptop,Electronics,South,Store A,14,54243.77,0,759412.75,290676.16,0,0
2024-03-24,Smartphone,Electronics,South,Store C,9,26823.41,10,217269.62,66283.89,0,0
2024-03-24,Headphones,Electronics,South,Store E,9,2594.14,15,19845.19,4170.65,0,0
2024-03-24,Office Chair,Furniture,West,Store A,8,7421.52,10,53434.97,7293.44,0,0
2024-03-24,Study Table,Furniture,East,Store B,6,12039.47,5,68624.97,24597.44,0,0
2024-03-24,T-Shirt,Fashion,East,Store B,11,790.83,5,8264.18,1493.1,0,0
2024-03-24,Jeans,Fashion,West,Store E,12,1912.98,0,22955.74,9474.93,0,0
2024-03-24,Shoes,Fashion,North,Store E,15,2490.12,5,35484.22,12056.65,0,0
2024-03-24,Coffee Maker,Home Appliances,West,Store A,6,4503.82,0,27022.9,8443.77,0,0
2024-03-24,Mixer Grinder,Home Appliances,West,Store A,14,3457.93,5,45990.53,8844.0,0,0
2024-03-25,Laptop,Electronics,North,Store D,16,59034.39,10,850095.2,301607.56,1,0
2024-03-25,Smartphone,Electronics,North,Store C,8,24079.84,10,173374.82,22389.5,0,0
2024-03-25,Headphones,Electronics,North,Store E,8,2443.16,5,18568.04,3641.39,0,0
2024-03-25,Office Chair,Furniture,East,Store C,12,7627.13,10,82372.97,12466.27,1,0
2024-03-25,Study Table,Furniture,West,Store D,5,12959.49,5,61557.57,16169.17,0,0
2024-03-25,T-Shirt,Fashion,South,Store A,6,764.72,5,4358.92,1339.27,0,0
2024-03-25,Jeans,Fashion,North,Store B,9,1824.19,15,13955.04,3190.53,1,0
2024-03-25,Shoes,Fashion,North,Store D,14,2425.66,5,32261.24,9328.22,0,0
2024-03-25,Coffee Maker,Home Appliances,South,Store A,7,4850.54,0,33953.79,10597.3,0,0
2024-03-25,Mixer Grinder,Home Appliances,West,Store D,10,3684.44,10,33159.92,11502.96,0,0
2024-03-26,Laptop,Electronics,South,Store C,7,52704.1,10,332035.84,49302.64,1,0
2024-03-26,Smartphone,Electronics,South,Store E,8,24296.5,0,194372.0,42494.06,0,0
2024-03-26,Headphones,Electronics,West,Store D,8,2662.66,15,18106.12,3891.27,0,0
2024-03-26,Office Chair,Furniture,North,Store C,5,7962.93,0,39814.65,14863.18,1,0
2024-03-26,Study Table,Furniture,West,Store C,4,11758.65,15,39979.41,7175.08,0,0
2024-03-26,T-Shirt,Fashion,South,Store E,16,831.56,10,11974.52,2949.01,1,0
2024-03-26,Jeans,Fashion,South,Store A,11,1911.51,0,21026.59,6070.12,0,0
2024-03-26,Shoes,Fashion,South,Store C,1,2490.97,0,2490.97,906.82,0,0
2024-03-26,Coffee Maker,Home Appliances,East,Store B,8,4474.56,5,34006.62,7580.07,0,0
2024-03-26,Mixer Grinder,Home Appliances,West,Store C,8,3364.8,5,25572.46,7073.7,1,0
2024-03-27,Laptop,Electronics,East,Store E,12,54094.51,5,616677.46,193992.4,0,0
2024-03-27,Smartphone,Electronics,North,Store E,12,24606.35,0,295276.22,62817.64,1,0
2024-03-27,Headphones,Electronics,South,Store C,7,2534.7,0,17742.91,4326.91,1,0
2024-03-27,Office Chair,Furniture,South,Store D,8,7785.68,15,52942.62,9905.77,0,0
2024-03-27,Study Table,Furniture,South,Store A,7,12787.45,0,89512.16,36679.42,1,0
2024-03-27,T-Shirt,Fashion,East,Store B,10,827.46,15,7033.42,1722.4,0,0
2024-03-27,Jeans,Fashion,West,Store D,8,1902.55,10,13698.36,4634.05,0,0
2024-03-27,Shoes,Fashion,North,Store E,14,2607.53,0,36505.38,13428.25,0,0
2024-03-27,Coffee Maker,Home Appliances,West,Store A,7,4743.44,20,26563.24,6410.11,0,0
2024-03-27,Mixer Grinder,Home Appliances,West,Store B,11,3711.68,10,36745.62,10766.45,1,0
2024-03-28,Laptop,Electronics,North,Store E,6,54746.06,5,312052.55,112270.49,0,0
2024-03-28,Smartphone,Electronics,North,Store A,9,26475.52,5,226365.73,65087.78,0,0
2024-03-28,Headphones,Electronics,North,Store D,13,2696.01,0,35048.19,15134.15,1,0
2024-03-28,Office Chair,Furniture,South,Store E,11,7995.48,0,87950.32,27357.29,1,0
2024-03-28,Study Table,Furniture,East,Store C,11,12819.01,10,126908.2,44826.22,1,0
2024-03-28,T-Shirt,Fashion,North,Store A,10,800.74,10,7206.67,1596.84,0,0
2024-03-28,Jeans,Fashion,East,Store A,12,1782.75,5,20323.38,5429.27,1,0
2024-03-28,Shoes,Fashion,South,Store B,9,2637.51,5,22550.69,7622.78,0,0
2024-03-28,Coffee Maker,Home Appliances,South,Store A,5,4852.32,5,23048.52,8853.9,0,0
2024-03-28,Mixer Grinder,Home Appliances,North,Store A,6,3423.01,5,19511.16,6516.76,0,0
2024-03-29,Laptop,Electronics,West,Store E,11,57890.11,10,573112.11,120377.22,0,0
2024-03-29,Smartphone,Electronics,East,Store A,9,26753.74,0,240783.64,88455.91,1,0
2024-03-29,Headphones,Electronics,North,Store A,9,2466.93,0,22202.4,6635.68,1,0
2024-03-29,Office Chair,Furniture,South,Store E,11,7871.14,10,77924.32,15286.86,0,0
2024-03-29,Study Table,Furniture,West,Store E,5,11854.96,5,56311.05,17795.73,1,0
2024-03-29,T-Shirt,Fashion,North,Store E,11,792.33,5,8279.89,2104.23,0,0
2024-03-29,Jeans,Fashion,North,Store B,8,1856.66,5,14110.65,3846.62,0,0
2024-03-29,Shoes,Fashion,North,Store C,7,2508.2,0,17557.37,6097.46,0,0
2024-03-29,Coffee Maker,Home Appliances,West,Store D,4,4714.72,0,18858.87,7045.36,0,0
2024-03-29,Mixer Grinder,Home Appliances,East,Store A,7,3587.14,0,25110.0,9061.09,1,0
2024-03-30,Laptop,Electronics,North,Store E,13,56223.01,20,584719.27,80366.14,0,0
2024-03-30,Smartphone,Electronics,East,Store C,10,26359.54,0,263595.4,91497.01,0,0
2024-03-30,Headphones,Electronics,East,Store D,7,2533.6,0,17735.23,5946.15,0,0
2024-03-30,Office Chair,Furniture,South,Store E,9,7365.87,0,66292.79,18886.83,1,0
2024-03-30,Study Table,Furniture,North,Store E,7,12852.88,10,80973.12,27062.09,0,0
2024-03-30,T-Shirt,Fashion,East,Store B,15,783.05,5,11158.46,1825.54,1,0
2024-03-30,Jeans,Fashion,East,Store B,13,1914.13,20,19906.96,4576.32,0,0
2024-03-30,Shoes,Fashion,East,Store B,11,2509.74,0,27607.1,10768.4,0,0
2024-03-30,Coffee Maker,Home Appliances,South,Store D,8,4441.51,5,33755.5,10861.86,0,0
2024-03-30,Mixer Grinder,Home Appliances,West,Store E,6,3592.02,15,18319.32,3413.05,0,0
2024-03-31,Laptop,Electronics,East,Store E,17,57162.99,5,923182.24,301409.29,1,0
2024-03-31,Smartphone,Electronics,North,Store D,17,25779.68,0,438254.61,116739.19,1,0
2024-03-31,Headphones,Electronics,North,Store D,11,2428.83,20,21373.69,200.23,1,0
2024-03-31,Office Chair,Furniture,South,Store D,6,7697.42,0,46184.55,17796.04,0,0
2024-03-31,Study Table,Furniture,North,Store C,11,11857.93,0,130437.22,47872.39,0,0
2024-03-31,T-Shirt,Fashion,South,Store D,11,780.99,5,8161.32,2709.19,0,0
2024-03-31,Jeans,Fashion,West,Store C,8,1881.64,0,15053.13,5209.93,0,0
2024-03-31,Shoes,Fashion,West,Store E,16,2647.6,0,42361.62,14876.24,0,0
2024-03-31,Coffee Maker,Home Appliances,North,Store A,20,4601.25,0,92024.95,29770.69,1,0
2024-03-31,Mixer Grinder,Home Appliances,West,Store D,5,3729.92,0,18649.61,7727.63,0,0
2024-04-01,Laptop,Electronics,East,Store C,9,57434.17,15,439371.4,111929.78,0,0
2024-04-01,Smartphone,Electronics,East,Store A,5,24692.33,0,123461.64,40673.76,0,0
2024-04-01,Headphones,Electronics,South,Store A,5,2602.3,5,12360.94,4036.29,0,0
2024-04-01,Office Chair,Furniture,East,Store D,6,7205.66,0,43233.95,14771.94,0,0
2024-04-01,Study Table,Furniture,West,Store B,8,11792.88,0,94343.03,23766.06,0,0
2024-04-01,T-Shirt,Fashion,South,Store C,9,859.72,5,7350.64,1894.19,0,0
2024-04-01,Jeans,Fashion,North,Store B,10,1900.38,0,19003.83,6416.53,0,0
2024-04-01,Shoes,Fashion,East,Store A,15,2636.96,0,39554.46,11928.27,1,0
2024-04-01,Coffee Maker,Home Appliances,South,Store A,10,4814.13,10,43327.15,12306.23,1,0
2024-04-01,Mixer Grinder,Home Appliances,South,Store D,8,3683.02,5,27990.98,8075.17,0,0
2024-04-02,Laptop,Electronics,West,Store B,10,56880.34,5,540363.18,191400.27,0,0
2024-04-02,Smartphone,Electronics,North,Store D,11,23965.41,5,250438.57,50009.79,0,0
2024-04-02,Headphones,Electronics,North,Store D,16,2611.15,0,41778.35,15931.41,1,0
2024-04-02,Office Chair,Furniture,North,Store D,11,7554.82,0,83102.99,21580.57,1,0
2024-04-02,Study Table,Furniture,South,Store A,7,11451.84,10,72146.6,21042.56,0,0
2024-04-02,T-Shirt,Fashion,West,Store E,7,853.7,10,5378.3,1902.01,0,0
2024-04-02,Jeans,Fashion,North,Store A,18,1745.94,5,29855.49,8215.43,1,0
2024-04-02,Shoes,Fashion,East,Store A,12,2427.35,0,29128.2,11096.8,0,0
2024-04-02,Coffee Maker,Home Appliances,North,Store D,10,4467.65,20,35741.18,6987.92,1,0
2024-04-02,Mixer Grinder,Home Appliances,East,Store B,7,3401.56,0,23810.9,5226.33,0,0
2024-04-03,Laptop,Electronics,East,Store C,7,58322.5,0,408257.51,176017.95,1,0
2024-04-03,Smartphone,Electronics,East,Store D,3,25933.97,10,70021.73,11930.81,0,0
2024-04-03,Headphones,Electronics,West,Store C,10,2663.56,5,25303.8,10234.93,0,0
2024-04-03,Office Chair,Furniture,North,Store D,9,7561.48,10,61248.0,11517.05,1,0
2024-04-03,Study Table,Furniture,East,Store D,6,12953.96,5,73837.6,22167.08,0,0
2024-04-03,T-Shirt,Fashion,North,Store D,10,794.83,10,7153.49,1283.31,0,0
2024-04-03,Jeans,Fashion,South,Store D,12,1932.69,5,22032.72,7101.5,0,0
2024-04-03,Shoes,Fashion,East,Store B,9,2503.34,5,21403.56,4585.09,0,0
2024-04-03,Coffee Maker,Home Appliances,East,Store E,3,4462.4,0,13387.2,3416.82,0,0
2024-04-03,Mixer Grinder,Home Appliances,North,Store B,10,3470.55,5,32970.21,9845.34,1,0
2024-04-04,Laptop,Electronics,West,Store B,14,58498.59,10,737082.25,268786.5,0,0
2024-04-04,Smartphone,Electronics,South,Store A,10,24854.94,20,198839.51,16722.64,0,0
2024-04-04,Headphones,Electronics,West,Store E,7,2572.23,5,17105.31,4168.16,0,0
2024-04-04,Office Chair,Furniture,East,Store B,10,8024.03,0,80240.3,32387.58,1,0
2024-04-04,Study Table,Furniture,South,Store D,9,12425.43,0,111828.89,41418.46,0,0
2024-04-04,T-Shirt,Fashion,East,Store C,5,827.64,15,3517.49,478.01,0,0
2024-04-04,Jeans,Fashion,North,Store B,7,1843.93,15,10971.36,3168.14,0,0
2024-04-04,Shoes,Fashion,East,Store A,11,2429.17,0,26720.84,8304.53,0,0
2024-04-04,Coffee Maker,Home Appliances,North,Store C,5,4782.82,10,21522.71,4068.85,0,0
2024-04-04,Mixer Grinder,Home Appliances,West,Store A,8,3625.61,0,29004.85,8263.75,1,0
2024-04-05,Laptop,Electronics,East,Store B,12,58204.27,5,663528.65,202653.94,0,0
2024-04-05,Smartphone,Electronics,East,Store D,5,26977.48,10,121398.67,40855.64,0,0
2024-04-05,Headphones,Electronics,West,Store A,12,2507.41,0,30088.98,9282.14,1,0
2024-04-05,Office Chair,Furniture,East,Store A,8,7536.73,15,51249.8,7483.91,0,0
2024-04-05,Study Table,Furniture,West,Store B,7,12787.31,0,89511.17,36103.5,0,0
2024-04-05,T-Shirt,Fashion,North,Store C,19,822.45,15,13282.52,3950.2,1,0
2024-04-05,Jeans,Fashion,West,Store E,15,1850.01,5,26362.67,6083.33,1,0
2024-04-05,Shoes,Fashion,West,Store D,9,2542.62,10,20595.26,6127.11,0,0
2024-04-05,Coffee Maker,Home Appliances,South,Store D,9,4687.02,10,37964.84,12834.23,0,0
2024-04-05,Mixer Grinder,Home Appliances,North,Store B,5,3377.56,5,16043.42,5147.6,1,0
2024-04-06,Laptop,Electronics,South,Store B,9,59182.17,10,479375.54,171716.5,0,0
2024-04-06,Smartphone,Electronics,North,Store E,10,25305.14,0,253051.41,67619.41,0,0
2024-04-06,Headphones,Electronics,East,Store B,5,2419.72,0,12098.58,4597.86,0,0
2024-04-06,Office Chair,Furniture,East,Store B,14,7499.8,0,104997.22,25642.48,1,0
2024-04-06,Study Table,Furniture,North,Store B,6,11941.0,15,60899.09,9134.46,0,0
2024-04-06,T-Shirt,Fashion,West,Store C,12,817.01,10,8823.7,2369.35,0,0
2024-04-06,Jeans,Fashion,East,Store C,10,1860.69,10,16746.2,4989.33,0,0
2024-04-06,Shoes,Fashion,North,Store B,7,2558.94,5,17016.92,5941.53,0,0
2024-04-06,Coffee Maker,Home Appliances,North,Store D,14,4277.23,5,56887.17,18067.0,1,0
2024-04-06,Mixer Grinder,Home Appliances,East,Store D,12,3592.15,10,38795.2,9816.25,1,0
2024-04-07,Laptop,Electronics,West,Store C,11,56940.59,0,626346.47,251037.8,0,0
2024-04-07,Smartphone,Electronics,West,Store E,15,25320.74,10,341829.96,55677.8,1,0
2024-04-07,Headphones,Electronics,West,Store C,16,2471.06,0,39536.89,9287.86,1,0
2024-04-07,Office Chair,Furniture,South,Store A,10,7358.18,5,69902.68,17645.68,0,0
2024-04-07,Study Table,Furniture,North,Store C,16,12336.11,5,187508.86,41601.4,1,0
2024-04-07,T-Shirt,Fashion,South,Store A,13,806.2,10,9432.49,1836.75,0,0
2024-04-07,Jeans,Fashion,East,Store D,10,1898.06,0,18980.62,5676.65,0,0
2024-04-07,Shoes,Fashion,West,Store C,17,2378.21,0,40429.62,11669.0,1,0
2024-04-07,Coffee Maker,Home Appliances,North,Store C,7,4624.63,0,32372.43,8396.28,0,0
2024-04-07,Mixer Grinder,Home Appliances,West,Store A,15,3503.04,0,52545.57,19025.74,1,0
2024-04-08,Laptop,Electronics,West,Store C,8,53121.98,0,424975.87,124628.57,0,0
2024-04-08,Smartphone,Electronics,North,Store E,7,25071.03,10,157947.47,45686.68,0,0
2024-04-08,Headphones,Electronics,East,Store E,9,2670.37,10,21629.97,6662.76,0,0
2024-04-08,Office Chair,Furniture,South,Store C,3,7408.74,0,22226.21,6394.88,0,0
2024-04-08,Study Table,Furniture,West,Store A,6,12458.52,0,74751.14,29458.69,0,0
2024-04-08,T-Shirt,Fashion,South,Store C,14,856.93,20,9597.61,875.43,0,0
2024-04-08,Jeans,Fashion,East,Store E,9,1782.37,0,16041.31,5960.84,0,0
2024-04-08,Shoes,Fashion,North,Store E,7,2685.99,5,17861.82,5900.15,1,0
2024-04-08,Coffee Maker,Home Appliances,North,Store C,8,4523.78,15,30761.67,4244.49,0,0
2024-04-08,Mixer Grinder,Home Appliances,South,Store D,8,3713.21,15,25249.86,5633.37,0,0
2024-04-09,Laptop,Electronics,West,Store C,17,55182.86,0,938108.62,237098.29,1,0
2024-04-09,Smartphone,Electronics,West,Store E,9,24816.39,10,201012.76,41214.63,0,0
2024-04-09,Headphones,Electronics,East,Store A,11,2683.59,0,29519.44,12497.36,0,0
2024-04-09,Office Chair,Furniture,West,Store C,6,7818.02,10,42217.31,11998.01,0,0
2024-04-09,Study Table,Furniture,North,Store E,6,12549.51,5,71532.19,24882.48,0,0
2024-04-09,T-Shirt,Fashion,North,Store B,8,837.23,10,6028.07,1139.09,0,0
2024-04-09,Jeans,Fashion,North,Store C,18,1717.11,0,30907.92,6618.76,1,0
2024-04-09,Shoes,Fashion,North,Store B,13,2591.06,0,33683.73,10720.64,0,0
2024-04-09,Coffee Maker,Home Appliances,East,Store D,9,4386.78,15,33558.87,5919.77,0,0
2024-04-09,Mixer Grinder,Home Appliances,West,Store E,5,3328.16,10,14976.7,1996.85,1,0
2024-04-10,Laptop,Electronics,West,Store A,9,58449.39,15,447137.84,68845.59,0,0
2024-04-10,Smartphone,Electronics,North,Store D,9,24855.61,0,223700.48,78391.66,0,0
2024-04-10,Headphones,Electronics,North,Store D,16,2627.49,0,42039.88,10948.88,1,0
2024-04-10,Office Chair,Furniture,West,Store E,8,7968.06,0,63744.5,24042.82,0,0
2024-04-10,Study Table,Furniture,South,Store B,7,11639.49,10,73328.79,13700.14,0,0
2024-04-10,T-Shirt,Fashion,East,Store E,6,836.49,0,5018.94,2087.54,0,0
2024-04-10,Jeans,Fashion,South,Store D,12,1895.61,5,21609.97,5990.5,1,0
2024-04-10,Shoes,Fashion,West,Store C,6,2597.77,15,13248.63,3764.26,0,0
2024-04-10,Coffee Maker,Home Appliances,West,Store B,13,4415.45,10,51660.73,9395.62,1,0
2024-04-10,Mixer Grinder,Home Appliances,North,Store A,9,3541.01,0,31869.06,9039.5,0,0
2024-04-11,Laptop,Electronics,West,Store A,14,54091.88,0,757286.28,263872.23,0,0
2024-04-11,Smartphone,Electronics,South,Store E,8,24346.13,0,194769.06,50116.53,0,0
2024-04-11,Headphones,Electronics,North,Store C,13,2598.78,0,33784.13,12403.68,1,0
2024-04-11,Office Chair,Furniture,West,Store C,5,7384.69,5,35077.27,7118.35,0,0
2024-04-11,Study Table,Furniture,West,Store D,8,12687.79,5,96427.18,38201.0,0,0
2024-04-11,T-Shirt,Fashion,East,Store E,9,855.02,5,7310.39,2357.5,0,0
2024-04-11,Jeans,Fashion,North,Store D,8,1864.5,15,12678.62,1808.95,0,0
2024-04-11,Shoes,Fashion,South,Store C,19,2549.38,5,46016.3,13003.02,1,0
2024-04-11,Coffee Maker,Home Appliances,East,Store D,8,4706.98,5,35773.08,12033.95,1,0
2024-04-11,Mixer Grinder,Home Appliances,North,Store E,12,3629.27,5,41373.68,15853.47,0,0
2024-04-12,Laptop,Electronics,East,Store C,11,53652.81,0,590180.87,161615.6,1,0
2024-04-12,Smartphone,Electronics,North,Store C,3,25536.98,15,65119.29,8401.2,0,0
2024-04-12,Headphones,Electronics,South,Store D,18,2522.62,0,45407.09,16954.98,1,0
2024-04-12,Office Chair,Furniture,West,Store B,4,7424.06,10,26726.61,4956.83,0,0
2024-04-12,Study Table,Furniture,North,Store C,9,11595.9,10,93926.77,20994.19,0,0
2024-04-12,T-Shirt,Fashion,East,Store B,20,777.2,20,12435.16,2201.75,1,0
2024-04-12,Jeans,Fashion,North,Store A,11,1792.82,10,17748.94,2542.65,0,0
2024-04-12,Shoes,Fashion,North,Store A,11,2476.19,5,25876.19,8654.51,0,0
2024-04-12,Coffee Maker,Home Appliances,East,Store B,9,4704.38,0,42339.43,16037.12,0,0
2024-04-12,Mixer Grinder,Home Appliances,North,Store E,3,3350.58,0,10051.73,3245.61,0,0
2024-04-13,Laptop,Electronics,North,Store D,10,53650.43,10,482853.88,62369.32,0,0
2024-04-13,Smartphone,Electronics,South,Store A,10,25822.36,15,219490.05,34936.73,0,0
2024-04-13,Headphones,Electronics,North,Store C,13,2378.41,10,27827.45,6508.65,0,0
2024-04-13,Office Chair,Furniture,South,Store E,6,7581.6,0,45489.61,11814.19,0,0
2024-04-13,Study Table,Furniture,North,Store E,6,12313.58,15,62799.23,7901.57,0,0
2024-04-13,T-Shirt,Fashion,North,Store B,15,807.66,20,9691.98,1704.24,0,0
2024-04-13,Jeans,Fashion,West,Store D,10,1790.55,20,14324.41,1237.87,0,0
2024-04-13,Shoes,Fashion,South,Store C,15,2613.16,10,35277.68,10462.29,0,0
2024-04-13,Coffee Maker,Home Appliances,North,Store C,8,4574.81,5,34768.52,7997.97,0,0
2024-04-13,Mixer Grinder,Home Appliances,North,Store C,9,3649.28,5,31201.33,11080.43,0,0
2024-04-14,Laptop,Electronics,North,Store D,8,57677.47,0,461419.72,177579.18,0,0
2024-04-14,Smartphone,Electronics,North,Store B,11,25494.95,15,238377.82,70145.94,0,0
2024-04-14,Headphones,Electronics,North,Store A,10,2412.05,5,22914.51,3776.75,1,0
2024-04-14,Office Chair,Furniture,East,Store D,6,7465.95,0,44795.7,12627.65,0,0
2024-04-14,Study Table,Furniture,North,Store D,10,12536.41,10,112827.72,27244.78,0,0
2024-04-14,T-Shirt,Fashion,West,Store D,14,800.09,10,10081.14,1571.79,0,0
2024-04-14,Jeans,Fashion,West,Store A,13,1928.28,5,23814.31,9230.13,0,0
2024-04-14,Shoes,Fashion,North,Store A,20,2448.48,5,46521.13,12671.6,1,0
2024-04-14,Coffee Maker,Home Appliances,East,Store A,10,4299.87,20,34398.97,5925.46,0,0
2024-04-14,Mixer Grinder,Home Appliances,North,Store A,17,3392.42,10,51904.02,6892.15,0,0
2024-04-15,Laptop,Electronics,North,Store E,11,52574.8,20,462658.2,48463.7,1,0
2024-04-15,Smartphone,Electronics,West,Store B,8,26620.69,5,202317.22,76523.95,0,0
2024-04-15,Headphones,Electronics,East,Store C,10,2564.83,10,23083.49,7856.71,0,0
2024-04-15,Office Chair,Furniture,West,Store E,8,7712.77,0,61702.17,21482.56,0,0
2024-04-15,Study Table,Furniture,North,Store E,3,11550.41,0,34651.24,6904.11,0,0
2024-04-15,T-Shirt,Fashion,North,Store C,12,774.71,5,8831.67,1380.62,0,0
2024-04-15,Jeans,Fashion,West,Store C,6,1734.73,10,9367.54,1840.37,0,0
2024-04-15,Shoes,Fashion,South,Store B,11,2500.7,20,22006.2,3765.85,0,0
2024-04-15,Coffee Maker,Home Appliances,East,Store A,7,4823.0,0,33760.98,12845.02,0,0
2024-04-15,Mixer Grinder,Home Appliances,East,Store B,9,3365.54,15,25746.4,1429.69,0,0
2024-04-16,Laptop,Electronics,North,Store D,10,55162.88,10,496465.9,159496.74,0,0
2024-04-16,Smartphone,Electronics,East,Store C,8,23907.32,15,162569.75,31615.77,0,0
2024-04-16,Headphones,Electronics,South,Store C,14,2398.53,20,26863.5,2960.69,0,0
2024-04-16,Office Chair,Furniture,East,Store C,7,7595.07,15,45190.67,11462.75,0,0
2024-04-16,Study Table,Furniture,West,Store D,11,11689.8,10,115729.03,15098.8,0,0
2024-04-16,T-Shirt,Fashion,South,Store A,12,832.06,0,9984.7,3054.66,0,0
2024-04-16,Jeans,Fashion,West,Store B,9,1879.31,10,15222.44,2984.66,0,0
2024-04-16,Shoes,Fashion,South,Store B,12,2508.8,0,30105.64,11814.94,1,0
2024-04-16,Coffee Maker,Home Appliances,South,Store C,4,4789.78,0,19159.1,6921.2,0,0
2024-04-16,Mixer Grinder,Home Appliances,West,Store B,6,3426.53,5,19531.2,5069.67,0,0
2024-04-17,Laptop,Electronics,West,Store A,13,57913.39,5,715230.35,281336.26,1,0
2024-04-17,Smartphone,Electronics,East,Store C,8,23772.27,5,180669.29,45951.82,0,0
2024-04-17,Headphones,Electronics,West,Store B,12,2384.7,0,28616.42,6098.86,0,0
2024-04-17,Office Chair,Furniture,East,Store E,4,7238.57,0,28954.27,5863.73,0,0
2024-04-17,Study Table,Furniture,West,Store E,6,12188.65,0,73131.9,26848.16,0,0
2024-04-17,T-Shirt,Fashion,South,Store E,13,821.67,10,9613.59,2203.35,0,0
2024-04-17,Jeans,Fashion,East,Store A,11,1710.83,0,18819.14,5440.29,0,0
2024-04-17,Shoes,Fashion,East,Store A,12,2535.76,0,30429.17,9239.13,0,0
2024-04-17,Coffee Maker,Home Appliances,North,Store A,10,4301.0,0,43010.0,15064.21,1,0
2024-04-17,Mixer Grinder,Home Appliances,North,Store A,8,3602.52,0,28820.15,8814.12,1,0
2024-04-18,Laptop,Electronics,East,Store D,7,58000.46,10,365402.88,107027.64,1,0
2024-04-18,Smartphone,Electronics,South,Store B,17,23766.81,0,404035.71,99753.94,1,0
2024-04-18,Headphones,Electronics,West,Store C,9,2516.36,0,22647.23,8477.71,0,0
2024-04-18,Office Chair,Furniture,South,Store D,6,7231.81,0,43390.86,15177.34,0,0
2024-04-18,Study Table,Furniture,North,Store B,14,12320.45,15,146613.41,35878.82,1,0
2024-04-18,T-Shirt,Fashion,West,Store E,10,834.7,15,7094.93,1639.03,0,0
2024-04-18,Jeans,Fashion,North,Store E,12,1723.14,0,20677.71,4612.86,0,0
2024-04-18,Shoes,Fashion,South,Store D,14,2580.45,10,32513.66,5836.16,1,0
2024-04-18,Coffee Maker,Home Appliances,South,Store E,15,4733.0,5,67445.27,25939.77,1,0
2024-04-18,Mixer Grinder,Home Appliances,South,Store C,4,3339.64,5,12690.65,2739.98,0,0
2024-04-19,Laptop,Electronics,East,Store C,11,54880.44,10,543316.38,101297.66,0,0
2024-04-19,Smartphone,Electronics,East,Store A,6,26468.63,0,158811.79,48736.98,0,0
2024-04-19,Headphones,Electronics,East,Store C,9,2468.63,10,19995.89,4882.74,1,0
2024-04-19,Office Chair,Furniture,West,Store A,6,7873.35,0,47240.08,17591.94,0,0
2024-04-19,Study Table,Furniture,East,Store D,12,12191.78,0,146301.4,54504.48,0,0
2024-04-19,T-Shirt,Fashion,North,Store E,12,839.81,10,9069.95,2570.73,1,0
2024-04-19,Jeans,Fashion,West,Store C,11,1794.36,5,18751.04,3393.51,0,0
2024-04-19,Shoes,Fashion,East,Store A,14,2581.97,5,34340.23,8694.03,1,0
2024-04-19,Coffee Maker,Home Appliances,West,Store A,5,4598.13,0,22990.64,9298.6,0,0
2024-04-19,Mixer Grinder,Home Appliances,South,Store B,13,3476.56,0,45195.34,10518.55,1,0
2024-04-20,Laptop,Electronics,North,Store C,14,55708.68,0,779921.56,195482.84,0,0
2024-04-20,Smartphone,Electronics,South,Store E,11,23913.65,0,263050.15,80511.46,1,0
2024-04-20,Headphones,Electronics,South,Store A,10,2685.47,10,24169.22,5539.78,0,0
2024-04-20,Office Chair,Furniture,North,Store D,13,8067.32,5,99631.36,39433.26,1,0
2024-04-20,Study Table,Furniture,West,Store B,12,12673.73,5,144480.57,34815.96,1,0
2024-04-20,T-Shirt,Fashion,West,Store D,19,848.44,5,15314.43,5057.25,1,0
2024-04-20,Jeans,Fashion,East,Store D,21,1733.67,10,32766.4,6440.32,1,0
2024-04-20,Shoes,Fashion,North,Store D,19,2623.54,15,42370.23,12569.18,1,0
2024-04-20,Coffee Maker,Home Appliances,North,Store E,12,4346.82,15,44337.54,5783.6,1,0
2024-04-20,Mixer Grinder,Home Appliances,South,Store B,17,3643.13,0,61933.26,20105.58,1,0
2024-04-21,Laptop,Electronics,South,Store E,8,58014.31,5,440908.77,143045.43,1,0
2024-04-21,Smartphone,Electronics,South,Store D,12,26057.22,0,312686.62,126080.78,0,0
2024-04-21,Headphones,Electronics,North,Store E,12,2518.12,10,27195.64,6177.04,1,0
2024-04-21,Office Chair,Furniture,West,Store E,9,7142.44,5,61067.84,8840.24,0,0
2024-04-21,Study Table,Furniture,North,Store E,7,12059.0,0,84412.97,19686.78,1,0
2024-04-21,T-Shirt,Fashion,North,Store C,11,801.3,10,7932.9,2294.21,0,0
2024-04-21,Jeans,Fashion,North,Store E,12,1925.82,5,21954.37,6511.67,0,0
2024-04-21,Shoes,Fashion,West,Store E,16,2548.93,5,38743.78,9378.46,0,0
2024-04-21,Coffee Maker,Home Appliances,West,Store B,4,4687.13,10,16873.68,3180.2,0,0
2024-04-21,Mixer Grinder,Home Appliances,West,Store D,7,3424.09,0,23968.66,6124.96,0,0
2024-04-22,Laptop,Electronics,South,Store C,5,58607.84,0,293039.2,119670.02,0,0
2024-04-22,Smartphone,Electronics,North,Store E,11,25589.47,5,267410.01,73661.81,1,0
2024-04-22,Headphones,Electronics,East,Store E,12,2679.78,5,30549.46,11069.38,0,0
2024-04-22,Office Chair,Furniture,West,Store B,9,7986.01,5,68280.39,22634.07,0,0
2024-04-22,Study Table,Furniture,East,Store A,8,12490.35,5,94926.67,29533.12,1,0
2024-04-22,T-Shirt,Fashion,East,Store B,10,842.91,0,8429.11,3099.27,0,0
2024-04-22,Jeans,Fashion,North,Store A,9,1878.17,15,14367.97,2722.24,0,0
2024-04-22,Shoes,Fashion,West,Store D,9,2684.48,15,20536.24,4131.68,0,0
2024-04-22,Coffee Maker,Home Appliances,East,Store A,7,4721.67,5,31399.13,12452.17,0,0
2024-04-22,Mixer Grinder,Home Appliances,West,Store B,5,3696.03,15,15708.11,4225.69,0,0
2024-04-23,Laptop,Electronics,West,Store A,11,58266.79,5,608887.95,243130.29,1,0
2024-04-23,Smartphone,Electronics,East,Store A,10,24356.93,5,231390.81,58813.05,0,0
2024-04-23,Headphones,Electronics,North,Store D,10,2405.16,0,24051.56,7692.42,0,0
2024-04-23,Office Chair,Furniture,South,Store A,5,7166.54,5,34041.08,10123.95,0,0
2024-04-23,Study Table,Furniture,South,Store D,9,12581.05,0,113229.43,33129.82,1,0
2024-04-23,T-Shirt,Fashion,North,Store B,18,838.57,0,15094.17,5592.75,0,0
2024-04-23,Jeans,Fashion,East,Store E,9,1847.51,10,14964.81,4207.12,0,0
2024-04-23,Shoes,Fashion,North,Store A,12,2665.49,10,28787.33,10059.23,1,0
2024-04-23,Coffee Maker,Home Appliances,South,Store E,11,4664.44,0,51308.82,17545.22,0,0
2024-04-23,Mixer Grinder,Home Appliances,South,Store D,5,3619.98,5,17194.89,4124.22,0,0
2024-04-24,Laptop,Electronics,North,Store E,6,52879.34,0,317276.06,111106.47,0,0
2024-04-24,Smartphone,Electronics,South,Store E,7,24649.51,10,155291.91,29242.37,1,0
2024-04-24,Headphones,Electronics,South,Store B,9,2451.9,0,22067.09,5208.69,0,0
2024-04-24,Office Chair,Furniture,West,Store A,7,7816.91,10,49246.5,10923.32,0,0
2024-04-24,Study Table,Furniture,South,Store D,11,12882.89,0,141711.75,39128.69,0,0
2024-04-24,T-Shirt,Fashion,South,Store A,11,814.9,0,8963.92,2166.89,0,0
2024-04-24,Jeans,Fashion,West,Store D,13,1930.66,5,23843.68,7616.77,1,0
2024-04-24,Shoes,Fashion,West,Store D,11,2659.07,0,29249.73,10089.26,0,0
2024-04-24,Coffee Maker,Home Appliances,North,Store E,7,4484.25,0,31389.74,8906.24,0,0
2024-04-24,Mixer Grinder,Home Appliances,North,Store E,8,3742.1,15,25446.27,5953.7,0,0
2024-04-25,Laptop,Electronics,North,Store D,3,53977.94,0,161933.82,43208.63,0,0
2024-04-25,Smartphone,Electronics,South,Store B,14,24339.12,10,306672.92,61481.06,1,0
2024-04-25,Headphones,Electronics,West,Store A,9,2436.0,15,18635.39,2782.99,0,0
2024-04-25,Office Chair,Furniture,West,Store D,5,8063.92,5,38303.6,15137.57,0,0
2024-04-25,Study Table,Furniture,East,Store A,2,12331.79,10,22197.22,6626.24,0,0
2024-04-25,T-Shirt,Fashion,West,Store A,13,844.57,5,10430.49,2754.94,0,0
2024-04-25,Jeans,Fashion,South,Store E,12,1767.57,0,21210.81,4825.92,0,0
2024-04-25,Shoes,Fashion,East,Store A,14,2682.14,0,37550.01,12120.68,0,0
2024-04-25,Coffee Maker,Home Appliances,South,Store B,9,4723.61,0,42512.49,15174.72,1,0
2024-04-25,Mixer Grinder,Home Appliances,East,Store E,3,3771.91,5,10749.93,3935.18,0,0
2024-04-26,Laptop,Electronics,South,Store B,7,59134.53,0,413941.74,165780.44,0,0
2024-04-26,Smartphone,Electronics,West,Store D,11,26331.64,10,260683.2,86413.23,1,0
2024-04-26,Headphones,Electronics,East,Store B,11,2502.99,10,24779.56,3769.9,0,0
2024-04-26,Office Chair,Furniture,West,Store A,5,7458.09,0,37290.45,8280.13,0,0
2024-04-26,Study Table,Furniture,East,Store B,5,11563.26,10,52034.66,10385.57,0,0
2024-04-26,T-Shirt,Fashion,East,Store E,17,776.91,0,13207.54,3228.89,0,0
2024-04-26,Jeans,Fashion,North,Store C,12,1928.73,10,20830.26,5758.67,0,0
2024-04-26,Shoes,Fashion,East,Store D,12,2607.84,20,25035.22,2661.6,1,0
2024-04-26,Coffee Maker,Home Appliances,West,Store D,11,4620.67,10,45744.68,10994.71,1,0
2024-04-26,Mixer Grinder,Home Appliances,North,Store D,7,3506.78,5,23320.11,7520.93,0,0
2024-04-27,Laptop,Electronics,South,Store E,14,56929.58,5,757163.35,161964.12,0,0
2024-04-27,Smartphone,Electronics,West,Store B,10,26219.59,20,209756.73,45289.86,0,0
2024-04-27,Headphones,Electronics,North,Store D,14,2662.27,0,37271.73,14048.04,0,0
2024-04-27,Office Chair,Furniture,East,Store E,11,7565.75,0,83223.24,24396.17,1,0
2024-04-27,Study Table,Furniture,North,Store D,12,12340.28,5,140679.15,41562.33,0,0
2024-04-27,T-Shirt,Fashion,East,Store D,10,804.54,10,7240.89,1054.16,0,0
2024-04-27,Jeans,Fashion,West,Store A,19,1827.69,15,29517.13,4175.78,0,0
2024-04-27,Shoes,Fashion,North,Store E,14,2543.3,15,30265.22,3294.21,0,0
2024-04-27,Coffee Maker,Home Appliances,North,Store B,10,4809.99,5,45694.86,13311.7,0,0
2024-04-27,Mixer Grinder,Home Appliances,South,Store B,3,3757.91,0,11273.74,4682.17,0,0
2024-04-28,Laptop,Electronics,North,Store C,16,57855.77,15,786838.47,108152.34,1,0
2024-04-28,Smartphone,Electronics,West,Store B,15,26367.31,10,355958.69,124729.75,0,0
2024-04-28,Headphones,Electronics,East,Store B,17,2516.93,5,40648.37,15135.64,0,0
2024-04-28,Office Chair,Furniture,North,Store A,9,7527.76,5,64362.37,16576.78,0,0
2024-04-28,Study Table,Furniture,North,Store D,9,11894.87,10,96348.48,30258.53,0,0
2024-04-28,T-Shirt,Fashion,South,Store A,16,797.45,0,12759.22,4838.57,1,0
2024-04-28,Jeans,Fashion,North,Store D,15,1839.39,10,24831.76,7910.1,1,0
2024-04-28,Shoes,Fashion,South,Store E,14,2574.46,5,34240.32,10849.64,0,0
2024-04-28,Coffee Maker,Home Appliances,South,Store D,10,4677.88,15,39762.02,10842.39,0,0
2024-04-28,Mixer Grinder,Home Appliances,West,Store D,5,3521.04,0,17605.22,6704.37,0,0
2024-04-29,Laptop,Electronics,West,Store C,16,52799.74,10,760316.2,200731.82,1,0
2024-04-29,Smartphone,Electronics,North,Store C,13,25339.67,10,296474.12,76070.05,1,0
2024-04-29,Headphones,Electronics,West,Store B,7,2616.59,0,18316.12,5028.27,0,0
2024-04-29,Office Chair,Furniture,West,Store C,9,7243.53,15,55413.03,3928.82,1,0
2024-04-29,Study Table,Furniture,East,Store B,8,11517.27,15,78317.44,13086.35,1,0
2024-04-29,T-Shirt,Fashion,North,Store B,9,770.01,5,6583.59,2064.64,0,0
2024-04-29,Jeans,Fashion,South,Store C,20,1715.23,0,34304.66,9123.24,1,0
2024-04-29,Shoes,Fashion,South,Store A,20,2666.49,0,53329.72,18776.59,0,0
2024-04-29,Coffee Maker,Home Appliances,North,Store E,7,4664.52,0,32651.64,12097.7,0,0
2024-04-29,Mixer Grinder,Home Appliances,South,Store C,2,3370.58,10,6067.05,683.71,1,0
2024-04-30,Laptop,Electronics,South,Store A,10,55732.6,10,501593.41,103631.01,0,0
2024-04-30,Smartphone,Electronics,East,Store C,9,26247.25,0,236225.27,72895.38,0,0
2024-04-30,Headphones,Electronics,South,Store B,6,2419.4,0,14516.42,4671.72,0,0
2024-04-30,Office Chair,Furniture,North,Store E,3,7221.91,15,18415.86,3558.35,0,0
2024-04-30,Study Table,Furniture,East,Store A,3,12139.52,5,34597.64,10395.85,0,0
2024-04-30,T-Shirt,Fashion,North,Store A,12,862.87,5,9836.7,2442.63,1,0
2024-04-30,Jeans,Fashion,North,Store D,18,1878.99,10,30439.58,10038.52,1,0
2024-04-30,Shoes,Fashion,East,Store E,12,2619.86,0,31438.31,12800.33,0,0
2024-04-30,Coffee Maker,Home Appliances,East,Store C,10,4296.62,15,36521.25,5523.72,1,0
2024-04-30,Mixer Grinder,Home Appliances,East,Store B,8,3332.96,0,26663.68,7738.36,0,0
2024-05-01,Laptop,Electronics,South,Store B,7,55787.31,0,390511.15,103257.25,0,0
2024-05-01,Smartphone,Electronics,North,Store E,9,26358.72,5,225367.1,50737.99,0,0
2024-05-01,Headphones,Electronics,East,Store D,9,2524.75,15,19314.35,3365.72,0,0
2024-05-01,Office Chair,Furniture,East,Store E,12,7992.17,5,91110.69,25251.1,1,0
2024-05-01,Study Table,Furniture,North,Store E,4,12510.58,5,47540.22,12550.36,0,0
2024-05-01,T-Shirt,Fashion,West,Store A,7,826.08,0,5782.57,2076.74,0,0
2024-05-01,Jeans,Fashion,West,Store E,10,1897.6,15,16129.59,2148.21,0,0
2024-05-01,Shoes,Fashion,West,Store E,9,2525.02,0,22725.18,8720.96,1,0
2024-05-01,Coffee Maker,Home Appliances,North,Store C,7,4798.6,0,33590.22,13671.74,0,0
2024-05-01,Mixer Grinder,Home Appliances,East,Store E,7,3440.89,5,22881.93,4435.02,0,0
2024-05-02,Laptop,Electronics,South,Store E,9,58823.49,0,529411.39,199972.82,0,0
2024-05-02,Smartphone,Electronics,South,Store B,11,24997.18,0,274969.02,75062.49,1,0
2024-05-02,Headphones,Electronics,North,Store D,10,2520.04,0,25200.39,9284.51,0,0
2024-05-02,Office Chair,Furniture,East,Store A,6,7375.52,5,42040.46,9752.65,1,0
2024-05-02,Study Table,Furniture,South,Store E,7,12054.86,0,84384.0,22905.24,0,0
2024-05-02,T-Shirt,Fashion,West,Store D,16,791.4,15,10763.08,1610.06,1,0
2024-05-02,Jeans,Fashion,West,Store C,19,1860.64,15,30049.29,8944.45,1,0
2024-05-02,Shoes,Fashion,South,Store E,10,2607.09,0,26070.93,10430.42,0,0
2024-05-02,Coffee Maker,Home Appliances,North,Store D,2,4508.68,10,8115.63,1626.74,0,0
2024-05-02,Mixer Grinder,Home Appliances,North,Store E,6,3553.02,20,17054.52,4019.17,0,0
2024-05-03,Laptop,Electronics,North,Store C,10,55825.65,0,558256.47,190610.28,1,0
2024-05-03,Smartphone,Electronics,East,Store B,7,24547.77,0,171834.36,64596.37,0,0
2024-05-03,Headphones,Electronics,East,Store B,10,2696.23,5,25614.15,6115.23,0,0
2024-05-03,Office Chair,Furniture,South,Store D,12,7942.58,0,95310.99,36588.4,0,0
2024-05-03,Study Table,Furniture,East,Store D,5,11741.5,0,58707.52,12819.21,0,0
2024-05-03,T-Shirt,Fashion,North,Store A,7,763.35,5,5076.25,889.02,0,0
2024-05-03,Jeans,Fashion,North,Store A,12,1871.0,10,20206.81,6902.47,0,0
2024-05-03,Shoes,Fashion,West,Store D,7,2413.81,0,16896.69,5344.23,0,0
2024-05-03,Coffee Maker,Home Appliances,East,Store B,8,4587.83,10,33032.39,5805.55,0,0
2024-05-03,Mixer Grinder,Home Appliances,West,Store E,5,3459.25,5,16431.43,4956.12,0,0
2024-05-04,Laptop,Electronics,East,Store A,10,57619.39,15,489764.81,120494.16,0,0
2024-05-04,Smartphone,Electronics,North,Store A,7,25027.37,10,157672.43,52668.37,0,0
2024-05-04,Headphones,Electronics,West,Store E,11,2476.05,5,25874.73,7863.32,0,0
2024-05-04,Office Chair,Furniture,North,Store C,4,7954.86,5,30228.46,12204.44,0,0
2024-05-04,Study Table,Furniture,South,Store D,14,12458.68,0,174421.52,63126.44,0,0
2024-05-04,T-Shirt,Fashion,South,Store A,17,796.2,10,12181.83,2545.72,0,0
2024-05-04,Jeans,Fashion,East,Store D,10,1939.1,20,15512.82,3250.3,0,0
2024-05-04,Shoes,Fashion,North,Store B,8,2685.55,0,21484.39,6785.72,0,0
2024-05-04,Coffee Maker,Home Appliances,North,Store E,5,4692.73,0,23463.65,6343.03,0,0
2024-05-04,Mixer Grinder,Home Appliances,South,Store A,6,3403.13,10,18376.93,2579.63,0,0
2024-05-05,Laptop,Electronics,West,Store C,15,52725.17,5,751333.62,120678.13,0,0
2024-05-05,Smartphone,Electronics,East,Store A,11,24354.97,20,214323.69,46626.27,0,0
2024-05-05,Headphones,Electronics,West,Store D,12,2647.1,0,31765.18,9388.68,0,0
2024-05-05,Office Chair,Furniture,North,Store D,7,7333.64,10,46201.96,9256.56,0,0
2024-05-05,Study Table,Furniture,North,Store B,13,12161.01,0,158093.14,37533.87,0,0
2024-05-05,T-Shirt,Fashion,East,Store B,27,789.26,0,21310.01,5971.18,1,0
2024-05-05,Jeans,Fashion,East,Store B,9,1915.21,5,16375.02,3851.75,0,0
2024-05-05,Shoes,Fashion,North,Store B,11,2519.59,0,27715.53,10428.54,0,0
2024-05-05,Coffee Maker,Home Appliances,South,Store D,11,4682.11,5,48928.02,13041.5,0,0
2024-05-05,Mixer Grinder,Home Appliances,South,Store A,11,3673.62,5,38389.34,9086.13,0,0
2024-05-06,Laptop,Electronics,South,Store B,13,57321.57,10,670662.37,205661.93,0,0
2024-05-06,Smartphone,Electronics,East,Store D,8,23886.42,10,171982.2,20245.61,0,0
2024-05-06,Headphones,Electronics,West,Store E,14,2396.51,10,30196.08,7998.21,0,0
2024-05-06,Office Chair,Furniture,South,Store B,8,7993.01,0,63944.09,19802.39,0,0
2024-05-06,Study Table,Furniture,North,Store D,6,11564.35,0,69386.08,20552.75,0,0
2024-05-06,T-Shirt,Fashion,South,Store D,8,848.22,0,6785.79,2895.85,0,0
2024-05-06,Jeans,Fashion,South,Store D,12,1885.07,10,20358.71,6658.32,0,0
2024-05-06,Shoes,Fashion,South,Store D,12,2556.49,20,24542.26,4016.45,0,0
2024-05-06,Coffee Maker,Home Appliances,East,Store A,12,4672.42,5,53265.61,19142.5,0,0
2024-05-06,Mixer Grinder,Home Appliances,North,Store B,4,3430.87,10,12351.14,3637.55,0,0
2024-05-07,Laptop,Electronics,West,Store D,6,52676.49,0,316058.95,70223.92,0,0
2024-05-07,Smartphone,Electronics,West,Store D,13,26690.8,0,346980.42,142257.26,0,0
2024-05-07,Headphones,Electronics,West,Store C,10,2532.59,5,24059.63,8613.23,1,0
2024-05-07,Office Chair,Furniture,East,Store C,6,7591.4,0,45548.42,18321.91,1,0
2024-05-07,Study Table,Furniture,West,Store A,10,11521.42,0,115214.19,25884.98,0,0
2024-05-07,T-Shirt,Fashion,West,Store D,8,819.96,0,6559.64,2669.39,0,0
2024-05-07,Jeans,Fashion,North,Store D,10,1774.7,0,17746.99,6701.88,0,0
2024-05-07,Shoes,Fashion,South,Store E,9,2408.22,15,18422.9,2808.6,0,0
2024-05-07,Coffee Maker,Home Appliances,East,Store E,10,4773.84,10,42964.57,11063.8,0,0
2024-05-07,Mixer Grinder,Home Appliances,North,Store B,7,3478.5,20,19479.6,3114.67,1,0
2024-05-08,Laptop,Electronics,East,Store C,14,53224.73,0,745146.28,280190.53,0,0
2024-05-08,Smartphone,Electronics,North,Store A,15,26277.38,5,374452.71,89609.15,0,0
2024-05-08,Headphones,Electronics,West,Store A,11,2395.39,0,26349.28,7834.31,0,0
2024-05-08,Office Chair,Furniture,South,Store E,5,7881.55,5,37437.37,11599.25,0,0
2024-05-08,Study Table,Furniture,North,Store C,9,12604.82,0,113443.42,30744.4,1,0
2024-05-08,T-Shirt,Fashion,West,Store A,10,840.2,0,8401.96,3316.52,0,0
2024-05-08,Jeans,Fashion,South,Store A,9,1760.44,0,15843.94,5949.39,0,0
2024-05-08,Shoes,Fashion,North,Store C,10,2676.95,0,26769.5,8196.9,0,0
2024-05-08,Coffee Maker,Home Appliances,South,Store A,11,4643.44,10,45970.07,15670.24,0,0
2024-05-08,Mixer Grinder,Home Appliances,North,Store B,10,3708.92,15,31525.84,7625.45,1,0
2024-05-09,Laptop,Electronics,South,Store A,12,53065.54,15,541268.47,63271.57,0,0
2024-05-09,Smartphone,Electronics,West,Store D,12,24552.43,10,265166.27,68912.54,1,0
2024-05-09,Headphones,Electronics,West,Store A,7,2376.49,10,14971.9,3087.1,0,0
2024-05-09,Office Chair,Furniture,North,Store D,4,8070.31,0,32281.23,12235.95,0,0
2024-05-09,Study Table,Furniture,West,Store E,6,12194.45,0,73166.68,22869.34,0,0
2024-05-09,T-Shirt,Fashion,North,Store C,9,807.93,0,7271.4,2649.7,0,0
2024-05-09,Jeans,Fashion,East,Store D,13,1804.88,0,23463.38,6264.8,0,0
2024-05-09,Shoes,Fashion,West,Store D,11,2423.78,10,23995.4,2971.2,1,0
2024-05-09,Coffee Maker,Home Appliances,West,Store D,7,4282.31,10,26978.57,7465.84,0,0
2024-05-09,Mixer Grinder,Home Appliances,South,Store B,6,3725.21,5,21233.67,5379.66,0,0
2024-05-10,Laptop,Electronics,East,Store D,8,53458.37,10,384900.29,62566.85,0,0
2024-05-10,Smartphone,Electronics,West,Store A,8,25370.33,0,202962.67,56121.32,0,0
2024-05-10,Headphones,Electronics,South,Store E,11,2440.11,15,22815.04,5215.49,0,0
2024-05-10,Office Chair,Furniture,South,Store C,4,7837.41,5,29782.14,9933.97,0,0
2024-05-10,Study Table,Furniture,South,Store E,7,12345.88,20,69136.92,6440.52,0,0
2024-05-10,T-Shirt,Fashion,South,Store D,16,855.47,5,13003.1,4178.36,0,0
2024-05-10,Jeans,Fashion,North,Store A,13,1813.68,5,22398.98,6140.94,0,0
2024-05-10,Shoes,Fashion,North,Store B,8,2599.25,20,16635.22,3530.36,0,0
2024-05-10,Coffee Maker,Home Appliances,East,Store A,9,4650.75,5,39763.95,10752.81,0,0
2024-05-10,Mixer Grinder,Home Appliances,North,Store C,6,3592.15,5,20475.26,5782.22,0,0
2024-05-11,Laptop,Electronics,East,Store E,9,57542.82,0,517885.42,199406.66,0,0
2024-05-11,Smartphone,Electronics,East,Store A,10,24366.26,0,243662.63,49319.34,0,0
2024-05-11,Headphones,Electronics,East,Store D,12,2519.27,15,25696.55,2354.02,0,0
2024-05-11,Office Chair,Furniture,East,Store A,6,7189.58,20,34509.97,5874.66,0,0
2024-05-11,Study Table,Furniture,South,Store B,7,12339.19,20,69099.49,9406.99,1,0
2024-05-11,T-Shirt,Fashion,South,Store C,11,814.43,0,8958.72,3293.57,0,0
2024-05-11,Jeans,Fashion,North,Store C,17,1914.13,0,32540.17,9006.38,1,0
2024-05-11,Shoes,Fashion,South,Store B,12,2473.98,0,29687.8,11182.55,0,0
2024-05-11,Coffee Maker,Home Appliances,East,Store D,9,4513.17,0,40618.5,15069.2,0,0
2024-05-11,Mixer Grinder,Home Appliances,West,Store A,7,3606.06,10,22718.19,4797.15,0,0
2024-05-12,Laptop,Electronics,South,Store E,12,57237.6,15,583823.5,100694.68,0,0
2024-05-12,Smartphone,Electronics,West,Store C,15,24069.08,5,342984.38,60466.21,0,0
2024-05-12,Headphones,Electronics,West,Store C,6,2675.04,0,16050.26,4718.71,0,0
2024-05-12,Office Chair,Furniture,South,Store D,9,7859.88,15,60128.08,17156.86,0,0
2024-05-12,Study Table,Furniture,East,Store C,9,12536.02,0,112824.14,43019.37,0,0
2024-05-12,T-Shirt,Fashion,West,Store D,13,810.7,0,10539.07,3471.26,0,0
2024-05-12,Jeans,Fashion,East,Store A,19,1870.05,10,31977.86,11312.22,1,0
2024-05-12,Shoes,Fashion,North,Store C,16,2666.57,10,38398.63,9680.42,1,0
2024-05-12,Coffee Maker,Home Appliances,West,Store E,10,4579.71,15,38927.55,6853.17,1,0
2024-05-12,Mixer Grinder,Home Appliances,North,Store D,7,3522.1,0,24654.7,6509.43,0,0
2024-05-13,Laptop,Electronics,South,Store E,4,58622.27,10,211040.18,66470.35,0,0
2024-05-13,Smartphone,Electronics,East,Store C,10,25551.33,15,217186.29,60004.32,0,0
2024-05-13,Headphones,Electronics,South,Store E,8,2393.28,20,15317.01,2940.97,0,0
2024-05-13,Office Chair,Furniture,North,Store E,4,7920.24,10,28512.86,8464.22,0,0
2024-05-13,Study Table,Furniture,West,Store A,8,12626.48,5,95961.23,31340.46,1,0
2024-05-13,T-Shirt,Fashion,North,Store C,16,810.09,0,12961.39,4069.28,1,0
2024-05-13,Jeans,Fashion,West,Store E,9,1841.1,0,16569.92,6849.46,0,0
2024-05-13,Shoes,Fashion,South,Store A,11,2466.26,20,21703.11,1532.68,0,0
2024-05-13,Coffee Maker,Home Appliances,West,Store D,4,4389.92,5,16681.69,4950.69,0,0
2024-05-13,Mixer Grinder,Home Appliances,South,Store A,5,3586.51,0,17932.56,4394.07,0,0
2024-05-14,Laptop,Electronics,East,Store D,9,53547.25,20,385540.17,63982.47,0,0
2024-05-14,Smartphone,Electronics,North,Store C,13,24893.21,10,291250.51,54203.14,0,0
2024-05-14,Headphones,Electronics,North,Store E,7,2501.21,10,15757.65,3807.98,0,0
2024-05-14,Office Chair,Furniture,North,Store B,7,7825.89,20,43825.0,3498.07,1,0
2024-05-14,Study Table,Furniture,West,Store B,6,12720.55,5,72507.14,25219.18,0,0
2024-05-14,T-Shirt,Fashion,East,Store D,5,793.84,0,3969.21,1414.47,0,0
2024-05-14,Jeans,Fashion,East,Store D,14,1868.87,10,23547.76,3976.26,1,0
2024-05-14,Shoes,Fashion,East,Store B,13,2510.1,5,30999.71,9047.9,1,0
2024-05-14,Coffee Maker,Home Appliances,East,Store C,8,4699.87,0,37598.99,14738.98,0,0
2024-05-14,Mixer Grinder,Home Appliances,North,Store A,10,3630.56,10,32675.01,9629.85,1,0
2024-05-15,Laptop,Electronics,North,Store A,16,55804.08,0,892865.26,227940.67,1,0
2024-05-15,Smartphone,Electronics,North,Store E,4,26753.08,0,107012.33,34571.58,0,0
2024-05-15,Headphones,Electronics,West,Store B,7,2670.12,5,17756.29,5946.64,0,0
2024-05-15,Office Chair,Furniture,South,Store D,8,7620.66,15,51820.46,6596.34,1,0
2024-05-15,Study Table,Furniture,West,Store B,6,11414.53,10,61638.44,13018.53,0,0
2024-05-15,T-Shirt,Fashion,West,Store A,16,830.37,0,13285.89,5022.49,1,0
2024-05-15,Jeans,Fashion,East,Store D,15,1805.68,5,25730.92,5799.63,1,0
2024-05-15,Shoes,Fashion,South,Store A,9,2435.11,0,21916.0,7872.62,0,0
2024-05-15,Coffee Maker,Home Appliances,South,Store E,2,4518.34,0,9036.68,2691.09,0,0
2024-05-15,Mixer Grinder,Home Appliances,North,Store D,11,3378.15,0,37159.66,12981.3,0,0
2024-05-16,Laptop,Electronics,South,Store C,6,58152.75,0,348916.49,132939.31,0,0
2024-05-16,Smartphone,Electronics,North,Store A,19,25102.79,15,405409.99,45341.28,1,0
2024-05-16,Headphones,Electronics,West,Store E,11,2411.8,0,26529.83,6841.75,0,0
2024-05-16,Office Chair,Furniture,West,Store B,7,7192.17,5,47827.96,14247.34,0,0
2024-05-16,Study Table,Furniture,South,Store A,4,11422.27,5,43404.61,11847.23,0,0
2024-05-16,T-Shirt,Fashion,North,Store E,7,849.78,5,5651.02,1985.14,0,0
2024-05-16,Jeans,Fashion,North,Store E,14,1813.78,15,21584.0,3990.64,1,0
2024-05-16,Shoes,Fashion,South,Store B,9,2400.59,20,17284.22,1045.31,0,0
2024-05-16,Coffee Maker,Home Appliances,West,Store B,8,4374.08,0,34992.64,9038.31,0,0
2024-05-16,Mixer Grinder,Home Appliances,North,Store E,5,3684.78,5,17502.72,6704.68,0,0
2024-05-17,Laptop,Electronics,South,Store D,12,54689.1,0,656269.18,153154.67,1,0
2024-05-17,Smartphone,Electronics,East,Store B,10,25530.31,10,229772.79,56195.47,0,0
2024-05-17,Headphones,Electronics,West,Store A,8,2608.6,10,18781.94,5652.19,0,0
2024-05-17,Office Chair,Furniture,North,Store E,9,7589.25,15,58057.74,8062.18,0,0
2024-05-17,Study Table,Furniture,North,Store C,9,12017.24,0,108155.17,40564.47,1,0
2024-05-17,T-Shirt,Fashion,West,Store A,12,860.18,10,9289.9,2704.58,0,0
2024-05-17,Jeans,Fashion,East,Store A,11,1816.19,5,18979.15,4218.16,0,0
2024-05-17,Shoes,Fashion,North,Store E,8,2611.69,0,20893.52,7345.32,0,0
2024-05-17,Coffee Maker,Home Appliances,East,Store E,12,4730.56,0,56766.7,20121.01,0,0
2024-05-17,Mixer Grinder,Home Appliances,West,Store D,16,3361.97,5,51101.97,16080.74,0,0
2024-05-18,Laptop,Electronics,North,Store D,10,54314.33,5,515986.15,163551.32,0,0
2024-05-18,Smartphone,Electronics,East,Store A,7,23869.66,15,142024.5,10776.61,0,0
2024-05-18,Headphones,Electronics,South,Store C,12,2669.84,15,27232.36,7685.3,0,0
2024-05-18,Office Chair,Furniture,North,Store A,8,8016.97,5,60928.96,24474.82,0,0
2024-05-18,Study Table,Furniture,West,Store A,9,11522.52,20,82962.16,13010.23,0,0
2024-05-18,T-Shirt,Fashion,West,Store D,14,763.17,0,10684.36,3695.9,0,0
2024-05-18,Jeans,Fashion,South,Store B,24,1842.22,0,44213.16,17657.19,1,0
2024-05-18,Shoes,Fashion,North,Store D,7,2408.68,0,16860.78,4359.57,0,0
2024-05-18,Coffee Maker,Home Appliances,North,Store D,8,4763.79,0,38110.36,13418.61,0,0
2024-05-18,Mixer Grinder,Home Appliances,West,Store C,6,3605.35,5,20550.51,6260.45,0,0
2024-05-19,Laptop,Electronics,West,Store E,12,56504.18,0,678050.18,266646.92,1,0
2024-05-19,Smartphone,Electronics,North,Store D,11,26665.59,5,278655.41,107454.79,0,0
2024-05-19,Headphones,Electronics,East,Store E,9,2595.44,5,22190.98,4789.38,0,0
2024-05-19,Office Chair,Furniture,North,Store E,10,7686.3,0,76862.97,25739.65,1,0
2024-05-19,Study Table,Furniture,East,Store C,8,12838.91,10,92440.12,24763.88,0,0
2024-05-19,T-Shirt,Fashion,West,Store E,23,817.22,10,16916.36,4775.25,0,0
2024-05-19,Jeans,Fashion,East,Store E,20,1837.13,0,36742.7,12525.53,0,0
2024-05-19,Shoes,Fashion,South,Store C,19,2558.51,0,48611.67,14201.84,1,0
2024-05-19,Coffee Maker,Home Appliances,South,Store A,13,4594.78,20,47785.76,3056.17,0,0
2024-05-19,Mixer Grinder,Home Appliances,East,Store B,4,3368.81,0,13475.26,2778.05,0,0
2024-05-20,Laptop,Electronics,East,Store E,11,57463.92,20,505682.54,105389.74,0,0
2024-05-20,Smartphone,Electronics,East,Store C,9,26984.45,0,242860.03,76694.93,1,0
2024-05-20,Headphones,Electronics,South,Store C,11,2621.88,15,24514.56,3554.7,1,0
2024-05-20,Office Chair,Furniture,West,Store D,5,7554.19,10,33993.87,6458.18,0,0
2024-05-20,Study Table,Furniture,West,Store E,9,12408.67,10,100510.21,18537.71,0,0
2024-05-20,T-Shirt,Fashion,West,Store A,8,833.52,10,6001.31,2082.62,0,0
2024-05-20,Jeans,Fashion,North,Store A,12,1797.93,5,20496.46,4053.72,1,0
2024-05-20,Shoes,Fashion,North,Store A,12,2547.35,5,29039.78,6447.11,0,0
2024-05-20,Coffee Maker,Home Appliances,North,Store C,10,4367.65,0,43676.49,11760.31,0,0
2024-05-20,Mixer Grinder,Home Appliances,East,Store C,7,3752.82,0,26269.77,9474.02,0,0
2024-05-21,Laptop,Electronics,West,Store B,16,57417.28,10,826808.78,211274.18,1,0
2024-05-21,Smartphone,Electronics,East,Store E,5,26558.47,20,106233.89,21907.79,0,0
2024-05-21,Headphones,Electronics,West,Store D,8,2435.83,5,18512.33,5394.59,0,0
2024-05-21,Office Chair,Furniture,North,Store E,8,7839.53,5,59580.44,18209.13,0,0
2024-05-21,Study Table,Furniture,North,Store A,7,12214.89,15,72678.58,11989.98,1,0
2024-05-21,T-Shirt,Fashion,East,Store A,12,800.63,5,9127.16,1727.51,0,0
2024-05-21,Jeans,Fashion,West,Store C,19,1778.26,0,33786.9,10708.72,1,0
2024-05-21,Shoes,Fashion,West,Store E,14,2628.89,0,36804.45,13904.14,0,0
2024-05-21,Coffee Maker,Home Appliances,North,Store C,3,4657.36,10,12574.86,3100.69,0,0
2024-05-21,Mixer Grinder,Home Appliances,West,Store C,6,3517.86,0,21107.18,8328.93,0,0
2024-05-22,Laptop,Electronics,North,Store A,12,53555.77,0,642669.19,223308.53,0,0
2024-05-22,Smartphone,Electronics,North,Store E,8,24517.93,10,176529.11,53902.26,0,0
2024-05-22,Headphones,Electronics,East,Store B,7,2459.7,0,17217.89,6353.25,0,0
2024-05-22,Office Chair,Furniture,North,Store D,4,7932.98,10,28558.72,7735.36,0,0
2024-05-22,Study Table,Furniture,West,Store E,3,11442.63,10,30895.11,4757.0,0,0
2024-05-22,T-Shirt,Fashion,East,Store D,13,848.46,0,11029.97,4622.9,0,0
2024-05-22,Jeans,Fashion,North,Store D,15,1905.87,5,27158.67,9686.78,1,0
2024-05-22,Shoes,Fashion,North,Store E,13,2534.04,0,32942.47,8822.37,0,0
2024-05-22,Coffee Maker,Home Appliances,South,Store D,6,4746.19,5,27053.27,6553.26,1,0
2024-05-22,Mixer Grinder,Home Appliances,East,Store A,10,3655.93,5,34731.37,13503.27,1,0
2024-05-23,Laptop,Electronics,East,Store B,15,52921.82,15,674753.27,121170.92,1,0
2024-05-23,Smartphone,Electronics,South,Store C,6,25064.88,5,142869.84,40954.88,1,0
2024-05-23,Headphones,Electronics,South,Store C,17,2533.9,5,40922.47,8772.89,1,0
2024-05-23,Office Chair,Furniture,South,Store C,12,7951.76,0,95421.09,26147.98,1,0
2024-05-23,Study Table,Furniture,East,Store A,7,12100.94,20,67765.28,9008.1,0,0
2024-05-23,T-Shirt,Fashion,South,Store B,6,799.15,5,4555.17,998.53,0,0
2024-05-23,Jeans,Fashion,South,Store C,15,1787.6,10,24132.65,6339.46,0,0
2024-05-23,Shoes,Fashion,East,Store C,15,2382.55,5,33951.37,6878.93,0,0
2024-05-23,Coffee Maker,Home Appliances,West,Store A,6,4755.96,5,27108.95,7161.13,0,0
2024-05-23,Mixer Grinder,Home Appliances,North,Store D,8,3699.71,5,28117.82,10560.91,0,0
2024-05-24,Laptop,Electronics,West,Store A,8,52589.27,15,357607.01,93087.16,0,0
2024-05-24,Smartphone,Electronics,South,Store C,8,24905.54,15,169357.65,27999.88,1,0
2024-05-24,Headphones,Electronics,South,Store D,5,2690.05,15,11432.71,1763.41,0,0
2024-05-24,Office Chair,Furniture,South,Store C,13,7894.86,0,102633.23,43989.23,1,0
2024-05-24,Study Table,Furniture,West,Store C,5,11952.15,0,59760.77,18374.61,1,0
2024-05-24,T-Shirt,Fashion,South,Store B,11,845.52,0,9300.75,3299.99,0,0
2024-05-24,Jeans,Fashion,East,Store A,7,1792.99,5,11923.4,3289.86,0,0
2024-05-24,Shoes,Fashion,West,Store A,10,2384.92,15,20271.8,811.74,0,0
2024-05-24,Coffee Maker,Home Appliances,North,Store A,7,4779.51,10,30110.92,6616.24,0,0
2024-05-24,Mixer Grinder,Home Appliances,South,Store B,9,3527.88,10,28575.82,4374.66,0,0
2024-05-25,Laptop,Electronics,West,Store A,22,55437.47,20,975699.41,50538.79,1,0
2024-05-25,Smartphone,Electronics,East,Store B,7,25250.02,15,150237.64,20404.12,0,0
2024-05-25,Headphones,Electronics,North,Store A,9,2569.82,10,20815.58,6574.65,0,0
2024-05-25,Office Chair,Furniture,East,Store A,9,7293.61,15,55796.11,10393.34,1,0
2024-05-25,Study Table,Furniture,North,Store A,9,11467.04,5,98043.2,25772.13,1,0
2024-05-25,T-Shirt,Fashion,East,Store D,14,845.1,0,11831.38,3649.78,0,0
2024-05-25,Jeans,Fashion,East,Store E,17,1756.64,20,23890.35,819.47,0,0
2024-05-25,Shoes,Fashion,South,Store C,20,2486.13,0,49722.58,17014.91,1,0
2024-05-25,Coffee Maker,Home Appliances,North,Store E,6,4374.16,0,26244.97,5785.68,0,0
2024-05-25,Mixer Grinder,Home Appliances,South,Store E,9,3734.35,5,31928.72,8671.64,0,0
2024-05-26,Laptop,Electronics,North,Store A,13,53956.27,0,701431.47,171206.41,0,0
2024-05-26,Smartphone,Electronics,East,Store E,16,24870.49,0,397927.82,139218.51,0,0
2024-05-26,Headphones,Electronics,North,Store D,4,2397.86,0,9591.43,3366.85,0,0
2024-05-26,Office Chair,Furniture,East,Store E,7,7766.78,0,54367.49,15357.4,1,0
2024-05-26,Study Table,Furniture,North,Store D,13,12234.73,5,151098.91,57366.13,0,0
2024-05-26,T-Shirt,Fashion,West,Store E,14,846.15,0,11846.15,5074.11,0,0
2024-05-26,Jeans,Fashion,West,Store A,10,1858.38,0,18583.84,6589.0,0,0
2024-05-26,Shoes,Fashion,West,Store A,17,2667.98,5,43087.84,12965.37,1,0
2024-05-26,Coffee Maker,Home Appliances,West,Store D,8,4370.85,5,33218.48,8550.45,0,0
2024-05-26,Mixer Grinder,Home Appliances,South,Store B,11,3387.79,0,37265.69,8265.35,1,0
2024-05-27,Laptop,Electronics,North,Store A,9,53188.16,0,478693.46,98871.67,0,0
2024-05-27,Smartphone,Electronics,South,Store E,9,26558.16,5,227072.26,72263.77,0,0
2024-05-27,Headphones,Electronics,East,Store E,6,2586.8,0,15520.83,3860.84,0,0
2024-05-27,Office Chair,Furniture,South,Store D,3,7180.29,10,19386.78,5848.87,0,0
2024-05-27,Study Table,Furniture,North,Store D,3,12750.06,5,36337.67,10524.91,0,0
2024-05-27,T-Shirt,Fashion,South,Store C,24,841.13,10,18168.35,3440.25,1,0
2024-05-27,Jeans,Fashion,North,Store A,13,1933.24,0,25132.16,6993.16,0,0
2024-05-27,Shoes,Fashion,West,Store E,10,2449.53,0,24495.33,8422.12,0,0
2024-05-27,Coffee Maker,Home Appliances,West,Store A,7,4800.36,0,33602.5,13810.99,1,0
2024-05-27,Mixer Grinder,Home Appliances,South,Store A,9,3599.04,10,29152.2,8653.35,0,0
2024-05-28,Laptop,Electronics,East,Store B,13,55284.9,10,646833.35,127263.7,0,0
2024-05-28,Smartphone,Electronics,West,Store D,17,26658.51,15,385215.45,94929.59,1,0
2024-05-28,Headphones,Electronics,East,Store B,9,2533.87,0,22804.84,8929.5,1,0
2024-05-28,Office Chair,Furniture,West,Store B,8,7726.56,15,52540.64,6359.37,1,0
2024-05-28,Study Table,Furniture,North,Store C,6,12708.25,0,76249.51,30750.5,0,0
2024-05-28,T-Shirt,Fashion,East,Store A,7,839.77,0,5878.41,2034.57,0,0
2024-05-28,Jeans,Fashion,West,Store C,12,1820.96,5,20758.96,4803.11,1,0
2024-05-28,Shoes,Fashion,South,Store E,16,2663.54,15,36224.2,7784.15,0,0
2024-05-28,Coffee Maker,Home Appliances,East,Store D,4,4449.47,5,16907.98,3271.43,0,0
2024-05-28,Mixer Grinder,Home Appliances,South,Store E,10,3445.2,20,27561.61,3954.28,1,0
2024-05-29,Laptop,Electronics,East,Store A,15,54562.52,0,818437.86,250409.79,1,0
2024-05-29,Smartphone,Electronics,East,Store E,10,23931.12,0,239311.23,78084.74,0,0
2024-05-29,Headphones,Electronics,East,Store C,9,2514.01,15,19232.15,4232.74,1,0
2024-05-29,Office Chair,Furniture,South,Store A,8,7893.61,5,59991.43,17225.61,0,0
2024-05-29,Study Table,Furniture,East,Store E,4,11938.63,5,45366.78,14139.53,1,0
2024-05-29,T-Shirt,Fashion,East,Store B,10,828.21,10,7453.87,1538.21,0,0
2024-05-29,Jeans,Fashion,East,Store D,12,1777.12,10,19192.92,5456.27,0,0
2024-05-29,Shoes,Fashion,East,Store E,7,2428.26,0,16997.84,5284.97,0,0
2024-05-29,Coffee Maker,Home Appliances,West,Store C,3,4849.44,0,14548.31,5976.59,0,0
2024-05-29,Mixer Grinder,Home Appliances,West,Store A,7,3458.84,0,24211.88,8079.51,1,0
2024-05-30,Laptop,Electronics,East,Store E,10,57502.36,10,517521.26,112721.26,0,0
2024-05-30,Smartphone,Electronics,West,Store E,5,25515.32,5,121197.78,44066.15,0,0
2024-05-30,Headphones,Electronics,South,Store A,12,2672.33,5,30464.51,10410.44,0,0
2024-05-30,Office Chair,Furniture,East,Store A,7,7545.16,10,47534.53,7430.83,1,0
2024-05-30,Study Table,Furniture,North,Store A,4,11752.41,0,47009.65,13363.28,1,0
2024-05-30,T-Shirt,Fashion,South,Store B,5,825.13,5,3919.37,1074.23,0,0
2024-05-30,Jeans,Fashion,North,Store E,15,1737.65,5,24761.52,5214.46,1,0
2024-05-30,Shoes,Fashion,South,Store A,16,2539.12,15,34531.97,7120.63,0,0
2024-05-30,Coffee Maker,Home Appliances,South,Store B,8,4688.01,0,37504.12,12959.66,1,0
2024-05-30,Mixer Grinder,Home Appliances,North,Store A,15,3511.4,10,47403.91,10690.2,1,0
2024-05-31,Laptop,Electronics,North,Store D,10,53390.34,0,533903.36,199251.27,0,0
2024-05-31,Smartphone,Electronics,South,Store D,12,24495.63,15,249855.42,51078.86,0,0
2024-05-31,Headphones,Electronics,East,Store D,10,2504.89,10,22544.02,6402.39,0,0
2024-05-31,Office Chair,Furniture,South,Store B,6,7206.94,0,43241.63,8582.81,0,0
2024-05-31,Study Table,Furniture,East,Store B,3,12608.45,5,35934.09,10439.51,0,0
2024-05-31,T-Shirt,Fashion,West,Store C,14,806.61,15,9598.71,2487.38,0,0
2024-05-31,Jeans,Fashion,South,Store E,22,1803.66,10,35712.47,6472.38,0,0
2024-05-31,Shoes,Fashion,South,Store A,11,2489.49,0,27384.36,6398.4,0,0
2024-05-31,Coffee Maker,Home Appliances,South,Store C,4,4581.69,20,14661.42,3742.3,0,0
2024-05-31,Mixer Grinder,Home Appliances,North,Store D,8,3641.98,5,27679.07,5911.65,1,0
2024-06-01,Laptop,Electronics,East,Store B,12,55356.43,5,631063.35,232767.73,0,0
2024-06-01,Smartphone,Electronics,North,Store A,9,25266.63,15,193289.7,35561.62,0,0
2024-06-01,Headphones,Electronics,West,Store D,6,2397.44,0,14384.66,4469.75,1,0
2024-06-01,Office Chair,Furniture,North,Store A,13,7512.1,5,92774.42,20755.58,0,0
2024-06-01,Study Table,Furniture,North,Store D,9,12042.62,5,102964.43,21545.5,0,0
2024-06-01,T-Shirt,Fashion,South,Store B,14,790.59,10,9961.42,1435.28,0,0
2024-06-01,Jeans,Fashion,South,Store B,18,1850.8,0,33314.48,12674.49,1,0
2024-06-01,Shoes,Fashion,East,Store B,15,2435.41,10,32878.09,10247.15,0,0
2024-06-01,Coffee Maker,Home Appliances,North,Store B,7,4791.2,0,33538.43,14037.94,0,0
2024-06-01,Mixer Grinder,Home Appliances,South,Store C,6,3371.82,0,20230.94,5823.76,0,0
2024-06-02,Laptop,Electronics,North,Store B,12,56579.55,10,611059.09,149233.44,0,0
2024-06-02,Smartphone,Electronics,South,Store B,9,24788.14,5,211938.56,64742.07,0,0
2024-06-02,Headphones,Electronics,West,Store D,12,2460.11,10,26569.24,8494.58,1,0
2024-06-02,Office Chair,Furniture,South,Store E,13,7915.85,0,102906.1,39926.6,1,0
2024-06-02,Study Table,Furniture,West,Store C,4,11427.68,10,41139.64,6465.59,0,0
2024-06-02,T-Shirt,Fashion,West,Store D,12,771.24,0,9254.91,3075.1,0,0
2024-06-02,Jeans,Fashion,West,Store D,14,1739.9,5,23140.71,7569.71,0,0
2024-06-02,Shoes,Fashion,East,Store E,16,2405.43,15,32713.91,5577.5,0,0
2024-06-02,Coffee Maker,Home Appliances,South,Store B,9,4848.11,0,43632.97,15208.94,0,0
2024-06-02,Mixer Grinder,Home Appliances,East,Store A,11,3380.77,0,37188.48,7186.82,0,0
2024-06-03,Laptop,Electronics,South,Store C,7,52697.28,0,368880.93,71300.72,1,0
2024-06-03,Smartphone,Electronics,North,Store B,14,25964.5,5,345327.84,96880.9,0,0
2024-06-03,Headphones,Electronics,North,Store B,15,2698.55,0,40478.25,15347.03,1,0
2024-06-03,Office Chair,Furniture,East,Store D,4,7417.43,10,26702.75,4054.55,0,0
2024-06-03,Study Table,Furniture,West,Store A,3,12610.96,15,32157.96,7774.33,0,0
2024-06-03,T-Shirt,Fashion,West,Store D,12,818.65,10,8841.47,2570.07,0,0
2024-06-03,Jeans,Fashion,East,Store D,11,1822.35,10,18041.23,4901.5,0,0
2024-06-03,Shoes,Fashion,North,Store E,16,2514.02,20,32179.44,5190.09,0,0
2024-06-03,Coffee Maker,Home Appliances,East,Store A,4,4844.65,0,19378.6,8160.71,0,0
2024-06-03,Mixer Grinder,Home Appliances,East,Store D,10,3451.41,0,34514.1,13144.28,1,0
2024-06-04,Laptop,Electronics,North,Store A,10,58830.72,20,470645.77,67068.76,1,0
2024-06-04,Smartphone,Electronics,East,Store D,8,25448.1,15,173047.09,32662.5,0,0
2024-06-04,Headphones,Electronics,North,Store B,7,2444.23,20,13687.68,3154.17,0,0
2024-06-04,Office Chair,Furniture,East,Store B,6,7977.9,0,47867.38,17688.73,1,0
2024-06-04,Study Table,Furniture,East,Store B,6,12619.3,10,68144.2,17446.57,0,0
2024-06-04,T-Shirt,Fashion,West,Store E,6,834.07,0,5004.4,1302.99,0,0
2024-06-04,Jeans,Fashion,South,Store E,11,1761.13,10,17435.22,3823.11,0,0
2024-06-04,Shoes,Fashion,West,Store E,9,2624.51,0,23620.63,8423.87,0,0
2024-06-04,Coffee Maker,Home Appliances,North,Store C,10,4399.35,0,43993.54,12400.23,1,0
2024-06-04,Mixer Grinder,Home Appliances,East,Store D,4,3453.26,0,13813.02,4497.23,1,0
2024-06-05,Laptop,Electronics,East,Store D,17,55214.82,5,891719.29,302813.03,0,0
2024-06-05,Smartphone,Electronics,South,Store C,13,24709.32,10,289098.99,85831.54,1,0
2024-06-05,Headphones,Electronics,West,Store B,3,2454.65,0,7363.96,1941.89,0,0
2024-06-05,Office Chair,Furniture,North,Store B,2,7944.56,5,15094.67,5857.1,0,0
2024-06-05,Study Table,Furniture,South,Store E,8,11765.96,10,84714.93,16710.61,1,0
2024-06-05,T-Shirt,Fashion,South,Store A,15,831.22,5,11844.84,3440.11,0,0
2024-06-05,Jeans,Fashion,South,Store D,13,1912.46,0,24861.95,7552.82,1,0
2024-06-05,Shoes,Fashion,East,Store E,7,2462.39,0,17236.71,4751.43,0,0
2024-06-05,Coffee Maker,Home Appliances,South,Store B,8,4454.05,15,30287.56,4235.5,0,0
2024-06-05,Mixer Grinder,Home Appliances,South,Store C,9,3399.13,5,29062.56,5879.46,0,0
2024-06-06,Laptop,Electronics,South,Store D,13,55517.0,0,721721.01,206102.83,0,0
2024-06-06,Smartphone,Electronics,North,Store D,6,24311.56,5,138575.92,39736.25,0,0
2024-06-06,Headphones,Electronics,East,Store A,6,2548.69,0,15292.14,4089.5,0,0
2024-06-06,Office Chair,Furniture,West,Store A,2,7397.41,5,14055.08,3642.1,0,0
2024-06-06,Study Table,Furniture,West,Store A,10,12542.16,15,106608.32,18491.96,0,0
2024-06-06,T-Shirt,Fashion,West,Store C,11,859.63,10,8510.3,2126.44,0,0
2024-06-06,Jeans,Fashion,East,Store E,10,1909.59,0,19095.86,5991.32,0,0
2024-06-06,Shoes,Fashion,West,Store B,26,2644.31,0,68751.98,22955.87,1,0
2024-06-06,Coffee Maker,Home Appliances,East,Store C,11,4690.45,0,51594.94,14697.98,0,0
2024-06-06,Mixer Grinder,Home Appliances,West,Store E,10,3619.41,10,32574.71,6796.35,0,0
2024-06-07,Laptop,Electronics,South,Store C,3,53597.26,5,152752.2,34958.63,0,0
2024-06-07,Smartphone,Electronics,West,Store D,7,25885.07,0,181195.49,71284.99,0,0
2024-06-07,Headphones,Electronics,South,Store B,10,2462.28,0,24622.83,7948.47,0,0
2024-06-07,Office Chair,Furniture,East,Store A,7,8081.46,20,45256.2,5583.56,0,0
2024-06-07,Study Table,Furniture,East,Store E,8,12554.15,0,100433.17,36928.83,0,0
2024-06-07,T-Shirt,Fashion,North,Store B,12,823.55,15,8400.21,938.34,0,0
2024-06-07,Jeans,Fashion,East,Store C,19,1857.32,0,35289.04,12527.99,0,0
2024-06-07,Shoes,Fashion,West,Store B,18,2436.3,0,43853.4,14445.07,1,0
2024-06-07,Coffee Maker,Home Appliances,West,Store A,3,4316.74,10,11655.2,1802.76,0,0
2024-06-07,Mixer Grinder,Home Appliances,East,Store E,7,3367.32,15,20035.56,1349.45,1,0
2024-06-08,Laptop,Electronics,South,Store E,11,59325.78,0,652583.59,190303.44,1,0
2024-06-08,Smartphone,Electronics,East,Store A,15,25703.69,15,327722.0,62974.29,0,0
2024-06-08,Headphones,Electronics,South,Store B,9,2525.82,0,22732.38,8786.26,0,0
2024-06-08,Office Chair,Furniture,North,Store C,8,7529.53,0,60236.26,24143.0,0,0
2024-06-08,Study Table,Furniture,South,Store A,4,11730.32,0,46921.29,11724.01,0,0
2024-06-08,T-Shirt,Fashion,West,Store A,5,809.04,0,4045.19,1469.5,0,0
2024-06-08,Jeans,Fashion,South,Store E,15,1919.49,15,24473.52,6701.3,0,0
2024-06-08,Shoes,Fashion,East,Store B,11,2401.36,0,26414.94,6118.57,0,0
2024-06-08,Coffee Maker,Home Appliances,South,Store D,7,4340.16,0,30381.13,10010.99,0,0
2024-06-08,Mixer Grinder,Home Appliances,South,Store E,9,3727.49,10,30192.7,10540.33,0,0
2024-06-09,Laptop,Electronics,West,Store E,12,55103.79,0,661245.53,235013.27,1,0
2024-06-09,Smartphone,Electronics,South,Store B,19,24098.12,10,412077.92,99453.92,1,0
2024-06-09,Headphones,Electronics,South,Store A,15,2687.45,10,36280.55,8684.15,0,0
2024-06-09,Office Chair,Furniture,South,Store C,5,8066.28,0,40331.42,14052.42,0,0
2024-06-09,Study Table,Furniture,South,Store B,15,12217.27,15,155770.19,39084.73,1,0
2024-06-09,T-Shirt,Fashion,North,Store C,13,778.07,0,10114.88,2094.19,0,0
2024-06-09,Jeans,Fashion,East,Store A,5,1751.09,15,7442.15,1108.96,0,0
2024-06-09,Shoes,Fashion,West,Store A,13,2456.1,0,31929.31,11488.82,1,0
2024-06-09,Coffee Maker,Home Appliances,West,Store A,6,4352.47,0,26114.83,8661.04,0,0
2024-06-09,Mixer Grinder,Home Appliances,East,Store A,7,3720.49,5,24741.25,7973.71,0,0
2024-06-10,Laptop,Electronics,West,Store E,11,55854.75,20,491521.82,84662.73,1,0
2024-06-10,Smartphone,Electronics,South,Store E,11,24253.16,0,266784.71,92350.41,0,0
2024-06-10,Headphones,Electronics,West,Store B,15,2631.84,0,39477.67,11100.0,0,0
2024-06-10,Office Chair,Furniture,South,Store C,3,7958.48,15,20294.13,3509.37,0,0
2024-06-10,Study Table,Furniture,North,Store C,4,12904.51,10,46456.25,11005.47,0,0
2024-06-10,T-Shirt,Fashion,South,Store B,9,854.18,0,7687.64,3357.76,0,0
2024-06-10,Jeans,Fashion,South,Store B,17,1923.85,5,31070.25,10909.62,1,0
2024-06-10,Shoes,Fashion,North,Store E,7,2412.1,0,16884.72,3532.62,0,0
2024-06-10,Coffee Maker,Home Appliances,South,Store B,6,4649.77,0,27898.64,8866.15,0,0
2024-06-10,Mixer Grinder,Home Appliances,West,Store C,6,3704.96,5,21118.3,6618.44,0,0
2024-06-11,Laptop,Electronics,West,Store B,21,58192.33,5,1160936.99,295152.66,1,0
2024-06-11,Smartphone,Electronics,North,Store C,9,25309.63,10,205008.04,45969.09,0,0
2024-06-11,Headphones,Electronics,South,Store B,10,2383.38,0,23833.79,5476.97,0,0
2024-06-11,Office Chair,Furniture,North,Store E,4,7396.36,10,26626.9,4720.29,0,0
2024-06-11,Study Table,Furniture,West,Store A,12,12794.15,0,153529.85,50001.16,0,0
2024-06-11,T-Shirt,Fashion,West,Store A,10,838.57,5,7966.41,2361.18,0,0
2024-06-11,Jeans,Fashion,South,Store D,7,1790.6,15,10654.06,2356.77,0,0
2024-06-11,Shoes,Fashion,West,Store C,9,2604.6,0,23441.42,7908.48,1,0
2024-06-11,Coffee Maker,Home Appliances,West,Store A,8,4627.35,5,35167.85,7530.14,0,0
2024-06-11,Mixer Grinder,Home Appliances,North,Store E,8,3455.7,0,27645.62,9164.12,0,0
2024-06-12,Laptop,Electronics,North,Store C,9,55369.72,0,498327.47,121020.95,0,0
2024-06-12,Smartphone,Electronics,South,Store A,15,24506.66,5,349219.84,74394.58,1,0
2024-06-12,Headphones,Electronics,South,Store D,12,2475.04,10,26730.38,8508.46,0,0
2024-06-12,Office Chair,Furniture,North,Store B,9,7881.27,10,63838.26,13555.9,1,0
2024-06-12,Study Table,Furniture,East,Store A,6,11578.65,0,69471.89,13439.72,0,0
2024-06-12,T-Shirt,Fashion,West,Store B,16,845.63,0,13530.05,3755.45,0,0
2024-06-12,Jeans,Fashion,West,Store C,12,1799.13,0,21589.6,6108.67,0,0
2024-06-12,Shoes,Fashion,South,Store E,11,2547.14,0,28018.5,9969.4,0,0
2024-06-12,Coffee Maker,Home Appliances,West,Store C,10,4554.36,5,43266.4,10260.36,0,0
2024-06-12,Mixer Grinder,Home Appliances,South,Store E,9,3345.22,5,28601.6,5876.67,0,0
2024-06-13,Laptop,Electronics,West,Store B,12,57941.32,0,695295.88,286792.96,0,0
2024-06-13,Smartphone,Electronics,East,Store C,13,24564.77,5,303374.93,58434.9,0,0
2024-06-13,Headphones,Electronics,West,Store D,7,2615.59,0,18309.14,6515.38,1,0
2024-06-13,Office Chair,Furniture,North,Store D,12,7692.0,10,83073.61,21524.86,1,0
2024-06-13,Study Table,Furniture,West,Store C,3,12300.33,10,33210.89,6758.87,0,0
2024-06-13,T-Shirt,Fashion,South,Store B,10,788.66,5,7492.29,2175.02,0,0
2024-06-13,Jeans,Fashion,South,Store A,10,1840.32,15,15642.71,3540.93,1,0
2024-06-13,Shoes,Fashion,West,Store E,14,2385.95,10,30062.99,7771.24,0,0
2024-06-13,Coffee Maker,Home Appliances,South,Store C,8,4854.13,0,38833.01,11315.49,1,0
2024-06-13,Mixer Grinder,Home Appliances,North,Store D,6,3708.68,10,20026.86,3996.66,1,0
2024-06-14,Laptop,Electronics,South,Store C,8,56389.91,10,406007.37,135435.2,0,0
2024-06-14,Smartphone,Electronics,North,Store D,11,24337.66,0,267714.22,79859.54,0,0
2024-06-14,Headphones,Electronics,West,Store D,10,2450.0,0,24499.98,8583.44,0,0
2024-06-14,Office Chair,Furniture,West,Store C,3,7495.56,20,17989.35,2307.67,1,0
2024-06-14,Study Table,Furniture,South,Store E,4,12860.21,10,46296.76,17169.0,0,0
2024-06-14,T-Shirt,Fashion,South,Store B,14,840.98,10,10596.33,3752.97,0,0
2024-06-14,Jeans,Fashion,East,Store A,11,1747.93,5,18265.83,4056.55,1,0
2024-06-14,Shoes,Fashion,North,Store D,5,2475.09,15,10519.15,1299.05,0,0
2024-06-14,Coffee Maker,Home Appliances,South,Store C,6,4762.95,5,27148.81,8354.17,0,0
2024-06-14,Mixer Grinder,Home Appliances,West,Store D,6,3732.58,0,22395.48,8173.68,0,0
2024-06-15,Laptop,Electronics,South,Store B,7,56872.19,10,358294.82,84248.49,0,0
2024-06-15,Smartphone,Electronics,West,Store D,11,23884.94,0,262734.34,73450.08,0,0
2024-06-15,Headphones,Electronics,North,Store D,13,2643.1,5,32642.23,8266.8,0,0
2024-06-15,Office Chair,Furniture,West,Store C,11,7451.72,15,69673.57,11695.53,1,0
2024-06-15,Study Table,Furniture,East,Store C,11,12346.35,10,122228.82,23377.68,0,0
2024-06-15,T-Shirt,Fashion,East,Store B,23,761.17,5,16631.46,4587.78,1,0
2024-06-15,Jeans,Fashion,South,Store D,16,1814.27,0,29028.37,10232.36,0,0
2024-06-15,Shoes,Fashion,East,Store A,22,2627.1,15,49126.76,9647.59,1,0
2024-06-15,Coffee Maker,Home Appliances,East,Store E,11,4771.71,5,49864.41,17924.15,0,0
2024-06-15,Mixer Grinder,Home Appliances,North,Store D,4,3402.99,0,13611.96,4561.93,0,0
2024-06-16,Laptop,Electronics,West,Store A,9,58093.15,5,496696.46,169389.34,0,0
2024-06-16,Smartphone,Electronics,North,Store E,14,25403.57,0,355649.97,144378.35,1,0
2024-06-16,Headphones,Electronics,South,Store C,6,2626.58,5,14971.53,3747.79,0,0
2024-06-16,Office Chair,Furniture,North,Store D,5,7936.99,15,33732.23,5852.64,0,0
2024-06-16,Study Table,Furniture,North,Store D,9,12074.69,10,97805.0,15869.44,0,0
2024-06-16,T-Shirt,Fashion,South,Store A,10,770.24,0,7702.41,1681.05,0,0
2024-06-16,Jeans,Fashion,West,Store D,8,1891.94,0,15135.53,4193.66,1,0
2024-06-16,Shoes,Fashion,West,Store C,18,2633.98,0,47411.71,14982.9,1,0
2024-06-16,Coffee Maker,Home Appliances,East,Store D,10,4663.69,20,37309.51,3413.56,1,0
2024-06-16,Mixer Grinder,Home Appliances,North,Store A,7,3616.19,0,25313.3,9814.71,0,0
2024-06-17,Laptop,Electronics,West,Store A,12,53382.11,0,640585.36,238505.79,0,0
2024-06-17,Smartphone,Electronics,North,Store B,4,24824.59,15,84403.6,15528.26,0,0
2024-06-17,Headphones,Electronics,East,Store D,10,2647.76,0,26477.63,10187.09,0,0
2024-06-17,Office Chair,Furniture,West,Store A,10,7429.8,5,70583.14,21875.02,1,0
2024-06-17,Study Table,Furniture,East,Store C,2,11932.05,0,23864.09,9265.08,0,0
2024-06-17,T-Shirt,Fashion,West,Store A,9,764.96,10,6196.21,1537.5,0,0
2024-06-17,Jeans,Fashion,North,Store B,18,1930.96,0,34757.2,12975.12,1,0
2024-06-17,Shoes,Fashion,South,Store D,8,2452.28,20,15694.57,2037.06,0,0
2024-06-17,Coffee Maker,Home Appliances,South,Store C,9,4569.74,5,39071.25,10966.25,0,0
2024-06-17,Mixer Grinder,Home Appliances,East,Store B,9,3425.54,0,30829.83,10210.49,0,0
2024-06-18,Laptop,Electronics,South,Store A,10,57898.95,5,550040.01,194343.72,0,0
2024-06-18,Smartphone,Electronics,East,Store E,11,25082.72,15,234523.42,29747.59,0,0
2024-06-18,Headphones,Electronics,West,Store D,14,2684.97,0,37589.53,15772.26,0,0
2024-06-18,Office Chair,Furniture,South,Store B,4,7807.71,5,29669.3,10415.66,0,0
2024-06-18,Study Table,Furniture,South,Store E,8,12755.4,0,102043.21,30292.81,0,0
2024-06-18,T-Shirt,Fashion,West,Store A,19,793.66,10,13571.66,2109.95,1,0
2024-06-18,Jeans,Fashion,East,Store E,9,1806.08,0,16254.73,4716.71,0,0
2024-06-18,Shoes,Fashion,East,Store E,10,2477.02,10,22293.22,4571.94,0,0
2024-06-18,Coffee Maker,Home Appliances,West,Store E,7,4703.44,0,32924.08,10454.62,1,0
2024-06-18,Mixer Grinder,Home Appliances,West,Store E,14,3772.09,0,52809.22,16619.67,1,0
2024-06-19,Laptop,Electronics,North,Store A,11,59184.23,20,520821.23,89526.62,0,0
2024-06-19,Smartphone,Electronics,South,Store C,15,24828.56,15,316564.2,51179.98,0,0
2024-06-19,Headphones,Electronics,East,Store B,9,2534.7,15,19390.46,2074.09,1,0
2024-06-19,Office Chair,Furniture,South,Store A,12,7938.96,5,90504.18,33102.98,1,0
2024-06-19,Study Table,Furniture,East,Store D,9,11410.1,5,97556.37,22563.27,0,0
2024-06-19,T-Shirt,Fashion,South,Store C,17,859.78,0,14616.31,6267.7,1,0
2024-06-19,Jeans,Fashion,East,Store A,10,1836.9,10,16532.08,5135.5,0,0
2024-06-19,Shoes,Fashion,South,Store D,15,2453.37,5,34960.56,10753.04,1,0
2024-06-19,Coffee Maker,Home Appliances,East,Store E,11,4771.56,15,44614.1,11648.57,0,0
2024-06-19,Mixer Grinder,Home Appliances,West,Store B,7,3406.41,5,22652.6,6386.72,0,0
2024-06-20,Laptop,Electronics,East,Store A,10,55152.31,10,496370.82,128430.2,0,0
2024-06-20,Smartphone,Electronics,North,Store E,7,26835.51,0,187848.56,82690.23,0,0
2024-06-20,Headphones,Electronics,East,Store E,12,2698.98,15,27529.6,9425.04,0,0
2024-06-20,Office Chair,Furniture,North,Store B,11,7233.97,20,63658.95,148.42,0,0
2024-06-20,Study Table,Furniture,West,Store D,5,11483.81,20,45935.23,5252.84,0,0
2024-06-20,T-Shirt,Fashion,South,Store B,11,800.14,0,8801.57,2713.28,0,0
2024-06-20,Jeans,Fashion,North,Store E,17,1859.21,0,31606.5,9551.53,1,0
2024-06-20,Shoes,Fashion,East,Store E,10,2577.22,0,25772.19,8656.52,0,0
2024-06-20,Coffee Maker,Home Appliances,North,Store C,9,4572.28,0,41150.54,12315.7,1,0
2024-06-20,Mixer Grinder,Home Appliances,West,Store B,5,3513.15,10,15809.19,4150.9,0,0
2024-06-21,Laptop,Electronics,North,Store C,11,52704.68,5,550763.93,168481.24,1,0
2024-06-21,Smartphone,Electronics,East,Store C,8,24413.55,15,166012.11,14302.43,1,0
2024-06-21,Headphones,Electronics,North,Store C,13,2681.22,10,31370.26,6209.36,1,0
2024-06-21,Office Chair,Furniture,East,Store D,5,7667.19,10,34502.36,6950.25,1,0
2024-06-21,Study Table,Furniture,East,Store C,3,12728.28,5,36275.61,14494.87,0,0
2024-06-21,T-Shirt,Fashion,East,Store C,9,842.46,0,7582.16,2780.86,0,0
2024-06-21,Jeans,Fashion,East,Store C,12,1936.89,15,19756.3,4169.84,0,0
2024-06-21,Shoes,Fashion,North,Store E,10,2632.79,0,26327.9,9107.0,0,0
2024-06-21,Coffee Maker,Home Appliances,East,Store C,5,4516.11,5,21451.53,5428.13,1,0
2024-06-21,Mixer Grinder,Home Appliances,South,Store B,11,3526.87,5,36855.74,10494.39,1,0
2024-06-22,Laptop,Electronics,East,Store C,17,55904.55,5,902858.52,200067.24,1,0
2024-06-22,Smartphone,Electronics,North,Store A,9,24643.66,5,210703.28,38818.36,0,0
2024-06-22,Headphones,Electronics,West,Store B,9,2657.2,5,22719.05,7785.54,1,0
2024-06-22,Office Chair,Furniture,North,Store E,8,7715.7,20,49380.47,5439.55,1,0
2024-06-22,Study Table,Furniture,South,Store C,6,11526.0,0,69156.02,16053.76,0,0
2024-06-22,T-Shirt,Fashion,North,Store B,22,821.12,10,16258.26,4551.77,1,0
2024-06-22,Jeans,Fashion,East,Store A,13,1803.48,0,23445.23,8679.04,1,0
2024-06-22,Shoes,Fashion,East,Store A,13,2585.27,15,28567.2,8745.03,0,0
2024-06-22,Coffee Maker,Home Appliances,North,Store C,10,4433.65,20,35469.19,7674.31,0,0
2024-06-22,Mixer Grinder,Home Appliances,East,Store D,9,3613.17,0,32518.55,9852.57,1,0
2024-06-23,Laptop,Electronics,West,Store A,13,56639.66,5,699499.8,215138.77,0,0
2024-06-23,Smartphone,Electronics,South,Store C,5,26964.44,10,121339.98,41135.54,0,0
2024-06-23,Headphones,Electronics,South,Store B,15,2426.01,10,32751.09,7485.04,0,0
2024-06-23,Office Chair,Furniture,South,Store D,7,8023.35,0,56163.44,18768.36,1,0
2024-06-23,Study Table,Furniture,South,Store A,16,12048.29,0,192772.7,55450.93,1,0
2024-06-23,T-Shirt,Fashion,North,Store E,13,859.33,20,8937.06,2492.92,0,0
2024-06-23,Jeans,Fashion,West,Store B,16,1871.67,0,29946.74,8029.93,0,0
2024-06-23,Shoes,Fashion,East,Store B,11,2645.02,5,27640.42,9182.77,0,0
2024-06-23,Coffee Maker,Home Appliances,North,Store E,9,4795.52,10,38843.69,8267.25,0,0
2024-06-23,Mixer Grinder,Home Appliances,East,Store C,7,3717.11,5,24718.78,8910.18,0,0
2024-06-24,Laptop,Electronics,West,Store C,14,54868.47,20,614526.88,107885.78,0,0
2024-06-24,Smartphone,Electronics,East,Store E,5,26071.91,20,104287.64,13374.46,0,0
2024-06-24,Headphones,Electronics,West,Store D,15,2568.3,0,38524.45,12433.1,1,0
2024-06-24,Office Chair,Furniture,West,Store B,11,7564.49,10,74888.47,23459.23,0,0
2024-06-24,Study Table,Furniture,West,Store B,5,11698.53,10,52643.39,7956.58,0,0
2024-06-24,T-Shirt,Fashion,North,Store C,12,792.69,0,9512.23,2904.26,0,0
2024-06-24,Jeans,Fashion,West,Store E,7,1806.51,0,12645.59,4418.13,0,0
2024-06-24,Shoes,Fashion,West,Store A,9,2400.03,10,19440.2,5366.58,0,0
2024-06-24,Coffee Maker,Home Appliances,North,Store E,12,4837.32,5,55145.44,22352.41,0,0
2024-06-24,Mixer Grinder,Home Appliances,East,Store E,9,3607.43,0,32466.9,11186.69,0,0
2024-06-25,Laptop,Electronics,East,Store C,5,56663.34,5,269150.86,97038.76,0,0
2024-06-25,Smartphone,Electronics,South,Store D,9,25293.06,0,227637.52,59273.69,0,0
2024-06-25,Headphones,Electronics,North,Store B,8,2390.73,0,19125.83,6511.49,0,0
2024-06-25,Office Chair,Furniture,North,Store E,5,8002.67,20,32010.67,4172.1,0,0
2024-06-25,Study Table,Furniture,East,Store A,7,12309.76,20,68934.64,6804.39,0,0
2024-06-25,T-Shirt,Fashion,South,Store A,15,834.88,10,11270.84,2705.0,1,0
2024-06-25,Jeans,Fashion,East,Store C,18,1860.18,0,33483.32,11446.98,1,0
2024-06-25,Shoes,Fashion,North,Store D,19,2389.8,5,43135.9,10776.57,1,0
2024-06-25,Coffee Maker,Home Appliances,South,Store D,7,4597.68,0,32183.74,12536.7,0,0
2024-06-25,Mixer Grinder,Home Appliances,North,Store A,9,3422.19,15,26179.72,6484.41,1,0
2024-06-26,Laptop,Electronics,East,Store C,11,55789.24,10,552313.51,155167.32,1,0
2024-06-26,Smartphone,Electronics,South,Store A,9,26497.85,0,238480.64,79669.96,0,0
2024-06-26,Headphones,Electronics,South,Store E,12,2518.58,0,30222.92,11769.93,1,0
2024-06-26,Office Chair,Furniture,South,Store D,11,7926.38,0,87190.23,23529.14,1,0
2024-06-26,Study Table,Furniture,South,Store B,10,12689.78,5,120552.9,44045.9,0,0
2024-06-26,T-Shirt,Fashion,East,Store D,14,859.5,0,12032.96,4143.12,0,0
2024-06-26,Jeans,Fashion,West,Store E,3,1803.18,10,4868.58,1314.57,0,0
2024-06-26,Shoes,Fashion,West,Store B,17,2600.05,10,39780.71,8364.15,1,0
2024-06-26,Coffee Maker,Home Appliances,South,Store D,7,4789.48,0,33526.34,11788.26,0,0
2024-06-26,Mixer Grinder,Home Appliances,North,Store A,7,3467.3,0,24271.09,8916.98,0,0
2024-06-27,Laptop,Electronics,East,Store E,16,52291.53,5,794831.19,186409.13,1,0
2024-06-27,Smartphone,Electronics,East,Store D,7,26580.97,0,186066.78,73441.75,0,0
2024-06-27,Headphones,Electronics,North,Store E,11,2601.89,10,25758.73,8005.61,0,0
2024-06-27,Office Chair,Furniture,East,Store E,10,7659.02,0,76590.24,23758.26,0,0
2024-06-27,Study Table,Furniture,North,Store E,3,11674.97,5,33273.66,6155.18,0,0
2024-06-27,T-Shirt,Fashion,West,Store D,14,861.54,5,11458.43,3142.45,1,0
2024-06-27,Jeans,Fashion,East,Store E,8,1739.32,20,11131.65,845.59,0,0
2024-06-27,Shoes,Fashion,East,Store E,5,2419.43,10,10887.41,1990.73,1,0
2024-06-27,Coffee Maker,Home Appliances,West,Store E,4,4407.92,20,14105.35,866.19,0,0
2024-06-27,Mixer Grinder,Home Appliances,North,Store C,4,3357.29,10,12086.23,2842.49,0,0
2024-06-28,Laptop,Electronics,East,Store D,7,58952.27,20,330132.72,81405.7,0,0
2024-06-28,Smartphone,Electronics,North,Store C,12,25149.88,0,301798.62,102989.99,0,0
2024-06-28,Headphones,Electronics,East,Store C,20,2667.22,5,50677.23,18991.69,1,0
2024-06-28,Office Chair,Furniture,West,Store A,1,7726.83,10,6954.14,1577.04,0,0
2024-06-28,Study Table,Furniture,North,Store C,6,12214.95,5,69625.2,24538.88,0,0
2024-06-28,T-Shirt,Fashion,West,Store D,6,835.14,5,4760.31,1740.72,1,0
2024-06-28,Jeans,Fashion,South,Store B,14,1767.22,10,22267.03,3890.46,0,0
2024-06-28,Shoes,Fashion,South,Store A,12,2406.63,5,27435.53,8820.67,1,0
2024-06-28,Coffee Maker,Home Appliances,East,Store A,10,4734.69,5,44979.54,17441.13,0,0
2024-06-28,Mixer Grinder,Home Appliances,South,Store E,8,3756.6,0,30052.79,12045.63,0,0
2024-06-29,Laptop,Electronics,North,Store E,10,54125.11,10,487125.96,87765.01,0,0
2024-06-29,Smartphone,Electronics,North,Store C,15,24486.59,15,312204.08,71962.58,0,0
2024-06-29,Headphones,Electronics,East,Store D,12,2395.68,10,25873.36,6789.75,0,0
2024-06-29,Office Chair,Furniture,West,Store E,13,8067.43,15,89145.13,24819.4,1,0
2024-06-29,Study Table,Furniture,East,Store B,6,11926.75,10,64404.44,20153.22,0,0
2024-06-29,T-Shirt,Fashion,West,Store A,17,816.34,10,12489.97,4138.54,0,0
2024-06-29,Jeans,Fashion,East,Store E,20,1736.47,0,34729.42,9108.77,1,0
2024-06-29,Shoes,Fashion,East,Store D,11,2667.49,10,26408.17,6573.73,0,0
2024-06-29,Coffee Maker,Home Appliances,South,Store A,14,4599.79,5,61177.26,15784.0,0,0
2024-06-29,Mixer Grinder,Home Appliances,East,Store A,11,3714.92,0,40864.13,17369.49,0,0
2024-06-30,Laptop,Electronics,South,Store C,5,53245.28,20,212981.11,8433.95,0,0
2024-06-30,Smartphone,Electronics,North,Store C,15,26627.08,0,399406.26,168895.62,1,0
2024-06-30,Headphones,Electronics,East,Store B,16,2423.8,15,32963.73,5625.99,1,0
2024-06-30,Office Chair,Furniture,East,Store B,13,7931.94,0,103115.2,27672.71,1,0
2024-06-30,Study Table,Furniture,South,Store D,2,12299.29,5,23368.66,8728.71,0,0
2024-06-30,T-Shirt,Fashion,East,Store C,15,801.36,10,10818.34,3489.8,1,0
2024-06-30,Jeans,Fashion,East,Store E,17,1856.0,5,29974.38,7038.87,1,0
2024-06-30,Shoes,Fashion,East,Store E,9,2555.26,0,22997.38,7390.44,0,0
2024-06-30,Coffee Maker,Home Appliances,East,Store E,13,4405.88,20,45821.1,4570.31,0,0
2024-06-30,Mixer Grinder,Home Appliances,East,Store E,9,3579.79,0,32218.1,11940.64,0,0
2024-07-01,Laptop,Electronics,East,Store A,19,53617.2,0,1018726.84,310052.64,1,0
2024-07-01,Smartphone,Electronics,East,Store A,10,26741.31,5,254042.49,64217.31,0,0
2024-07-01,Headphones,Electronics,North,Store E,14,2561.25,0,35857.54,13532.79,0,0
2024-07-01,Office Chair,Furniture,East,Store B,8,7799.83,15,53038.82,11330.75,1,0
2024-07-01,Study Table,Furniture,East,Store D,12,12797.65,15,130536.05,22555.42,1,0
2024-07-01,T-Shirt,Fashion,North,Store E,10,792.66,0,7926.58,2557.01,0,0
2024-07-01,Jeans,Fashion,South,Store C,7,1928.61,0,13500.27,3779.75,0,0
2024-07-01,Shoes,Fashion,East,Store C,19,2619.44,0,49769.41,17363.78,0,0
2024-07-01,Coffee Maker,Home Appliances,North,Store A,7,4521.64,0,31651.46,8443.26,0,0
2024-07-01,Mixer Grinder,Home Appliances,West,Store A,2,3376.96,10,6078.53,1549.05,0,0
2024-07-02,Laptop,Electronics,South,Store B,8,54600.48,5,414963.64,105630.31,1,0
2024-07-02,Smartphone,Electronics,East,Store C,10,26297.14,5,249822.88,76217.26,0,0
2024-07-02,Headphones,Electronics,East,Store A,15,2446.01,15,31186.62,4735.49,1,0
2024-07-02,Office Chair,Furniture,South,Store D,7,7560.84,5,50279.62,14717.86,0,0
2024-07-02,Study Table,Furniture,East,Store A,4,12236.87,5,46500.11,16440.33,1,0
2024-07-02,T-Shirt,Fashion,East,Store B,9,764.03,5,6532.45,2137.79,0,0
2024-07-02,Jeans,Fashion,West,Store C,22,1781.66,5,37236.79,11953.3,1,0
2024-07-02,Shoes,Fashion,South,Store B,17,2586.16,0,43964.8,10832.5,0,0
2024-07-02,Coffee Maker,Home Appliances,North,Store B,3,4836.09,5,13782.85,4375.48,0,0
2024-07-02,Mixer Grinder,Home Appliances,East,Store B,6,3367.24,15,17172.91,2600.47,0,0
2024-07-03,Laptop,Electronics,East,Store E,11,56696.78,20,498931.7,47549.55,1,0
2024-07-03,Smartphone,Electronics,East,Store D,11,24922.23,0,274144.51,88431.65,0,0
2024-07-03,Headphones,Electronics,North,Store D,12,2507.03,5,28580.09,10566.38,0,0
2024-07-03,Office Chair,Furniture,North,Store D,3,7514.17,20,18034.02,2569.54,0,0
2024-07-03,Study Table,Furniture,West,Store B,4,12759.24,10,45933.26,16737.77,0,0
2024-07-03,T-Shirt,Fashion,North,Store C,12,820.87,0,9850.44,2608.24,1,0
2024-07-03,Jeans,Fashion,West,Store E,13,1927.29,5,23802.08,7454.53,0,0
2024-07-03,Shoes,Fashion,South,Store D,16,2465.27,20,31555.42,2648.47,1,0
2024-07-03,Coffee Maker,Home Appliances,East,Store D,14,4711.54,0,65961.6,21870.52,0,0
2024-07-03,Mixer Grinder,Home Appliances,East,Store C,9,3351.29,0,30161.58,8227.31,1,0
2024-07-04,Laptop,Electronics,East,Store D,5,53385.51,5,253581.19,86647.64,0,0
2024-07-04,Smartphone,Electronics,East,Store E,15,26918.62,10,363401.34,117775.6,0,0
2024-07-04,Headphones,Electronics,North,Store D,12,2667.57,0,32010.86,12594.54,1,0
2024-07-04,Office Chair,Furniture,North,Store E,8,7434.53,5,56502.4,16273.94,1,0
2024-07-04,Study Table,Furniture,North,Store C,7,12121.06,15,72120.29,12147.38,0,0
2024-07-04,T-Shirt,Fashion,North,Store C,11,838.89,10,8305.0,1572.06,0,0
2024-07-04,Jeans,Fashion,East,Store C,10,1893.97,5,17992.71,6942.49,0,0
2024-07-04,Shoes,Fashion,North,Store D,12,2472.8,5,28189.87,9710.45,0,0
2024-07-04,Coffee Maker,Home Appliances,West,Store E,10,4585.65,10,41270.84,9483.84,0,0
2024-07-04,Mixer Grinder,Home Appliances,South,Store B,6,3514.42,5,20032.2,5446.9,0,0
2024-07-05,Laptop,Electronics,West,Store E,10,53639.01,10,482751.07,120303.09,0,0
2024-07-05,Smartphone,Electronics,South,Store C,9,23832.26,0,214490.35,72649.69,0,0
2024-07-05,Headphones,Electronics,West,Store C,10,2378.88,15,20220.47,1998.89,0,0
2024-07-05,Office Chair,Furniture,East,Store D,3,7464.86,0,22394.58,6763.67,0,0
2024-07-05,Study Table,Furniture,South,Store D,5,11752.9,10,52888.07,8799.77,0,0
2024-07-05,T-Shirt,Fashion,North,Store A,9,844.45,10,6840.02,2010.91,0,0
2024-07-05,Jeans,Fashion,East,Store A,13,1773.48,10,20749.71,3673.78,0,0
2024-07-05,Shoes,Fashion,West,Store E,15,2634.31,5,37538.89,8658.02,1,0
2024-07-05,Coffee Maker,Home Appliances,East,Store A,6,4629.17,20,22220.0,4440.52,1,0
2024-07-05,Mixer Grinder,Home Appliances,South,Store C,6,3591.5,10,19394.1,5514.07,0,0
2024-07-06,Laptop,Electronics,North,Store E,11,58003.41,0,638037.46,241365.11,0,0
2024-07-06,Smartphone,Electronics,North,Store C,14,25236.66,5,335647.62,112143.24,1,0
2024-07-06,Headphones,Electronics,North,Store A,9,2510.05,10,20331.44,5382.02,0,0
2024-07-06,Office Chair,Furniture,East,Store E,15,7995.83,5,113940.64,28006.27,1,0
2024-07-06,Study Table,Furniture,East,Store A,8,11660.52,0,93284.12,22730.61,0,0
2024-07-06,T-Shirt,Fashion,North,Store D,21,778.63,20,13081.0,1955.17,1,0
2024-07-06,Jeans,Fashion,North,Store C,13,1760.87,0,22891.25,6768.36,0,0
2024-07-06,Shoes,Fashion,South,Store D,16,2547.09,5,38715.77,10695.54,0,0
2024-07-06,Coffee Maker,Home Appliances,North,Store E,9,4461.46,0,40153.13,15704.28,1,0
2024-07-06,Mixer Grinder,Home Appliances,East,Store E,14,3590.28,0,50263.99,14603.15,0,0
2024-07-07,Laptop,Electronics,East,Store B,11,57486.15,10,569112.89,169898.2,0,0
2024-07-07,Smartphone,Electronics,East,Store D,11,25298.15,20,222623.74,50740.79,0,0
2024-07-07,Headphones,Electronics,West,Store B,15,2528.5,0,37927.45,8841.5,1,0
2024-07-07,Office Chair,Furniture,South,Store E,7,7465.28,5,49644.13,9918.72,1,0
2024-07-07,Study Table,Furniture,North,Store C,9,12049.54,15,92179.01,23947.91,0,0
2024-07-07,T-Shirt,Fashion,West,Store A,8,796.04,15,5413.1,704.38,0,0
2024-07-07,Jeans,Fashion,South,Store E,29,1865.6,5,51397.15,12518.81,0,0
2024-07-07,Shoes,Fashion,East,Store D,13,2399.08,10,28069.18,8293.87,0,0
2024-07-07,Coffee Maker,Home Appliances,North,Store E,7,4820.5,0,33743.49,10603.47,0,0
2024-07-07,Mixer Grinder,Home Appliances,East,Store B,6,3448.13,15,17585.45,2701.67,0,0
2024-07-08,Laptop,Electronics,West,Store D,8,54339.28,0,434714.26,120690.06,0,0
2024-07-08,Smartphone,Electronics,South,Store A,9,26357.17,20,189771.64,33200.71,0,0
2024-07-08,Headphones,Electronics,North,Store E,12,2403.7,10,25959.96,4816.4,1,0
2024-07-08,Office Chair,Furniture,West,Store E,4,7856.5,5,29854.72,7759.73,0,0
2024-07-08,Study Table,Furniture,East,Store E,7,11571.49,15,68850.36,3582.6,0,0
2024-07-08,T-Shirt,Fashion,East,Store A,9,836.66,0,7529.95,2748.3,0,0
2024-07-08,Jeans,Fashion,East,Store D,4,1737.37,0,6949.47,2623.64,0,0
2024-07-08,Shoes,Fashion,West,Store A,11,2641.37,10,26149.54,6056.86,0,0
2024-07-08,Coffee Maker,Home Appliances,West,Store D,5,4384.89,5,20828.22,5668.05,0,0
2024-07-08,Mixer Grinder,Home Appliances,South,Store C,5,3629.62,10,16333.29,4235.07,0,0
2024-07-09,Laptop,Electronics,West,Store D,11,57485.59,20,505873.22,41129.5,0,0
2024-07-09,Smartphone,Electronics,South,Store A,13,25343.63,0,329467.25,78810.92,1,0
2024-07-09,Headphones,Electronics,East,Store D,8,2403.97,0,19231.77,6201.76,1,0
2024-07-09,Office Chair,Furniture,East,Store A,4,7368.31,0,29473.23,9780.77,0,0
2024-07-09,Study Table,Furniture,West,Store B,7,12781.39,10,80522.75,18418.1,0,0
2024-07-09,T-Shirt,Fashion,East,Store C,12,861.82,15,8790.56,1521.51,0,0
2024-07-09,Jeans,Fashion,North,Store D,9,1745.64,0,15710.74,5497.09,1,0
2024-07-09,Shoes,Fashion,North,Store A,12,2571.48,5,29314.83,10794.97,0,0
2024-07-09,Coffee Maker,Home Appliances,West,Store A,7,4855.76,10,30591.31,7216.52,1,0
2024-07-09,Mixer Grinder,Home Appliances,East,Store D,2,3445.21,20,5512.34,956.58,1,0
2024-07-10,Laptop,Electronics,North,Store B,8,55836.15,0,446689.17,111841.28,0,0
2024-07-10,Smartphone,Electronics,South,Store E,15,25910.57,10,349792.66,111275.04,0,0
2024-07-10,Headphones,Electronics,North,Store D,4,2422.66,5,9206.12,1551.75,0,0
2024-07-10,Office Chair,Furniture,North,Store B,4,7581.32,0,30325.27,12115.58,0,0
2024-07-10,Study Table,Furniture,North,Store D,10,11999.62,15,101996.74,8635.72,1,0
2024-07-10,T-Shirt,Fashion,East,Store A,13,787.33,0,10235.35,3570.3,0,0
2024-07-10,Jeans,Fashion,South,Store D,12,1779.39,15,18149.79,2136.84,0,0
2024-07-10,Shoes,Fashion,West,Store C,21,2694.95,10,50934.65,15874.81,1,0
2024-07-10,Coffee Maker,Home Appliances,South,Store E,4,4806.03,0,19224.12,6669.33,0,0
2024-07-10,Mixer Grinder,Home Appliances,East,Store E,11,3566.95,5,37274.61,11523.66,1,0
2024-07-11,Laptop,Electronics,South,Store A,14,58700.23,20,657442.57,156086.4,0,0
2024-07-11,Smartphone,Electronics,South,Store E,4,23920.01,0,95680.06,23556.12,0,0
2024-07-11,Headphones,Electronics,East,Store E,7,2534.8,0,17743.59,4937.3,0,0
2024-07-11,Office Chair,Furniture,East,Store E,4,7600.91,15,25843.08,5433.18,0,0
2024-07-11,Study Table,Furniture,East,Store B,6,12622.9,20,60589.9,4461.83,1,0
2024-07-11,T-Shirt,Fashion,East,Store A,11,767.5,0,8442.55,2294.94,0,0
2024-07-11,Jeans,Fashion,North,Store C,16,1764.83,10,25413.62,3391.94,1,0
2024-07-11,Shoes,Fashion,East,Store A,12,2470.05,0,29640.66,11146.45,1,0
2024-07-11,Coffee Maker,Home Appliances,East,Store C,8,4841.55,15,32922.55,9850.74,0,0
2024-07-11,Mixer Grinder,Home Appliances,East,Store C,11,3470.08,0,38170.83,10240.98,0,0
2024-07-12,Laptop,Electronics,South,Store A,8,54124.6,5,411346.95,140645.18,0,0
2024-07-12,Smartphone,Electronics,South,Store E,8,25445.41,0,203563.27,59292.57,0,0
2024-07-12,Headphones,Electronics,North,Store B,11,2527.3,20,22240.23,4020.87,1,0
2024-07-12,Office Chair,Furniture,South,Store D,6,7804.51,0,46827.09,17884.94,0,0
2024-07-12,Study Table,Furniture,West,Store A,9,11534.96,5,98623.94,27583.03,1,0
2024-07-12,T-Shirt,Fashion,North,Store C,5,852.83,0,4264.14,1168.47,0,0
2024-07-12,Jeans,Fashion,North,Store E,14,1916.64,5,25491.29,9438.95,0,0
2024-07-12,Shoes,Fashion,South,Store D,13,2545.0,5,31430.78,9397.86,0,0
2024-07-12,Coffee Maker,Home Appliances,South,Store C,9,4530.38,5,38734.75,13363.25,0,0
2024-07-12,Mixer Grinder,Home Appliances,North,Store A,6,3762.86,0,22577.17,9657.1,0,0
2024-07-13,Laptop,Electronics,North,Store B,8,57832.56,5,439527.42,131866.56,0,0
2024-07-13,Smartphone,Electronics,South,Store B,8,26518.17,0,212145.38,72407.16,0,0
2024-07-13,Headphones,Electronics,South,Store C,11,2387.29,0,26260.22,7698.48,1,0
2024-07-13,Office Chair,Furniture,North,Store D,11,7617.59,10,75414.17,20455.01,1,0
2024-07-13,Study Table,Furniture,West,Store A,13,12107.29,10,141655.3,45812.67,1,0
2024-07-13,T-Shirt,Fashion,East,Store E,10,851.86,10,7666.75,2863.77,0,0
2024-07-13,Jeans,Fashion,North,Store B,20,1918.4,5,36449.62,9474.58,1,0
2024-07-13,Shoes,Fashion,North,Store C,8,2499.5,15,16996.57,3378.72,0,0
2024-07-13,Coffee Maker,Home Appliances,South,Store E,10,4334.28,0,43342.81,15616.18,0,0
2024-07-13,Mixer Grinder,Home Appliances,West,Store D,7,3547.34,5,23589.79,8817.8,0,0
2024-07-14,Laptop,Electronics,West,Store B,13,58747.86,5,725536.1,245281.58,0,0
2024-07-14,Smartphone,Electronics,North,Store E,22,25238.48,5,527484.25,191345.3,0,0
2024-07-14,Headphones,Electronics,North,Store C,12,2677.89,10,28921.2,8444.17,0,0
2024-07-14,Office Chair,Furniture,North,Store B,10,7323.67,15,62251.2,11917.79,0,0
2024-07-14,Study Table,Furniture,West,Store E,8,12414.46,0,99315.7,32664.22,0,0
2024-07-14,T-Shirt,Fashion,East,Store D,16,854.71,5,12991.54,4078.9,0,0
2024-07-14,Jeans,Fashion,South,Store E,11,1927.23,0,21199.52,7319.43,0,0
2024-07-14,Shoes,Fashion,North,Store D,16,2595.21,10,37371.04,6275.13,1,0
2024-07-14,Coffee Maker,Home Appliances,East,Store D,14,4426.27,10,55770.94,7115.23,1,0
2024-07-14,Mixer Grinder,Home Appliances,North,Store D,11,3567.42,0,39241.57,16068.23,0,0
2024-07-15,Laptop,Electronics,North,Store E,9,55787.49,0,502087.42,170803.49,0,0
2024-07-15,Smartphone,Electronics,North,Store D,10,26439.3,20,211514.38,51809.66,1,0
2024-07-15,Headphones,Electronics,North,Store D,7,2642.12,0,18494.87,5420.63,0,0
2024-07-15,Office Chair,Furniture,South,Store D,3,7663.6,15,19542.18,2772.45,0,0
2024-07-15,Study Table,Furniture,North,Store E,1,12488.49,5,11864.06,3129.48,0,0
2024-07-15,T-Shirt,Fashion,North,Store E,14,786.52,0,11011.28,3006.67,0,0
2024-07-15,Jeans,Fashion,South,Store A,14,1720.76,5,22886.12,4057.98,0,0
2024-07-15,Shoes,Fashion,East,Store C,17,2601.12,5,42008.06,16388.47,1,0
2024-07-15,Coffee Maker,Home Appliances,North,Store A,11,4649.75,20,40917.82,10365.32,1,0
2024-07-15,Mixer Grinder,Home Appliances,West,Store D,7,3625.57,0,25379.02,6755.29,1,0
2024-07-16,Laptop,Electronics,North,Store D,11,52508.01,5,548708.75,169387.08,0,0
2024-07-16,Smartphone,Electronics,West,Store A,6,24362.06,5,138863.72,28046.45,0,0
2024-07-16,Headphones,Electronics,North,Store B,4,2443.94,10,8798.17,2321.78,0,0
2024-07-16,Office Chair,Furniture,North,Store A,7,7888.32,10,49696.43,8835.83,0,0
2024-07-16,Study Table,Furniture,South,Store C,4,12777.31,5,48553.76,14248.2,0,0
2024-07-16,T-Shirt,Fashion,West,Store B,17,812.83,5,13127.16,3544.79,0,0
2024-07-16,Jeans,Fashion,West,Store B,19,1939.15,5,35001.74,10803.69,1,0
2024-07-16,Shoes,Fashion,North,Store B,12,2606.41,5,29713.07,6884.43,0,0
2024-07-16,Coffee Maker,Home Appliances,East,Store D,16,4843.96,5,73628.25,22067.59,1,0
2024-07-16,Mixer Grinder,Home Appliances,North,Store E,7,3722.97,5,24757.75,5748.87,0,0
2024-07-17,Laptop,Electronics,East,Store D,9,56053.32,0,504479.9,202079.67,0,0
2024-07-17,Smartphone,Electronics,North,Store D,11,24235.42,5,253260.16,48134.65,0,0
2024-07-17,Headphones,Electronics,East,Store B,5,2422.25,0,12111.25,4224.99,1,0
2024-07-17,Office Chair,Furniture,East,Store C,8,7661.62,5,58228.34,15766.8,1,0
2024-07-17,Study Table,Furniture,West,Store E,8,11802.46,0,94419.71,26040.09,0,0
2024-07-17,T-Shirt,Fashion,South,Store A,13,816.7,15,9024.53,2269.88,0,0
2024-07-17,Jeans,Fashion,East,Store E,12,1905.7,10,20581.57,5530.64,0,0
2024-07-17,Shoes,Fashion,West,Store A,21,2581.22,5,51495.28,16966.75,1,0
2024-07-17,Coffee Maker,Home Appliances,South,Store B,6,4474.91,5,25506.99,6504.9,0,0
2024-07-17,Mixer Grinder,Home Appliances,East,Store E,10,3410.78,0,34107.82,11957.96,0,0
2024-07-18,Laptop,Electronics,North,Store E,9,58851.21,5,503177.83,202958.71,0,0
2024-07-18,Smartphone,Electronics,South,Store A,14,26628.67,0,372801.32,101599.28,1,0
2024-07-18,Headphones,Electronics,East,Store A,8,2507.85,0,20062.81,4770.29,0,0
2024-07-18,Office Chair,Furniture,North,Store E,6,7397.17,10,39944.7,11071.47,0,0
2024-07-18,Study Table,Furniture,East,Store C,9,11604.44,0,104439.95,22222.29,0,0
2024-07-18,T-Shirt,Fashion,North,Store E,9,855.78,10,6931.81,2198.95,1,0
2024-07-18,Jeans,Fashion,South,Store C,11,1887.38,10,18685.08,5260.38,1,0
2024-07-18,Shoes,Fashion,North,Store D,10,2633.17,0,26331.67,8929.79,0,0
2024-07-18,Coffee Maker,Home Appliances,West,Store A,4,4396.48,20,14068.72,667.56,0,0
2024-07-18,Mixer Grinder,Home Appliances,South,Store D,7,3443.71,5,22900.65,5353.69,1,0
2024-07-19,Laptop,Electronics,East,Store E,10,53526.93,10,481742.36,73436.54,0,0
2024-07-19,Smartphone,Electronics,South,Store E,13,26297.22,5,324770.65,86170.03,0,0
2024-07-19,Headphones,Electronics,South,Store E,8,2627.19,5,19966.64,6569.29,0,0
2024-07-19,Office Chair,Furniture,East,Store D,5,7793.71,0,38968.56,16071.38,0,0
2024-07-19,Study Table,Furniture,South,Store A,5,11692.39,0,58461.96,19097.04,0,0
2024-07-19,T-Shirt,Fashion,South,Store B,17,854.14,5,13794.4,4065.31,1,0
2024-07-19,Jeans,Fashion,North,Store B,13,1750.45,0,22755.84,6712.51,0,0
2024-07-19,Shoes,Fashion,South,Store C,11,2530.64,20,22269.66,5314.22,1,0
2024-07-19,Coffee Maker,Home Appliances,East,Store A,6,4466.94,5,25461.56,8615.76,0,0
2024-07-19,Mixer Grinder,Home Appliances,South,Store E,10,3336.71,0,33367.08,11814.13,1,0
2024-07-20,Laptop,Electronics,North,Store E,10,54426.03,5,517047.26,146441.82,0,0
2024-07-20,Smartphone,Electronics,West,Store E,16,23971.03,5,364359.63,80773.4,0,0
2024-07-20,Headphones,Electronics,West,Store A,10,2683.84,0,26838.42,9734.24,0,0
2024-07-20,Office Chair,Furniture,South,Store C,8,7396.28,5,56211.74,10394.35,0,0
2024-07-20,Study Table,Furniture,South,Store E,7,12121.08,10,76362.78,19826.55,1,0
2024-07-20,T-Shirt,Fashion,East,Store A,12,801.53,0,9618.35,3658.59,0,0
2024-07-20,Jeans,Fashion,South,Store E,13,1742.56,0,22653.23,7293.95,0,0
2024-07-20,Shoes,Fashion,South,Store B,16,2697.15,0,43154.42,15941.78,0,0
2024-07-20,Coffee Maker,Home Appliances,West,Store A,11,4824.21,0,53066.34,18378.41,0,0
2024-07-20,Mixer Grinder,Home Appliances,West,Store A,10,3534.54,5,33578.11,8329.65,0,0
2024-07-21,Laptop,Electronics,North,Store C,20,54862.51,15,932662.62,221107.73,0,0
2024-07-21,Smartphone,Electronics,North,Store A,8,24395.88,15,165892.01,18146.89,0,0
2024-07-21,Headphones,Electronics,East,Store E,9,2502.18,5,21393.6,6260.52,0,0
2024-07-21,Office Chair,Furniture,North,Store D,6,7574.66,5,43175.56,8846.96,0,0
2024-07-21,Study Table,Furniture,West,Store A,4,11678.47,0,46713.86,12379.31,0,0
2024-07-21,T-Shirt,Fashion,East,Store A,15,839.33,0,12589.96,4091.3,0,0
2024-07-21,Jeans,Fashion,East,Store D,13,1865.33,0,24249.23,8526.55,1,0
2024-07-21,Shoes,Fashion,West,Store C,15,2673.72,0,40105.87,11672.81,0,0
2024-07-21,Coffee Maker,Home Appliances,East,Store C,7,4374.84,10,27561.5,3053.51,1,0
2024-07-21,Mixer Grinder,Home Appliances,South,Store A,6,3523.37,5,20083.19,6321.38,0,0
2024-07-22,Laptop,Electronics,North,Store A,11,55893.92,5,584091.41,194299.52,0,0
2024-07-22,Smartphone,Electronics,West,Store D,6,26745.55,20,128378.62,16680.1,0,0
2024-07-22,Headphones,Electronics,West,Store E,14,2697.71,15,32102.75,6935.25,0,0
2024-07-22,Office Chair,Furniture,West,Store B,8,7969.46,10,57380.09,11756.07,0,0
2024-07-22,Study Table,Furniture,West,Store B,8,12757.95,15,86754.06,24549.61,0,0
2024-07-22,T-Shirt,Fashion,South,Store B,9,770.35,5,6586.47,1287.78,0,0
2024-07-22,Jeans,Fashion,South,Store B,13,1738.25,5,21467.4,4452.13,0,0
2024-07-22,Shoes,Fashion,North,Store B,11,2689.1,0,29580.1,9003.98,0,0
2024-07-22,Coffee Maker,Home Appliances,East,Store B,9,4531.04,0,40779.4,15924.22,0,0
2024-07-22,Mixer Grinder,Home Appliances,East,Store A,14,3770.51,5,50147.83,14613.06,1,0
2024-07-23,Laptop,Electronics,North,Store E,7,59189.65,10,372894.77,79943.28,0,0
2024-07-23,Smartphone,Electronics,South,Store E,8,24507.58,10,176454.6,20800.74,0,0
2024-07-23,Headphones,Electronics,West,Store D,9,2514.3,10,20365.87,5150.82,1,0
2024-07-23,Office Chair,Furniture,East,Store A,5,7894.04,0,39470.18,15729.84,1,0
2024-07-23,Study Table,Furniture,North,Store C,4,11759.23,10,42333.22,5171.91,0,0
2024-07-23,T-Shirt,Fashion,South,Store C,9,817.42,10,6621.07,1476.44,0,0
2024-07-23,Jeans,Fashion,West,Store D,10,1859.84,5,17668.44,5342.16,0,0
2024-07-23,Shoes,Fashion,South,Store C,9,2620.39,20,18866.8,2149.88,0,0
2024-07-23,Coffee Maker,Home Appliances,South,Store E,4,4590.88,0,18363.5,6984.65,0,0
2024-07-23,Mixer Grinder,Home Appliances,West,Store C,4,3636.43,15,12363.85,3545.64,0,0
2024-07-24,Laptop,Electronics,South,Store D,9,52413.62,20,377378.09,-4124.32,1,0
2024-07-24,Smartphone,Electronics,East,Store D,4,26032.43,10,93716.74,27699.36,0,0
2024-07-24,Headphones,Electronics,East,Store B,8,2502.29,10,18016.48,3934.19,0,0
2024-07-24,Office Chair,Furniture,West,Store A,7,7979.84,15,47480.02,13621.45,0,0
2024-07-24,Study Table,Furniture,South,Store B,6,11853.17,15,60451.17,10989.9,1,0
2024-07-24,T-Shirt,Fashion,West,Store C,7,790.36,20,4426.01,594.37,0,0
2024-07-24,Jeans,Fashion,West,Store B,4,1775.99,0,7103.94,2171.31,0,0
2024-07-24,Shoes,Fashion,North,Store E,10,2415.58,15,20532.44,2772.06,0,0
2024-07-24,Coffee Maker,Home Appliances,North,Store B,7,4418.05,15,26287.39,2131.07,1,0
2024-07-24,Mixer Grinder,Home Appliances,South,Store E,9,3606.18,0,32455.63,12045.99,0,0
2024-07-25,Laptop,Electronics,South,Store C,8,53558.24,15,364196.05,64725.85,0,0
2024-07-25,Smartphone,Electronics,West,Store D,10,24992.16,0,249921.58,60773.48,0,0
2024-07-25,Headphones,Electronics,South,Store C,4,2427.8,10,8740.07,2676.72,0,0
2024-07-25,Office Chair,Furniture,West,Store B,7,7171.53,10,45180.66,11053.05,1,0
2024-07-25,Study Table,Furniture,East,Store C,4,12671.56,5,48151.95,18349.19,0,0
2024-07-25,T-Shirt,Fashion,East,Store B,12,800.14,10,8641.48,2805.1,0,0
2024-07-25,Jeans,Fashion,West,Store C,9,1817.96,0,16361.63,5185.15,0,0
2024-07-25,Shoes,Fashion,South,Store A,12,2646.39,5,30168.9,9778.07,0,0
2024-07-25,Coffee Maker,Home Appliances,North,Store D,4,4678.17,10,16841.4,4573.49,0,0
2024-07-25,Mixer Grinder,Home Appliances,West,Store E,10,3632.13,0,36321.34,14975.92,1,0
2024-07-26,Laptop,Electronics,West,Store B,8,52688.49,10,379357.11,41700.71,0,0
2024-07-26,Smartphone,Electronics,North,Store E,6,26526.02,5,151198.3,45814.03,0,0
2024-07-26,Headphones,Electronics,North,Store D,9,2553.33,5,21831.0,7471.95,0,0
2024-07-26,Office Chair,Furniture,West,Store D,5,7531.16,0,37655.81,10726.88,0,0
2024-07-26,Study Table,Furniture,East,Store A,10,11717.99,5,111320.91,32699.76,1,0
2024-07-26,T-Shirt,Fashion,North,Store A,10,802.65,0,8026.5,1854.94,1,0
2024-07-26,Jeans,Fashion,East,Store E,8,1936.69,10,13944.18,5088.38,1,0
2024-07-26,Shoes,Fashion,West,Store B,14,2378.44,5,31633.21,9003.97,0,0
2024-07-26,Coffee Maker,Home Appliances,North,Store C,6,4778.63,5,27238.2,9618.18,0,0
2024-07-26,Mixer Grinder,Home Appliances,North,Store E,14,3687.8,0,51629.13,16892.88,1,0
2024-07-27,Laptop,Electronics,South,Store D,20,54606.05,5,1037514.86,275862.85,1,0
2024-07-27,Smartphone,Electronics,North,Store E,21,24828.31,0,521394.5,205475.02,1,0
2024-07-27,Headphones,Electronics,West,Store E,9,2680.26,10,21710.1,7969.21,0,0
2024-07-27,Office Chair,Furniture,North,Store A,13,7846.37,0,102002.86,42519.17,1,0
2024-07-27,Study Table,Furniture,North,Store D,5,11637.94,15,49461.27,4794.95,0,0
2024-07-27,T-Shirt,Fashion,South,Store C,16,849.37,10,12230.88,3961.5,0,0
2024-07-27,Jeans,Fashion,North,Store A,18,1806.35,0,32514.23,10161.61,1,0
2024-07-27,Shoes,Fashion,South,Store E,15,2603.48,5,37099.56,13270.85,0,0
2024-07-27,Coffee Maker,Home Appliances,East,Store D,9,4631.45,5,39598.89,13021.54,0,0
2024-07-27,Mixer Grinder,Home Appliances,North,Store C,11,3573.81,10,35380.73,11043.8,1,0
2024-07-28,Laptop,Electronics,East,Store A,11,57541.09,5,601304.43,159814.69,1,0
2024-07-28,Smartphone,Electronics,South,Store E,8,26412.88,0,211303.02,57575.91,0,0
2024-07-28,Headphones,Electronics,South,Store A,10,2391.15,0,23911.52,6026.62,0,0
2024-07-28,Office Chair,Furniture,West,Store A,9,7413.56,0,66722.0,20117.61,1,0
2024-07-28,Study Table,Furniture,West,Store B,6,11917.02,5,67927.01,21465.31,0,0
2024-07-28,T-Shirt,Fashion,East,Store C,14,803.47,0,11248.54,4266.41,0,0
2024-07-28,Jeans,Fashion,South,Store C,17,1803.22,0,30654.81,10572.17,0,0
2024-07-28,Shoes,Fashion,South,Store B,12,2590.81,5,29535.26,10537.75,0,0
2024-07-28,Coffee Maker,Home Appliances,East,Store C,14,4850.17,5,64507.31,18279.15,0,0
2024-07-28,Mixer Grinder,Home Appliances,West,Store B,7,3548.76,0,24841.35,7544.01,0,0
2024-07-29,Laptop,Electronics,North,Store C,5,53345.11,10,240053.0,29947.89,0,0
2024-07-29,Smartphone,Electronics,North,Store A,8,26253.65,5,199527.77,57153.09,1,0
2024-07-29,Headphones,Electronics,North,Store D,10,2497.84,20,19982.69,2716.17,0,0
2024-07-29,Office Chair,Furniture,North,Store B,5,7989.09,0,39945.47,14198.62,1,0
2024-07-29,Study Table,Furniture,West,Store A,10,12478.22,15,106064.89,22290.56,1,0
2024-07-29,T-Shirt,Fashion,South,Store D,19,771.53,15,12460.27,2674.68,1,0
2024-07-29,Jeans,Fashion,East,Store D,16,1786.78,0,28588.52,9647.6,1,0
2024-07-29,Shoes,Fashion,West,Store E,9,2374.58,0,21371.26,7188.4,0,0
2024-07-29,Coffee Maker,Home Appliances,East,Store E,7,4599.88,0,32199.19,8155.97,0,0
2024-07-29,Mixer Grinder,Home Appliances,East,Store B,6,3718.03,10,20077.34,6251.28,1,0
2024-07-30,Laptop,Electronics,North,Store C,15,56241.86,0,843627.95,201658.06,1,0
2024-07-30,Smartphone,Electronics,East,Store C,9,24189.71,0,217707.41,72699.94,1,0
2024-07-30,Headphones,Electronics,West,Store B,3,2499.88,5,7124.66,1312.27,0,0
2024-07-30,Office Chair,Furniture,South,Store D,7,7845.1,5,52169.91,12183.0,0,0
2024-07-30,Study Table,Furniture,West,Store E,7,12829.05,5,85313.17,30883.48,1,0
2024-07-30,T-Shirt,Fashion,South,Store C,16,805.08,20,10305.04,827.24,1,0
2024-07-30,Jeans,Fashion,North,Store E,10,1725.6,0,17256.03,3457.01,0,0
2024-07-30,Shoes,Fashion,South,Store A,10,2588.13,5,24587.25,8242.5,0,0
2024-07-30,Coffee Maker,Home Appliances,East,Store E,7,4338.28,0,30367.93,7329.68,0,0
2024-07-30,Mixer Grinder,Home Appliances,West,Store A,10,3461.48,20,27691.82,5053.69,0,0
2024-07-31,Laptop,Electronics,West,Store B,11,54433.87,0,598772.58,150289.75,0,0
2024-07-31,Smartphone,Electronics,West,Store D,7,25483.84,5,169467.56,51012.4,0,0
2024-07-31,Headphones,Electronics,West,Store C,12,2433.9,5,27746.49,8215.61,1,0
2024-07-31,Office Chair,Furniture,East,Store E,11,7411.69,0,81528.62,28737.78,1,0
2024-07-31,Study Table,Furniture,East,Store B,6,11856.0,20,56908.79,8308.96,1,0
2024-07-31,T-Shirt,Fashion,South,Store D,11,827.21,0,9099.28,2737.71,0,0
2024-07-31,Jeans,Fashion,East,Store A,10,1745.75,0,17457.45,6011.0,1,0
2024-07-31,Shoes,Fashion,South,Store E,10,2420.89,10,21788.03,3966.2,0,0
2024-07-31,Coffee Maker,Home Appliances,West,Store A,4,4792.18,0,19168.72,7333.06,0,0
2024-07-31,Mixer Grinder,Home Appliances,East,Store B,5,3563.23,10,16034.53,4416.47,0,0
2024-08-01,Laptop,Electronics,East,Store D,15,57077.46,0,856161.83,277546.43,1,0
2024-08-01,Smartphone,Electronics,South,Store A,18,26728.91,5,457064.42,133732.77,0,0
2024-08-01,Headphones,Electronics,West,Store A,23,2522.21,0,58010.84,22203.65,0,0
2024-08-01,Office Chair,Furniture,South,Store C,11,7822.82,5,81748.43,27468.1,0,0
2024-08-01,Study Table,Furniture,East,Store C,9,11698.35,0,105285.11,32890.84,0,0
2024-08-01,T-Shirt,Fashion,West,Store C,24,759.41,5,17314.5,5052.45,1,0
2024-08-01,Jeans,Fashion,East,Store C,9,1722.88,0,15505.92,4931.77,0,0
2024-08-01,Shoes,Fashion,West,Store B,14,2641.45,10,33282.3,7947.87,1,0
2024-08-01,Coffee Maker,Home Appliances,South,Store A,13,4313.65,15,47665.86,5914.02,0,0
2024-08-01,Mixer Grinder,Home Appliances,North,Store B,4,3355.4,15,11408.38,684.99,0,0
2024-08-02,Laptop,Electronics,South,Store D,16,54890.4,0,878246.47,265113.03,0,0
2024-08-02,Smartphone,Electronics,West,Store E,19,26916.3,0,511409.73,152034.9,0,0
2024-08-02,Headphones,Electronics,East,Store B,21,2690.32,10,50847.11,12960.15,1,0
2024-08-02,Office Chair,Furniture,East,Store C,18,7701.21,10,124759.57,40251.32,1,0
2024-08-02,Study Table,Furniture,North,Store E,8,12170.66,0,97365.31,37181.84,0,0
2024-08-02,T-Shirt,Fashion,South,Store B,26,762.86,0,19834.26,5518.77,1,0
2024-08-02,Jeans,Fashion,North,Store D,21,1788.49,0,37558.21,10245.37,1,0
2024-08-02,Shoes,Fashion,East,Store D,10,2562.72,0,25627.24,9180.25,0,0
2024-08-02,Coffee Maker,Home Appliances,South,Store E,3,4518.85,20,10845.23,2055.56,0,0
2024-08-02,Mixer Grinder,Home Appliances,West,Store E,15,3664.73,0,54970.92,21052.45,0,0
2024-08-03,Laptop,Electronics,North,Store E,12,53608.59,15,546807.65,126083.85,0,0
2024-08-03,Smartphone,Electronics,North,Store E,15,24596.72,0,368950.73,142441.36,0,0
2024-08-03,Headphones,Electronics,North,Store B,17,2650.93,15,38305.93,6952.38,0,0
2024-08-03,Office Chair,Furniture,North,Store B,20,7999.87,15,135997.83,45023.44,1,0
2024-08-03,Study Table,Furniture,East,Store A,17,12398.15,5,200230.2,74538.32,1,0
2024-08-03,T-Shirt,Fashion,East,Store C,21,768.21,0,16132.32,3346.63,1,0
2024-08-03,Jeans,Fashion,North,Store E,19,1886.13,5,34044.65,8893.56,0,0
2024-08-03,Shoes,Fashion,South,Store D,24,2584.58,0,62029.99,24905.71,0,0
2024-08-03,Coffee Maker,Home Appliances,East,Store E,15,4300.3,15,54828.8,3336.06,1,0
2024-08-03,Mixer Grinder,Home Appliances,West,Store C,17,3732.66,10,57109.64,12432.95,1,0
2024-08-04,Laptop,Electronics,North,Store B,12,56205.09,20,539568.84,86143.99,0,0
2024-08-04,Smartphone,Electronics,South,Store D,16,26303.31,10,378767.6,122554.16,1,0
2024-08-04,Headphones,Electronics,East,Store A,16,2483.45,0,39735.15,8834.19,0,0
2024-08-04,Office Chair,Furniture,West,Store B,8,7796.82,10,56137.1,16127.16,0,0
2024-08-04,Study Table,Furniture,East,Store D,9,11964.33,10,96911.1,17539.53,0,0
2024-08-04,T-Shirt,Fashion,North,Store A,25,843.26,15,17919.29,3293.75,0,0
2024-08-04,Jeans,Fashion,North,Store A,32,1905.81,10,54887.21,18422.08,1,0
2024-08-04,Shoes,Fashion,East,Store A,24,2443.19,5,55704.8,9584.28,1,0
2024-08-04,Coffee Maker,Home Appliances,West,Store E,15,4372.39,0,65585.79,15179.38,1,0
2024-08-04,Mixer Grinder,Home Appliances,West,Store C,20,3648.84,20,58381.39,8440.31,1,0
2024-08-05,Laptop,Electronics,West,Store D,23,52801.22,10,1092985.33,139687.57,0,0
2024-08-05,Smartphone,Electronics,East,Store D,17,24649.11,0,419034.88,140943.97,0,0
2024-08-05,Headphones,Electronics,South,Store D,13,2471.37,0,32127.87,10990.96,1,0
2024-08-05,Office Chair,Furniture,West,Store E,10,7562.64,5,71845.1,14499.2,0,0
2024-08-05,Study Table,Furniture,East,Store B,13,11824.61,10,138347.89,26815.7,0,0
2024-08-05,T-Shirt,Fashion,East,Store D,20,766.64,0,15332.73,4324.83,1,0
2024-08-05,Jeans,Fashion,South,Store C,19,1716.33,20,26088.29,3613.56,1,0
2024-08-05,Shoes,Fashion,North,Store A,16,2600.75,15,35370.25,5559.57,1,0
2024-08-05,Coffee Maker,Home Appliances,West,Store E,12,4792.61,0,57511.35,18566.13,1,0
2024-08-05,Mixer Grinder,Home Appliances,East,Store D,16,3629.76,15,49364.68,8825.14,1,0
2024-08-06,Laptop,Electronics,North,Store D,16,55195.17,0,883122.76,311814.15,1,0
2024-08-06,Smartphone,Electronics,West,Store A,9,24068.95,5,205789.51,37826.81,0,0
2024-08-06,Headphones,Electronics,West,Store B,18,2397.17,15,36676.77,6289.96,1,0
2024-08-06,Office Chair,Furniture,North,Store B,10,8059.42,0,80594.21,25770.84,0,0
2024-08-06,Study Table,Furniture,South,Store E,7,12248.34,0,85738.37,22623.69,0,0
2024-08-06,T-Shirt,Fashion,South,Store B,24,808.31,0,19399.39,6944.13,1,0
2024-08-06,Jeans,Fashion,West,Store B,8,1905.19,5,14479.48,3789.28,0,0
2024-08-06,Shoes,Fashion,South,Store E,24,2525.25,0,60605.94,14515.06,1,0
2024-08-06,Coffee Maker,Home Appliances,South,Store B,8,4831.41,0,38651.25,16921.4,0,0
2024-08-06,Mixer Grinder,Home Appliances,East,Store E,6,3598.43,5,20511.06,7070.48,0,0
2024-08-07,Laptop,Electronics,West,Store A,5,54613.27,0,273066.36,72652.68,0,0
2024-08-07,Smartphone,Electronics,West,Store D,16,25884.18,0,414146.86,108876.27,0,0
2024-08-07,Headphones,Electronics,North,Store A,16,2494.66,5,37918.85,11685.54,1,0
2024-08-07,Office Chair,Furniture,South,Store E,7,7813.19,5,51957.75,18604.34,0,0
2024-08-07,Study Table,Furniture,West,Store A,11,11884.82,10,117659.76,17857.79,1,0
2024-08-07,T-Shirt,Fashion,North,Store B,17,835.12,0,14197.07,5198.93,0,0
2024-08-07,Jeans,Fashion,East,Store C,10,1778.54,0,17785.39,4951.02,0,0
2024-08-07,Shoes,Fashion,North,Store B,14,2665.36,5,35449.35,14388.59,0,0
2024-08-07,Coffee Maker,Home Appliances,East,Store D,5,4402.39,5,20911.35,3936.19,0,0
2024-08-07,Mixer Grinder,Home Appliances,South,Store C,6,3685.75,15,18797.33,5163.47,0,0
2024-08-08,Laptop,Electronics,South,Store A,8,58827.49,0,470619.95,185097.13,0,0
2024-08-08,Smartphone,Electronics,North,Store E,14,24067.53,5,320098.21,88229.18,0,0
2024-08-08,Headphones,Electronics,East,Store B,6,2458.73,5,14014.78,4135.21,0,0
2024-08-08,Office Chair,Furniture,South,Store D,10,8074.49,15,68633.15,19305.15,1,0
2024-08-08,Study Table,Furniture,South,Store C,7,11653.62,10,73417.81,13245.45,0,0
2024-08-08,T-Shirt,Fashion,South,Store E,14,801.5,10,10098.86,1678.73,0,0
2024-08-08,Jeans,Fashion,West,Store D,19,1775.75,0,33739.31,13159.42,0,0
2024-08-08,Shoes,Fashion,West,Store A,22,2507.28,10,49644.07,10647.19,1,0
2024-08-08,Coffee Maker,Home Appliances,North,Store C,11,4524.34,10,44790.93,6249.28,0,0
2024-08-08,Mixer Grinder,Home Appliances,West,Store E,8,3339.83,20,21374.93,-156.11,0,0
2024-08-09,Laptop,Electronics,East,Store D,19,57131.76,0,1085503.4,440310.93,1,0
2024-08-09,Smartphone,Electronics,South,Store D,14,24112.25,0,337571.5,79166.77,0,0
2024-08-09,Headphones,Electronics,East,Store B,14,2611.56,0,36561.79,11493.77,0,0
2024-08-09,Office Chair,Furniture,South,Store D,8,7774.43,10,55975.86,15517.87,0,0
2024-08-09,Study Table,Furniture,South,Store C,11,12550.71,20,110446.28,23743.81,1,0
2024-08-09,T-Shirt,Fashion,West,Store B,18,811.65,20,11687.82,2251.84,1,0
2024-08-09,Jeans,Fashion,North,Store C,16,1773.49,15,24119.51,6805.74,0,0
2024-08-09,Shoes,Fashion,West,Store D,12,2504.53,10,27048.9,7981.96,0,0
2024-08-09,Coffee Maker,Home Appliances,East,Store E,7,4316.98,10,27196.95,3219.07,0,0
2024-08-09,Mixer Grinder,Home Appliances,North,Store E,10,3619.89,0,36198.91,11433.81,1,0
2024-08-10,Laptop,Electronics,East,Store C,14,53142.49,5,706795.12,174404.36,0,0
2024-08-10,Smartphone,Electronics,East,Store E,16,24827.52,10,357516.28,55002.29,0,0
2024-08-10,Headphones,Electronics,North,Store C,13,2531.62,0,32911.06,11120.78,0,0
2024-08-10,Office Chair,Furniture,North,Store B,11,8063.79,20,70961.36,18633.74,0,0
2024-08-10,Study Table,Furniture,South,Store A,13,12188.96,15,134688.02,34868.35,1,0
2024-08-10,T-Shirt,Fashion,South,Store D,24,788.05,5,17967.47,3573.11,0,0
2024-08-10,Jeans,Fashion,North,Store B,16,1866.62,0,29865.96,10982.2,1,0
2024-08-10,Shoes,Fashion,South,Store B,26,2416.08,15,53395.37,6064.44,1,0
2024-08-10,Coffee Maker,Home Appliances,North,Store E,19,4597.21,15,74244.88,16668.08,1,0
2024-08-10,Mixer Grinder,Home Appliances,East,Store A,17,3601.63,20,48982.23,4553.93,0,0
2024-08-11,Laptop,Electronics,East,Store B,13,52372.97,15,578721.32,21979.41,0,0
2024-08-11,Smartphone,Electronics,East,Store C,15,24685.69,20,296228.28,43403.76,1,0
2024-08-11,Headphones,Electronics,South,Store C,18,2653.63,15,40600.55,8814.96,0,0
2024-08-11,Office Chair,Furniture,East,Store D,12,8049.63,0,96595.51,30768.47,0,0
2024-08-11,Study Table,Furniture,South,Store D,7,12411.48,5,82536.34,17709.92,0,0
2024-08-11,T-Shirt,Fashion,East,Store C,29,761.11,0,22072.12,4058.13,1,0
2024-08-11,Jeans,Fashion,West,Store B,20,1791.78,5,34043.91,10845.3,0,0
2024-08-11,Shoes,Fashion,South,Store D,22,2406.78,5,50301.69,10651.16,0,0
2024-08-11,Coffee Maker,Home Appliances,North,Store D,22,4787.57,5,100060.18,31976.53,1,0
2024-08-11,Mixer Grinder,Home Appliances,East,Store B,5,3399.95,20,13599.79,375.38,0,0
2024-08-12,Laptop,Electronics,South,Store B,10,58843.47,0,588434.68,169346.06,0,0
2024-08-12,Smartphone,Electronics,West,Store E,14,25791.35,0,361078.95,91351.21,1,0
2024-08-12,Headphones,Electronics,South,Store E,13,2525.55,5,31190.57,5851.89,0,0
2024-08-12,Office Chair,Furniture,West,Store B,13,7543.38,20,78451.13,9920.7,1,0
2024-08-12,Study Table,Furniture,North,Store B,5,12043.53,5,57206.75,16324.67,0,0
2024-08-12,T-Shirt,Fashion,North,Store B,19,821.11,0,15601.06,4339.3,0,0
2024-08-12,Jeans,Fashion,North,Store C,19,1877.03,0,35663.48,14993.67,0,0
2024-08-12,Shoes,Fashion,East,Store A,24,2666.08,15,54388.03,8683.5,1,0
2024-08-12,Coffee Maker,Home Appliances,North,Store C,5,4805.63,5,22826.75,5753.5,0,0
2024-08-12,Mixer Grinder,Home Appliances,North,Store A,13,3528.51,10,41283.53,6283.56,1,0
2024-08-13,Laptop,Electronics,East,Store B,12,55728.4,0,668740.76,186033.73,0,0
2024-08-13,Smartphone,Electronics,South,Store D,12,25009.45,0,300113.44,87236.45,0,0
2024-08-13,Headphones,Electronics,South,Store C,7,2647.44,20,14825.67,3596.31,0,0
2024-08-13,Office Chair,Furniture,East,Store E,5,7562.72,10,34032.25,5416.64,0,0
2024-08-13,Study Table,Furniture,South,Store D,6,12866.34,0,77198.03,31667.17,0,0
2024-08-13,T-Shirt,Fashion,South,Store A,13,815.08,0,10596.05,3101.31,0,0
2024-08-13,Jeans,Fashion,East,Store E,17,1793.81,15,25920.51,2194.76,0,0
2024-08-13,Shoes,Fashion,South,Store B,13,2446.92,20,25447.99,4329.41,1,0
2024-08-13,Coffee Maker,Home Appliances,North,Store D,14,4460.85,0,62451.87,23085.7,0,0
2024-08-13,Mixer Grinder,Home Appliances,South,Store C,17,3733.02,20,50769.09,11201.97,1,0
2024-08-14,Laptop,Electronics,South,Store B,16,57153.29,20,731562.05,181186.91,0,0
2024-08-14,Smartphone,Electronics,East,Store B,11,25673.7,0,282410.7,101308.42,0,0
2024-08-14,Headphones,Electronics,East,Store B,23,2499.0,5,54603.25,15735.55,0,0
2024-08-14,Office Chair,Furniture,West,Store E,7,7890.23,0,55231.59,15766.94,0,0
2024-08-14,Study Table,Furniture,West,Store B,10,12456.85,5,118340.03,41293.06,0,0
2024-08-14,T-Shirt,Fashion,South,Store B,18,828.2,0,14907.63,4663.0,1,0
2024-08-14,Jeans,Fashion,East,Store A,27,1853.68,5,47546.78,12020.84,1,0
2024-08-14,Shoes,Fashion,East,Store E,20,2604.44,0,52088.71,16036.56,1,0
2024-08-14,Coffee Maker,Home Appliances,North,Store E,13,4602.37,15,50856.23,10478.23,1,0
2024-08-14,Mixer Grinder,Home Appliances,South,Store E,8,3447.93,0,27583.44,10282.99,0,0
2024-08-15,Laptop,Electronics,West,Store C,17,57513.04,0,977721.62,270306.22,0,0
2024-08-15,Smartphone,Electronics,West,Store C,9,26766.86,0,240901.75,91577.28,1,0
2024-08-15,Headphones,Electronics,West,Store B,10,2689.11,0,26891.14,9097.76,0,0
2024-08-15,Office Chair,Furniture,East,Store B,13,7642.0,5,94378.67,31029.42,0,0
2024-08-15,Study Table,Furniture,East,Store B,4,12806.48,5,48664.62,13742.61,0,0
2024-08-15,T-Shirt,Fashion,North,Store C,17,838.8,10,12833.62,3609.75,0,0
2024-08-15,Jeans,Fashion,East,Store C,27,1715.8,0,46326.66,10429.06,0,0
2024-08-15,Shoes,Fashion,South,Store C,7,2656.26,0,18593.79,7874.79,0,0
2024-08-15,Coffee Maker,Home Appliances,South,Store C,14,4348.76,0,60882.69,13391.39,1,0
2024-08-15,Mixer Grinder,Home Appliances,East,Store C,18,3733.38,15,57120.71,12083.39,1,0
2024-08-16,Laptop,Electronics,East,Store E,12,53060.02,20,509376.21,85601.86,0,0
2024-08-16,Smartphone,Electronics,North,Store A,12,24685.69,0,296228.29,64607.9,0,0
2024-08-16,Headphones,Electronics,North,Store A,15,2463.64,15,31411.42,5895.83,1,0
2024-08-16,Office Chair,Furniture,West,Store B,6,7223.64,10,39007.68,10816.95,0,0
2024-08-16,Study Table,Furniture,West,Store C,8,12782.79,5,97149.22,30546.39,0,0
2024-08-16,T-Shirt,Fashion,West,Store E,18,779.22,0,14025.96,5085.88,0,0
2024-08-16,Jeans,Fashion,South,Store A,20,1722.61,10,31007.05,3200.31,0,0
2024-08-16,Shoes,Fashion,South,Store D,19,2665.02,5,48103.65,17365.6,0,0
2024-08-16,Coffee Maker,Home Appliances,South,Store C,11,4559.87,0,50158.54,12194.39,0,0
2024-08-16,Mixer Grinder,Home Appliances,North,Store C,12,3601.96,0,43223.46,12772.55,0,0
2024-08-17,Laptop,Electronics,East,Store C,24,54170.3,15,1105074.14,269711.04,1,0
2024-08-17,Smartphone,Electronics,East,Store A,23,26861.97,0,617825.27,219477.86,0,0
2024-08-17,Headphones,Electronics,East,Store C,20,2536.62,0,50732.31,12399.32,0,0
2024-08-17,Office Chair,Furniture,West,Store C,13,7937.8,5,98031.86,36514.43,0,0
2024-08-17,Study Table,Furniture,East,Store C,9,11428.08,0,102852.76,24379.64,0,0
2024-08-17,T-Shirt,Fashion,North,Store C,14,788.68,10,9937.39,3037.26,0,0
2024-08-17,Jeans,Fashion,West,Store D,19,1831.39,20,27837.15,5508.83,1,0
2024-08-17,Shoes,Fashion,North,Store A,25,2621.7,5,62265.37,21437.98,0,0
2024-08-17,Coffee Maker,Home Appliances,South,Store E,10,4640.36,5,44083.45,11605.85,0,0
2024-08-17,Mixer Grinder,Home Appliances,East,Store D,19,3641.55,0,69189.42,23688.93,0,0
2024-08-18,Laptop,Electronics,East,Store E,11,55953.66,5,584715.71,140949.22,0,0
2024-08-18,Smartphone,Electronics,West,Store C,13,25684.82,10,300512.42,73520.35,0,0
2024-08-18,Headphones,Electronics,West,Store E,19,2513.73,0,47760.86,15475.66,0,0
2024-08-18,Office Chair,Furniture,East,Store D,11,7663.22,5,80080.7,21570.21,0,0
2024-08-18,Study Table,Furniture,West,Store D,12,11517.48,0,138209.73,51317.3,0,0
2024-08-18,T-Shirt,Fashion,East,Store B,30,848.11,0,25443.3,7813.46,0,0
2024-08-18,Jeans,Fashion,North,Store A,25,1820.76,10,40967.08,11584.52,0,0
2024-08-18,Shoes,Fashion,North,Store B,14,2528.56,10,31859.8,9880.16,0,0
2024-08-18,Coffee Maker,Home Appliances,East,Store A,14,4465.7,5,59393.85,12141.64,0,0
2024-08-18,Mixer Grinder,Home Appliances,East,Store B,14,3604.99,15,42899.4,11499.16,0,0
2024-08-19,Laptop,Electronics,East,Store E,8,57720.69,5,438677.28,119730.08,0,0
2024-08-19,Smartphone,Electronics,South,Store A,13,26692.7,0,347005.09,112660.33,0,0
2024-08-19,Headphones,Electronics,North,Store E,9,2548.44,10,20642.4,5195.7,0,0
2024-08-19,Office Chair,Furniture,East,Store A,14,7727.45,0,108184.27,30462.92,1,0
2024-08-19,Study Table,Furniture,South,Store A,16,12338.04,0,197408.69,72197.4,1,0
2024-08-19,T-Shirt,Fashion,West,Store E,11,843.16,0,9274.8,3520.24,0,0
2024-08-19,Jeans,Fashion,North,Store B,19,1905.49,15,30773.7,9874.64,0,0
2024-08-19,Shoes,Fashion,South,Store A,9,2529.78,0,22767.98,7576.68,0,0
2024-08-19,Coffee Maker,Home Appliances,East,Store E,9,4718.95,15,36099.93,11101.78,0,0
2024-08-19,Mixer Grinder,Home Appliances,East,Store E,7,3441.17,5,22883.8,3956.01,0,0
2024-08-20,Laptop,Electronics,West,Store E,12,54618.32,5,622648.87,214020.44,0,0
2024-08-20,Smartphone,Electronics,West,Store A,11,26260.96,10,259983.52,82931.0,0,0
2024-08-20,Headphones,Electronics,South,Store D,13,2493.93,5,30800.06,5986.29,0,0
2024-08-20,Office Chair,Furniture,North,Store C,12,7687.39,0,92248.68,22198.51,0,0
2024-08-20,Study Table,Furniture,North,Store E,10,12474.81,0,124748.08,31692.79,0,0
2024-08-20,T-Shirt,Fashion,West,Store A,9,848.29,0,7634.58,2251.41,0,0
2024-08-20,Jeans,Fashion,East,Store D,11,1737.53,0,19112.85,6411.03,0,0
2024-08-20,Shoes,Fashion,North,Store C,10,2553.63,5,24259.53,8790.89,0,0
2024-08-20,Coffee Maker,Home Appliances,East,Store C,15,4295.34,15,54765.56,9292.68,0,0
2024-08-20,Mixer Grinder,Home Appliances,West,Store D,20,3491.78,5,66343.88,23826.17,1,0
2024-08-21,Laptop,Electronics,East,Store E,6,58349.58,10,315087.74,69482.62,0,0
2024-08-21,Smartphone,Electronics,East,Store A,19,26444.0,5,477314.19,163934.46,0,0
2024-08-21,Headphones,Electronics,West,Store D,15,2640.03,10,35640.39,12459.24,0,0
2024-08-21,Office Chair,Furniture,West,Store D,10,7490.62,0,74906.21,23409.27,0,0
2024-08-21,Study Table,Furniture,West,Store C,7,11455.87,0,80191.06,28360.58,0,0
2024-08-21,T-Shirt,Fashion,East,Store E,17,835.97,20,11369.21,1317.52,0,0
2024-08-21,Jeans,Fashion,North,Store A,16,1890.94,15,25716.79,8146.19,0,0
2024-08-21,Shoes,Fashion,West,Store A,10,2628.76,5,24973.26,9176.16,0,0
2024-08-21,Coffee Maker,Home Appliances,South,Store C,12,4527.63,10,48898.38,14917.61,0,0
2024-08-21,Mixer Grinder,Home Appliances,South,Store E,15,3358.92,15,42826.22,10927.45,0,0
2024-08-22,Laptop,Electronics,South,Store D,14,56395.06,15,671101.25,98069.01,1,0
2024-08-22,Smartphone,Electronics,East,Store A,15,25904.07,0,388561.07,162822.32,1,0
2024-08-22,Headphones,Electronics,North,Store C,18,2554.33,0,45977.93,17538.02,0,0
2024-08-22,Office Chair,Furniture,North,Store E,10,7280.43,5,69164.07,18571.93,0,0
2024-08-22,Study Table,Furniture,West,Store B,14,12395.22,5,164856.48,61164.32,1,0
2024-08-22,T-Shirt,Fashion,West,Store D,14,798.61,5,10621.55,2211.34,0,0
2024-08-22,Jeans,Fashion,South,Store B,19,1882.79,20,28618.41,3905.69,0,0
2024-08-22,Shoes,Fashion,South,Store A,17,2515.71,10,38490.35,6335.65,1,0
2024-08-22,Coffee Maker,Home Appliances,West,Store E,8,4633.81,20,29656.35,7574.31,0,0
2024-08-22,Mixer Grinder,Home Appliances,East,Store E,13,3392.46,20,35281.54,6248.18,0,0
2024-08-23,Laptop,Electronics,West,Store D,12,53009.62,0,636115.43,216739.01,0,0
2024-08-23,Smartphone,Electronics,South,Store A,15,24818.37,20,297820.39,65318.67,0,0
2024-08-23,Headphones,Electronics,East,Store D,13,2597.97,10,30396.29,7534.56,0,0
2024-08-23,Office Chair,Furniture,North,Store C,9,7642.09,20,55023.05,14374.17,0,0
2024-08-23,Study Table,Furniture,South,Store D,9,12920.39,10,104655.16,28947.96,0,0
2024-08-23,T-Shirt,Fashion,West,Store A,20,811.4,0,16227.95,4071.44,1,0
2024-08-23,Jeans,Fashion,South,Store C,11,1838.74,15,17192.26,2297.55,0,0
2024-08-23,Shoes,Fashion,East,Store A,17,2489.63,20,33858.96,2231.9,0,0
2024-08-23,Coffee Maker,Home Appliances,East,Store E,11,4365.67,10,43220.12,11146.73,1,0
2024-08-23,Mixer Grinder,Home Appliances,South,Store D,19,3417.38,10,58437.25,8229.39,1,0
2024-08-24,Laptop,Electronics,South,Store E,14,56227.06,0,787178.88,206643.42,0,0
2024-08-24,Smartphone,Electronics,West,Store D,8,24430.9,5,185674.86,58323.8,0,0
2024-08-24,Headphones,Electronics,East,Store D,23,2379.9,15,46526.98,7071.62,1,0
2024-08-24,Office Chair,Furniture,West,Store B,10,7260.66,15,61715.62,9667.71,0,0
2024-08-24,Study Table,Furniture,South,Store C,25,12099.88,0,302496.97,105073.46,1,0
2024-08-24,T-Shirt,Fashion,West,Store D,20,834.59,10,15022.57,3817.57,0,0
2024-08-24,Jeans,Fashion,North,Store A,18,1890.8,0,34034.33,9303.7,0,0
2024-08-24,Shoes,Fashion,West,Store E,18,2499.58,5,42742.85,10736.69,1,0
2024-08-24,Coffee Maker,Home Appliances,South,Store B,8,4652.53,20,29776.17,2631.98,0,0
2024-08-24,Mixer Grinder,Home Appliances,North,Store C,14,3494.17,5,46472.48,11338.8,0,0
2024-08-25,Laptop,Electronics,South,Store B,20,57604.76,5,1094490.45,404064.5,0,0
2024-08-25,Smartphone,Electronics,East,Store E,20,24816.03,15,421872.55,72310.63,0,0
2024-08-25,Headphones,Electronics,South,Store C,20,2692.13,0,53842.63,16524.06,1,0
2024-08-25,Office Chair,Furniture,South,Store A,22,7599.93,0,167198.52,58552.0,1,0
2024-08-25,Study Table,Furniture,West,Store C,14,11500.41,5,152955.48,26039.81,0,0
2024-08-25,T-Shirt,Fashion,South,Store A,17,789.54,10,12080.04,1872.68,1,0
2024-08-25,Jeans,Fashion,West,Store E,18,1839.08,5,31448.24,7535.32,0,0
2024-08-25,Shoes,Fashion,East,Store E,24,2448.32,10,52883.7,10074.27,0,0
2024-08-25,Coffee Maker,Home Appliances,South,Store B,11,4755.58,0,52311.34,17497.12,0,0
2024-08-25,Mixer Grinder,Home Appliances,North,Store C,11,3600.16,10,35641.54,5774.89,0,0
2024-08-26,Laptop,Electronics,South,Store A,7,58157.99,15,346040.05,58300.48,1,0
2024-08-26,Smartphone,Electronics,North,Store B,19,25559.21,20,388499.92,89487.83,0,0
2024-08-26,Headphones,Electronics,East,Store D,25,2502.77,5,59440.75,20068.75,1,0
2024-08-26,Office Chair,Furniture,South,Store C,21,7464.17,0,156747.51,37579.72,1,0
2024-08-26,Study Table,Furniture,North,Store A,6,12312.05,15,62791.47,6769.42,0,0
2024-08-26,T-Shirt,Fashion,West,Store E,18,768.35,0,13830.27,3726.92,0,0
2024-08-26,Jeans,Fashion,East,Store E,20,1810.46,0,36209.25,12557.27,0,0
2024-08-26,Shoes,Fashion,South,Store A,24,2525.98,10,54561.18,11787.32,1,0
2024-08-26,Coffee Maker,Home Appliances,West,Store B,10,4721.69,0,47216.9,12411.07,0,0
2024-08-26,Mixer Grinder,Home Appliances,West,Store A,13,3772.17,15,41682.52,12869.03,1,0
2024-08-27,Laptop,Electronics,North,Store A,20,54863.49,0,1097269.85,262138.99,0,0
2024-08-27,Smartphone,Electronics,East,Store B,14,24697.91,10,311193.61,93056.86,1,0
2024-08-27,Headphones,Electronics,South,Store A,17,2393.4,10,36619.08,9920.54,0,0
2024-08-27,Office Chair,Furniture,East,Store B,6,7803.26,0,46819.57,19505.67,0,0
2024-08-27,Study Table,Furniture,East,Store D,12,12484.2,0,149810.37,44265.6,1,0
2024-08-27,T-Shirt,Fashion,South,Store A,21,845.88,0,17763.56,4704.15,0,0
2024-08-27,Jeans,Fashion,East,Store A,7,1867.13,0,13069.94,5477.19,0,0
2024-08-27,Shoes,Fashion,East,Store C,26,2493.33,10,58343.83,9437.28,1,0
2024-08-27,Coffee Maker,Home Appliances,West,Store E,12,4426.81,0,53121.72,13953.34,0,0
2024-08-27,Mixer Grinder,Home Appliances,East,Store C,6,3551.42,5,20243.12,4143.56,0,0
2024-08-28,Laptop,Electronics,West,Store C,12,52516.41,10,567177.22,114129.36,0,0
2024-08-28,Smartphone,Electronics,North,Store A,11,26076.35,5,272497.81,74527.4,0,0
2024-08-28,Headphones,Electronics,North,Store A,22,2572.78,0,56601.25,20064.38,1,0
2024-08-28,Office Chair,Furniture,West,Store B,10,7629.63,10,68666.68,10272.54,0,0
2024-08-28,Study Table,Furniture,North,Store C,11,11635.96,0,127995.59,36646.2,0,0
2024-08-28,T-Shirt,Fashion,West,Store A,10,803.65,15,6830.99,1056.48,0,0
2024-08-28,Jeans,Fashion,East,Store D,11,1841.59,0,20257.5,5603.39,0,0
2024-08-28,Shoes,Fashion,North,Store A,13,2415.23,5,29828.11,7347.31,0,0
2024-08-28,Coffee Maker,Home Appliances,North,Store C,17,4785.29,20,65079.95,16721.57,1,0
2024-08-28,Mixer Grinder,Home Appliances,North,Store B,10,3486.24,15,29633.05,6542.45,0,0
2024-08-29,Laptop,Electronics,East,Store E,22,57637.1,10,1141214.63,253586.08,0,0
2024-08-29,Smartphone,Electronics,East,Store B,14,24163.74,15,287548.48,60037.09,0,0
2024-08-29,Headphones,Electronics,South,Store C,15,2600.21,5,37053.02,8871.11,1,0
2024-08-29,Office Chair,Furniture,South,Store A,5,7503.36,10,33765.12,8983.07,0,0
2024-08-29,Study Table,Furniture,East,Store A,10,12144.42,0,121444.16,41468.93,0,0
2024-08-29,T-Shirt,Fashion,East,Store D,18,837.66,15,12816.21,4172.94,0,0
2024-08-29,Jeans,Fashion,East,Store C,20,1832.49,5,34817.23,12144.37,1,0
2024-08-29,Shoes,Fashion,South,Store A,21,2565.84,0,53882.57,21222.57,0,0
2024-08-29,Coffee Maker,Home Appliances,West,Store B,15,4683.75,0,70256.23,21130.6,0,0
2024-08-29,Mixer Grinder,Home Appliances,West,Store C,8,3523.92,5,26781.82,5031.12,0,0
2024-08-30,Laptop,Electronics,East,Store D,14,55038.22,0,770535.15,192749.98,0,0
2024-08-30,Smartphone,Electronics,North,Store A,11,25317.54,15,236719.0,29888.7,1,0
2024-08-30,Headphones,Electronics,West,Store A,12,2428.55,5,27685.42,7204.41,0,0
2024-08-30,Office Chair,Furniture,South,Store D,10,7282.14,10,65539.24,16408.48,0,0
2024-08-30,Study Table,Furniture,North,Store D,14,12017.47,10,151420.07,26255.09,0,0
2024-08-30,T-Shirt,Fashion,West,Store A,17,762.01,10,11658.72,1451.5,0,0
2024-08-30,Jeans,Fashion,South,Store D,18,1895.53,5,32413.57,8883.73,1,0
2024-08-30,Shoes,Fashion,East,Store E,20,2396.88,0,47937.63,14801.77,1,0
2024-08-30,Coffee Maker,Home Appliances,West,Store D,10,4462.07,10,40158.59,10960.59,0,0
2024-08-30,Mixer Grinder,Home Appliances,East,Store B,14,3543.29,5,47125.8,11887.08,0,0
2024-08-31,Laptop,Electronics,East,Store C,22,54064.18,15,1011000.13,243985.55,1,0
2024-08-31,Smartphone,Electronics,West,Store B,20,24964.76,5,474330.41,170364.43,0,0
2024-08-31,Headphones,Electronics,West,Store E,19,2623.24,15,42365.3,10527.6,1,0
2024-08-31,Office Chair,Furniture,West,Store E,16,7225.0,0,115599.99,36585.69,0,0
2024-08-31,Study Table,Furniture,East,Store A,10,12840.58,0,128405.84,49494.87,0,0
2024-08-31,T-Shirt,Fashion,North,Store C,25,805.31,10,18119.44,3198.4,0,0
2024-08-31,Jeans,Fashion,South,Store B,16,1862.33,5,28307.41,9296.49,0,0
2024-08-31,Shoes,Fashion,North,Store A,28,2693.25,15,64099.28,16074.85,0,0
2024-08-31,Coffee Maker,Home Appliances,South,Store D,8,4403.82,0,35230.53,13006.72,0,0
2024-08-31,Mixer Grinder,Home Appliances,East,Store A,12,3669.04,5,41827.09,9108.65,0,0
2024-09-01,Laptop,Electronics,South,Store D,7,58914.75,15,350542.78,74518.73,0,0
2024-09-01,Smartphone,Electronics,East,Store D,15,26283.64,0,394254.56,124898.98,0,0
2024-09-01,Headphones,Electronics,South,Store B,19,2522.53,20,38342.48,3610.14,1,0
2024-09-01,Office Chair,Furniture,North,Store E,8,7216.54,10,51959.06,13685.65,0,0
2024-09-01,Study Table,Furniture,East,Store A,4,12186.46,0,48745.85,17043.87,0,0
2024-09-01,T-Shirt,Fashion,West,Store E,17,859.92,0,14618.6,4955.65,1,0
2024-09-01,Jeans,Fashion,West,Store C,11,1761.1,15,16466.28,3171.32,0,0
2024-09-01,Shoes,Fashion,North,Store A,12,2660.43,0,31925.17,12101.61,0,0
2024-09-01,Coffee Maker,Home Appliances,East,Store A,5,4348.65,5,20656.07,4794.85,1,0
2024-09-01,Mixer Grinder,Home Appliances,South,Store B,15,3413.38,10,46080.64,11836.84,1,0
2024-09-02,Laptop,Electronics,North,Store C,10,59237.53,20,473900.23,85308.47,1,0
2024-09-02,Smartphone,Electronics,West,Store D,10,24121.95,5,229158.48,38426.17,0,0
2024-09-02,Headphones,Electronics,East,Store C,10,2604.96,0,26049.55,8686.08,1,0
2024-09-02,Office Chair,Furniture,East,Store C,5,7807.9,0,39039.51,10821.6,0,0
2024-09-02,Study Table,Furniture,East,Store A,8,12085.33,15,82180.23,19783.96,1,0
2024-09-02,T-Shirt,Fashion,North,Store C,14,802.81,5,10677.4,2269.09,1,0
2024-09-02,Jeans,Fashion,South,Store D,7,1837.17,5,12217.16,3252.61,0,0
2024-09-02,Shoes,Fashion,North,Store B,9,2628.9,0,23660.09,6913.48,0,0
2024-09-02,Coffee Maker,Home Appliances,South,Store E,5,4623.58,10,20806.1,6390.66,0,0
2024-09-02,Mixer Grinder,Home Appliances,North,Store A,11,3497.11,0,38468.17,8477.6,0,0
2024-09-03,Laptop,Electronics,West,Store A,8,58712.32,0,469698.59,202312.92,0,0
2024-09-03,Smartphone,Electronics,South,Store E,10,25050.94,10,225458.46,30475.37,0,0
2024-09-03,Headphones,Electronics,East,Store D,12,2412.67,0,28952.05,6657.59,0,0
2024-09-03,Office Chair,Furniture,South,Store A,10,7191.07,0,71910.65,20510.88,0,0
2024-09-03,Study Table,Furniture,South,Store A,2,12027.71,5,22852.64,8166.47,0,0
2024-09-03,T-Shirt,Fashion,South,Store B,20,820.75,0,16414.9,6237.75,1,0
2024-09-03,Jeans,Fashion,West,Store B,9,1761.03,0,15849.25,3918.29,0,0
2024-09-03,Shoes,Fashion,West,Store C,9,2571.5,0,23143.54,6262.13,0,0
2024-09-03,Coffee Maker,Home Appliances,South,Store C,3,4420.6,0,13261.81,4415.0,0,0
2024-09-03,Mixer Grinder,Home Appliances,West,Store D,10,3736.28,0,37362.78,10307.89,0,0
2024-09-04,Laptop,Electronics,North,Store A,9,53771.37,20,387153.89,26918.55,0,0
2024-09-04,Smartphone,Electronics,South,Store E,6,26616.78,20,127760.53,11013.78,1,0
2024-09-04,Headphones,Electronics,North,Store B,10,2421.67,5,23005.83,5452.0,0,0
2024-09-04,Office Chair,Furniture,West,Store C,7,7607.04,0,53249.31,18287.48,0,0
2024-09-04,Study Table,Furniture,West,Store D,4,12019.47,5,45673.97,13215.51,0,0
2024-09-04,T-Shirt,Fashion,West,Store A,19,768.5,10,13141.29,3596.39,1,0
2024-09-04,Jeans,Fashion,East,Store B,17,1842.54,10,28190.86,7802.97,0,0
2024-09-04,Shoes,Fashion,North,Store E,6,2418.96,0,14513.79,5025.77,0,0
2024-09-04,Coffee Maker,Home Appliances,West,Store E,6,4467.81,10,24126.15,5167.9,1,0
2024-09-04,Mixer Grinder,Home Appliances,South,Store E,10,3637.74,5,34558.49,10018.56,1,0
2024-09-05,Laptop,Electronics,East,Store C,5,58250.8,15,247565.89,61811.84,0,0
2024-09-05,Smartphone,Electronics,North,Store B,11,23891.13,0,262802.46,58775.91,0,0
2024-09-05,Headphones,Electronics,North,Store A,7,2582.52,5,17173.73,6467.46,0,0
2024-09-05,Office Chair,Furniture,East,Store B,1,7355.04,10,6619.53,1894.84,0,0
2024-09-05,Study Table,Furniture,West,Store B,9,12472.2,0,112249.84,30266.02,0,0
2024-09-05,T-Shirt,Fashion,North,Store A,14,858.79,5,11421.94,4171.66,0,0
2024-09-05,Jeans,Fashion,East,Store A,8,1738.07,5,13209.31,2881.75,0,0
2024-09-05,Shoes,Fashion,East,Store C,17,2510.1,15,36270.98,6371.58,0,0
2024-09-05,Coffee Maker,Home Appliances,South,Store E,7,4332.92,20,24264.38,3413.8,1,0
2024-09-05,Mixer Grinder,Home Appliances,North,Store C,8,3515.97,0,28127.76,7597.28,0,0
2024-09-06,Laptop,Electronics,West,Store E,11,53509.71,5,559176.48,155226.91,1,0
2024-09-06,Smartphone,Electronics,North,Store C,7,26672.75,15,158702.87,44434.53,1,0
2024-09-06,Headphones,Electronics,East,Store C,9,2675.72,0,24081.51,7979.24,0,0
2024-09-06,Office Chair,Furniture,South,Store C,5,7224.91,0,36124.54,7364.91,1,0
2024-09-06,Study Table,Furniture,West,Store B,6,12436.23,0,74617.39,28691.84,0,0
2024-09-06,T-Shirt,Fashion,West,Store E,4,806.07,15,2740.64,283.4,0,0
2024-09-06,Jeans,Fashion,West,Store D,12,1769.24,5,20169.32,4432.97,0,0
2024-09-06,Shoes,Fashion,North,Store D,18,2578.68,0,46416.19,12516.77,1,0
2024-09-06,Coffee Maker,Home Appliances,South,Store C,6,4572.96,15,23322.11,5922.73,0,0
2024-09-06,Mixer Grinder,Home Appliances,South,Store E,8,3511.28,10,25281.23,4112.29,0,0
2024-09-07,Laptop,Electronics,South,Store A,13,57364.84,15,633881.48,126864.99,0,0
2024-09-07,Smartphone,Electronics,East,Store A,14,25308.77,0,354322.8,102899.57,0,0
2024-09-07,Headphones,Electronics,West,Store A,11,2477.01,5,25884.72,6907.45,1,0
2024-09-07,Office Chair,Furniture,East,Store A,10,7663.48,15,65139.57,19207.82,0,0
2024-09-07,Study Table,Furniture,West,Store A,10,11833.8,15,100587.26,13663.08,0,0
2024-09-07,T-Shirt,Fashion,South,Store B,11,828.18,0,9110.02,2715.73,0,0
2024-09-07,Jeans,Fashion,North,Store E,14,1867.49,0,26144.85,7748.62,0,0
2024-09-07,Shoes,Fashion,West,Store A,13,2619.63,10,30649.67,10463.65,0,0
2024-09-07,Coffee Maker,Home Appliances,North,Store A,6,4705.04,5,26818.73,6436.78,1,0
2024-09-07,Mixer Grinder,Home Appliances,East,Store E,8,3742.81,0,29942.51,8632.79,0,0
2024-09-08,Laptop,Electronics,South,Store A,4,53355.22,5,202749.83,49175.74,0,0
2024-09-08,Smartphone,Electronics,South,Store B,13,26534.31,5,327698.69,103937.63,0,0
2024-09-08,Headphones,Electronics,North,Store B,18,2472.23,10,40050.08,6036.36,0,0
2024-09-08,Office Chair,Furniture,East,Store E,13,8024.9,10,93891.28,33409.58,1,0
2024-09-08,Study Table,Furniture,South,Store A,7,11655.94,0,81591.61,29386.97,0,0
2024-09-08,T-Shirt,Fashion,North,Store D,14,799.61,0,11194.49,3436.09,0,0
2024-09-08,Jeans,Fashion,South,Store D,13,1811.84,15,20020.89,1805.15,0,0
2024-09-08,Shoes,Fashion,North,Store D,13,2446.86,5,30218.71,10520.51,0,0
2024-09-08,Coffee Maker,Home Appliances,East,Store C,7,4698.1,5,31242.39,10514.46,0,0
2024-09-08,Mixer Grinder,Home Appliances,East,Store C,15,3685.44,0,55281.6,22410.0,0,0
2024-09-09,Laptop,Electronics,East,Store E,12,54681.18,5,623365.44,180774.84,0,0
2024-09-09,Smartphone,Electronics,North,Store A,17,24227.53,10,370681.23,53676.12,0,0
2024-09-09,Headphones,Electronics,North,Store A,25,2461.04,5,58449.65,15661.76,1,0
2024-09-09,Office Chair,Furniture,East,Store A,6,7786.08,15,39708.99,7278.43,0,0
2024-09-09,Study Table,Furniture,West,Store A,4,12904.19,10,46455.08,17244.92,0,0
2024-09-09,T-Shirt,Fashion,North,Store D,10,833.85,0,8338.46,2708.52,0,0
2024-09-09,Jeans,Fashion,North,Store B,9,1860.16,0,16741.43,4876.44,1,0
2024-09-09,Shoes,Fashion,West,Store B,9,2636.51,0,23728.63,9899.2,0,0
2024-09-09,Coffee Maker,Home Appliances,West,Store D,7,4424.02,10,27871.32,5101.16,0,0
2024-09-09,Mixer Grinder,Home Appliances,South,Store C,8,3367.23,15,22897.14,5701.78,1,0
2024-09-10,Laptop,Electronics,North,Store B,10,56684.37,15,481817.1,125961.49,0,0
2024-09-10,Smartphone,Electronics,South,Store B,8,24396.19,15,165894.12,21667.78,0,0
2024-09-10,Headphones,Electronics,South,Store D,9,2661.11,0,23950.0,7508.57,0,0
2024-09-10,Office Chair,Furniture,West,Store E,10,7692.31,10,69230.75,21973.99,0,0
2024-09-10,Study Table,Furniture,East,Store A,5,12365.41,0,61827.07,24732.15,0,0
2024-09-10,T-Shirt,Fashion,North,Store A,12,815.28,10,8805.05,1597.97,0,0
2024-09-10,Jeans,Fashion,North,Store A,20,1837.75,0,36755.03,12679.83,1,0
2024-09-10,Shoes,Fashion,South,Store B,13,2514.43,5,31053.18,5824.58,0,0
2024-09-10,Coffee Maker,Home Appliances,East,Store D,2,4359.6,5,8283.25,2057.72,0,0
2024-09-10,Mixer Grinder,Home Appliances,South,Store C,12,3395.48,10,36671.15,7104.22,0,0
2024-09-11,Laptop,Electronics,East,Store A,8,57523.82,5,437181.02,102066.71,0,0
2024-09-11,Smartphone,Electronics,North,Store D,7,25732.19,10,162112.79,45911.52,0,0
2024-09-11,Headphones,Electronics,West,Store D,11,2593.93,20,22826.6,1940.66,0,0
2024-09-11,Office Chair,Furniture,South,Store A,11,7778.74,0,85566.1,34366.33,1,0
2024-09-11,Study Table,Furniture,East,Store E,13,11550.93,5,142654.04,42800.45,0,0
2024-09-11,T-Shirt,Fashion,West,Store C,6,776.66,0,4659.96,1736.6,0,0
2024-09-11,Jeans,Fashion,North,Store E,18,1885.35,10,30542.61,7947.77,1,0
2024-09-11,Shoes,Fashion,South,Store D,12,2415.62,15,24639.33,5498.82,0,0
2024-09-11,Coffee Maker,Home Appliances,East,Store E,8,4446.14,0,35569.15,8975.81,1,0
2024-09-11,Mixer Grinder,Home Appliances,West,Store B,5,3556.42,15,15114.76,4539.51,0,0
2024-09-12,Laptop,Electronics,North,Store C,9,54545.76,15,417275.06,94776.88,1,0
2024-09-12,Smartphone,Electronics,South,Store A,7,26608.96,0,186262.74,76845.52,0,0
2024-09-12,Headphones,Electronics,East,Store B,10,2559.29,10,23033.59,3602.91,0,0
2024-09-12,Office Chair,Furniture,East,Store D,4,7682.3,15,26119.81,3568.97,0,0
2024-09-12,Study Table,Furniture,North,Store E,12,12808.02,10,138326.65,26750.69,1,0
2024-09-12,T-Shirt,Fashion,North,Store A,11,840.55,15,7859.15,2322.44,0,0
2024-09-12,Jeans,Fashion,East,Store A,7,1934.6,5,12865.09,5013.85,0,0
2024-09-12,Shoes,Fashion,West,Store E,5,2485.88,5,11807.93,3111.28,0,0
2024-09-12,Coffee Maker,Home Appliances,East,Store B,2,4766.19,0,9532.38,3997.02,1,0
2024-09-12,Mixer Grinder,Home Appliances,East,Store A,11,3591.46,10,35555.46,8026.15,1,0
2024-09-13,Laptop,Electronics,West,Store C,6,58127.43,0,348764.57,104693.57,0,0
2024-09-13,Smartphone,Electronics,North,Store D,10,25690.72,0,256907.17,92562.28,0,0
2024-09-13,Headphones,Electronics,West,Store D,13,2393.95,15,26453.16,4760.36,0,0
2024-09-13,Office Chair,Furniture,West,Store C,6,7605.41,10,41069.21,11452.77,0,0
2024-09-13,Study Table,Furniture,East,Store D,12,11862.17,20,113876.79,11638.5,0,0
2024-09-13,T-Shirt,Fashion,North,Store E,15,843.13,0,12646.92,4903.79,1,0
2024-09-13,Jeans,Fashion,West,Store B,12,1895.04,10,20466.38,5668.52,0,0
2024-09-13,Shoes,Fashion,West,Store C,9,2697.69,10,21851.32,6627.31,0,0
2024-09-13,Coffee Maker,Home Appliances,West,Store A,3,4831.58,20,11595.79,2705.37,0,0
2024-09-13,Mixer Grinder,Home Appliances,West,Store A,8,3476.72,0,27813.75,6779.28,1,0
2024-09-14,Laptop,Electronics,East,Store D,7,56851.68,0,397961.73,127968.3,0,0
2024-09-14,Smartphone,Electronics,East,Store E,17,24485.0,0,416244.95,85242.52,0,0
2024-09-14,Headphones,Electronics,East,Store D,5,2397.01,5,11385.82,2581.17,0,0
2024-09-14,Office Chair,Furniture,West,Store E,11,7451.59,10,73770.77,16357.67,1,0
2024-09-14,Study Table,Furniture,South,Store C,8,12002.93,10,86421.07,28366.61,0,0
2024-09-14,T-Shirt,Fashion,East,Store D,12,786.8,15,8025.33,1643.73,1,0
2024-09-14,Jeans,Fashion,West,Store E,18,1930.01,0,34740.19,13668.22,0,0
2024-09-14,Shoes,Fashion,South,Store B,8,2451.04,15,16667.04,1508.88,0,0
2024-09-14,Coffee Maker,Home Appliances,East,Store C,10,4549.63,5,43221.51,13305.64,0,0
2024-09-14,Mixer Grinder,Home Appliances,North,Store E,10,3512.15,0,35121.46,9782.8,0,0
2024-09-15,Laptop,Electronics,North,Store D,8,53407.72,5,405898.71,79548.99,0,0
2024-09-15,Smartphone,Electronics,West,Store A,12,26899.73,20,258237.44,28404.21,0,0
2024-09-15,Headphones,Electronics,West,Store C,13,2412.82,0,31366.64,7740.05,0,0
2024-09-15,Office Chair,Furniture,East,Store E,7,7913.35,0,55393.45,23626.59,1,0
2024-09-15,Study Table,Furniture,East,Store E,14,12873.31,0,180226.3,73732.09,1,0
2024-09-15,T-Shirt,Fashion,West,Store D,20,822.1,5,15619.99,3421.59,0,0
2024-09-15,Jeans,Fashion,South,Store B,20,1712.82,10,30830.74,5467.17,0,0
2024-09-15,Shoes,Fashion,East,Store E,10,2393.09,10,21537.8,4126.46,0,0
2024-09-15,Coffee Maker,Home Appliances,West,Store C,14,4651.06,5,61859.14,19404.24,0,0
2024-09-15,Mixer Grinder,Home Appliances,South,Store B,7,3644.71,5,24237.33,8694.1,0,0
2024-09-16,Laptop,Electronics,West,Store B,10,53098.17,0,530981.72,159970.05,0,0
2024-09-16,Smartphone,Electronics,East,Store C,7,24535.65,10,154574.61,41542.09,0,0
2024-09-16,Headphones,Electronics,South,Store E,21,2624.13,0,55106.75,18088.58,1,0
2024-09-16,Office Chair,Furniture,South,Store D,3,7246.62,5,20652.86,5425.62,1,0
2024-09-16,Study Table,Furniture,North,Store D,10,12034.13,0,120341.34,43981.11,0,0
2024-09-16,T-Shirt,Fashion,South,Store C,12,777.66,0,9331.9,3111.52,0,0
2024-09-16,Jeans,Fashion,South,Store E,11,1865.78,5,19497.36,6739.37,0,0
2024-09-16,Shoes,Fashion,South,Store E,8,2436.88,0,19495.03,5762.34,0,0
2024-09-16,Coffee Maker,Home Appliances,East,Store B,3,4460.9,0,13382.69,4584.69,0,0
2024-09-16,Mixer Grinder,Home Appliances,East,Store A,11,3765.47,10,37278.11,8433.7,0,0
2024-09-17,Laptop,Electronics,North,Store A,11,55097.35,5,575767.27,195927.39,0,0
2024-09-17,Smartphone,Electronics,North,Store E,16,24243.51,10,349106.58,54922.92,1,0
2024-09-17,Headphones,Electronics,East,Store C,10,2621.58,0,26215.84,9114.54,1,0
2024-09-17,Office Chair,Furniture,East,Store E,9,7452.4,5,63718.06,15317.56,0,0
2024-09-17,Study Table,Furniture,South,Store B,8,11822.63,5,89852.0,27210.9,1,0
2024-09-17,T-Shirt,Fashion,South,Store C,14,812.97,0,11381.57,3005.21,0,0
2024-09-17,Jeans,Fashion,East,Store B,6,1806.84,0,10841.04,2982.14,0,0
2024-09-17,Shoes,Fashion,North,Store E,11,2541.96,5,26563.45,9832.75,0,0
2024-09-17,Coffee Maker,Home Appliances,West,Store B,10,4399.33,10,39593.98,12417.12,1,0
2024-09-17,Mixer Grinder,Home Appliances,West,Store B,10,3632.05,0,36320.52,14790.03,1,0
2024-09-18,Laptop,Electronics,North,Store B,11,54578.75,5,570347.96,141237.82,0,0
2024-09-18,Smartphone,Electronics,South,Store D,10,24668.68,10,222018.16,41613.12,0,0
2024-09-18,Headphones,Electronics,South,Store D,12,2385.89,0,28630.63,10366.6,1,0
2024-09-18,Office Chair,Furniture,South,Store C,7,7473.58,15,44467.81,12942.17,0,0
2024-09-18,Study Table,Furniture,West,Store C,8,11846.62,0,94773.0,30857.39,1,0
2024-09-18,T-Shirt,Fashion,West,Store B,14,803.44,5,10685.79,3349.07,0,0
2024-09-18,Jeans,Fashion,East,Store E,13,1713.25,0,22272.28,7526.78,0,0
2024-09-18,Shoes,Fashion,South,Store C,10,2546.38,0,25463.84,9839.29,0,0
2024-09-18,Coffee Maker,Home Appliances,East,Store C,5,4323.71,5,20537.62,5518.82,0,0
2024-09-18,Mixer Grinder,Home Appliances,South,Store B,4,3632.7,10,13077.73,3042.17,0,0
2024-09-19,Laptop,Electronics,North,Store C,10,53695.32,5,510105.51,179267.15,0,0
2024-09-19,Smartphone,Electronics,South,Store C,9,26402.02,10,213856.33,71077.31,0,0
2024-09-19,Headphones,Electronics,South,Store D,14,2378.42,0,33297.87,11728.33,1,0
2024-09-19,Office Chair,Furniture,North,Store A,5,7528.74,15,31997.15,6064.49,0,0
2024-09-19,Study Table,Furniture,North,Store E,4,12746.57,20,40789.03,5556.21,0,0
2024-09-19,T-Shirt,Fashion,West,Store B,9,771.58,0,6944.23,1764.84,0,0
2024-09-19,Jeans,Fashion,North,Store E,11,1744.45,10,17270.07,3223.26,0,0
2024-09-19,Shoes,Fashion,West,Store B,16,2581.19,0,41298.99,10745.23,1,0
2024-09-19,Coffee Maker,Home Appliances,West,Store B,10,4659.19,0,46591.92,13021.01,1,0
2024-09-19,Mixer Grinder,Home Appliances,East,Store C,3,3389.75,10,9152.34,1576.95,0,0
2024-09-20,Laptop,Electronics,North,Store B,7,56779.86,0,397459.05,120802.5,0,0
2024-09-20,Smartphone,Electronics,East,Store D,10,26551.36,10,238962.28,82563.56,0,0
2024-09-20,Headphones,Electronics,West,Store B,12,2533.97,0,30407.59,9668.69,1,0
2024-09-20,Office Chair,Furniture,East,Store A,5,7451.84,10,33533.3,9911.83,1,0
2024-09-20,Study Table,Furniture,South,Store A,3,12420.71,10,33535.92,11491.97,1,0
2024-09-20,T-Shirt,Fashion,West,Store B,17,799.17,0,13585.92,3267.56,0,0
2024-09-20,Jeans,Fashion,West,Store A,12,1859.97,0,22319.61,5980.62,1,0
2024-09-20,Shoes,Fashion,East,Store A,7,2572.91,10,16209.3,2731.73,0,0
2024-09-20,Coffee Maker,Home Appliances,West,Store A,6,4682.45,10,25285.25,7157.03,0,0
2024-09-20,Mixer Grinder,Home Appliances,East,Store E,4,3541.21,5,13456.59,4788.3,0,0
2024-09-21,Laptop,Electronics,West,Store C,17,54046.43,10,826910.42,186049.89,0,0
2024-09-21,Smartphone,Electronics,North,Store E,18,26163.57,15,400302.57,57657.26,1,0
2024-09-21,Headphones,Electronics,East,Store E,8,2573.78,0,20590.27,8238.83,0,0
2024-09-21,Office Chair,Furniture,South,Store B,10,7316.88,5,69510.31,23758.03,1,0
2024-09-21,Study Table,Furniture,North,Store E,12,12595.82,15,128477.39,35782.79,0,0
2024-09-21,T-Shirt,Fashion,West,Store A,19,839.16,0,15944.1,5468.89,0,0
2024-09-21,Jeans,Fashion,South,Store C,13,1882.14,15,20797.66,2706.29,0,0
2024-09-21,Shoes,Fashion,South,Store D,15,2423.95,10,32723.39,5500.7,0,0
2024-09-21,Coffee Maker,Home Appliances,West,Store C,8,4277.31,0,34218.5,6539.61,0,0
2024-09-21,Mixer Grinder,Home Appliances,South,Store B,6,3641.42,10,19663.67,4611.19,0,0
2024-09-22,Laptop,Electronics,North,Store A,16,52745.1,15,717333.35,156131.47,1,0
2024-09-22,Smartphone,Electronics,South,Store A,11,23786.51,0,261651.61,79823.63,0,0
2024-09-22,Headphones,Electronics,North,Store C,13,2439.97,15,26961.63,4067.47,1,0
2024-09-22,Office Chair,Furniture,North,Store E,6,7239.26,5,41263.81,10337.64,0,0
2024-09-22,Study Table,Furniture,South,Store C,12,12525.09,20,120240.84,22012.55,0,0
2024-09-22,T-Shirt,Fashion,North,Store A,10,781.47,0,7814.7,1857.68,0,0
2024-09-22,Jeans,Fashion,West,Store C,20,1890.73,5,35923.88,13350.9,1,0
2024-09-22,Shoes,Fashion,East,Store C,8,2600.59,5,19764.48,6644.02,0,0
2024-09-22,Coffee Maker,Home Appliances,East,Store C,5,4538.03,10,20421.12,4011.14,0,0
2024-09-22,Mixer Grinder,Home Appliances,West,Store B,8,3589.57,10,25844.88,8874.03,0,0
2024-09-23,Laptop,Electronics,West,Store B,7,54964.81,0,384753.7,87561.9,0,0
2024-09-23,Smartphone,Electronics,North,Store E,13,26519.45,0,344752.87,145428.35,0,0
2024-09-23,Headphones,Electronics,East,Store A,4,2680.49,5,10185.88,4067.2,0,0
2024-09-23,Office Chair,Furniture,North,Store C,13,7800.6,5,96337.42,30364.78,0,0
2024-09-23,Study Table,Furniture,South,Store C,7,12401.56,10,78129.82,22549.04,1,0
2024-09-23,T-Shirt,Fashion,West,Store E,10,783.18,0,7831.81,1869.75,0,0
2024-09-23,Jeans,Fashion,West,Store C,18,1797.74,15,27505.45,6109.16,0,0
2024-09-23,Shoes,Fashion,East,Store E,13,2576.48,0,33494.2,10314.71,1,0
2024-09-23,Coffee Maker,Home Appliances,South,Store D,12,4537.2,5,51724.11,12052.22,1,0
2024-09-23,Mixer Grinder,Home Appliances,South,Store B,9,3347.76,0,30129.87,7249.65,0,0
2024-09-24,Laptop,Electronics,North,Store D,9,56927.62,10,461113.7,86033.26,0,0
2024-09-24,Smartphone,Electronics,North,Store B,2,25140.08,0,50280.17,16065.44,0,0
2024-09-24,Headphones,Electronics,North,Store B,10,2476.9,20,19815.18,550.33,0,0
2024-09-24,Office Chair,Furniture,North,Store D,10,7652.52,20,61220.18,10391.62,0,0
2024-09-24,Study Table,Furniture,East,Store C,2,11685.47,0,23370.94,5295.45,0,0
2024-09-24,T-Shirt,Fashion,South,Store A,12,848.02,5,9667.44,3625.18,0,0
2024-09-24,Jeans,Fashion,East,Store E,16,1888.53,5,28705.66,10489.47,1,0
2024-09-24,Shoes,Fashion,West,Store D,14,2403.57,0,33650.02,7218.25,0,0
2024-09-24,Coffee Maker,Home Appliances,West,Store C,5,4833.3,10,21749.87,4880.54,0,0
2024-09-24,Mixer Grinder,Home Appliances,South,Store C,13,3332.73,20,34660.4,1776.16,0,0
2024-09-25,Laptop,Electronics,South,Store B,12,57743.1,10,623625.5,213312.55,1,0
2024-09-25,Smartphone,Electronics,East,Store D,10,24036.15,20,192289.16,35678.03,1,0
2024-09-25,Headphones,Electronics,North,Store E,7,2604.77,15,15498.37,4857.26,0,0
2024-09-25,Office Chair,Furniture,East,Store E,6,7372.68,10,39812.46,10119.28,0,0
2024-09-25,Study Table,Furniture,East,Store D,8,12037.44,5,91484.51,19004.4,1,0
2024-09-25,T-Shirt,Fashion,North,Store B,13,773.81,15,8550.6,464.61,0,0
2024-09-25,Jeans,Fashion,South,Store E,12,1856.19,0,22274.25,6491.15,0,0
2024-09-25,Shoes,Fashion,East,Store B,20,2419.02,15,41123.34,8984.76,1,0
2024-09-25,Coffee Maker,Home Appliances,North,Store C,9,4444.15,15,33997.76,3565.19,1,0
2024-09-25,Mixer Grinder,Home Appliances,West,Store C,15,3633.04,0,54495.61,22666.77,0,0
2024-09-26,Laptop,Electronics,North,Store B,6,55169.71,0,331018.24,90093.76,0,0
2024-09-26,Smartphone,Electronics,South,Store A,4,26569.43,0,106277.71,38036.82,0,0
2024-09-26,Headphones,Electronics,West,Store C,7,2648.5,5,17612.52,3982.3,1,0
2024-09-26,Office Chair,Furniture,South,Store E,3,7888.16,5,22481.26,8246.36,0,0
2024-09-26,Study Table,Furniture,North,Store B,9,11579.1,5,99001.34,23260.36,0,0
2024-09-26,T-Shirt,Fashion,East,Store B,14,770.96,5,10253.83,3093.08,0,0
2024-09-26,Jeans,Fashion,North,Store D,11,1858.31,0,20441.36,6459.07,1,0
2024-09-26,Shoes,Fashion,West,Store B,14,2473.98,10,31172.18,6847.9,0,0
2024-09-26,Coffee Maker,Home Appliances,North,Store E,8,4355.66,20,27876.23,5776.06,0,0
2024-09-26,Mixer Grinder,Home Appliances,West,Store C,6,3565.95,20,17116.58,2884.58,1,0
2024-09-27,Laptop,Electronics,South,Store D,5,58102.43,15,246935.33,71314.04,0,0
2024-09-27,Smartphone,Electronics,West,Store E,7,26401.87,5,175572.43,51115.99,1,0
2024-09-27,Headphones,Electronics,South,Store B,13,2638.54,0,34301.02,14618.83,0,0
2024-09-27,Office Chair,Furniture,West,Store C,4,7487.39,5,28452.06,7553.17,0,0
2024-09-27,Study Table,Furniture,West,Store A,9,12682.28,0,114140.5,44514.79,1,0
2024-09-27,T-Shirt,Fashion,North,Store C,17,808.9,0,13751.31,4393.93,1,0
2024-09-27,Jeans,Fashion,West,Store A,10,1737.44,0,17374.37,5805.15,0,0
2024-09-27,Shoes,Fashion,West,Store D,13,2518.68,10,29468.61,8669.04,1,0
2024-09-27,Coffee Maker,Home Appliances,East,Store B,8,4413.68,0,35309.46,10049.74,0,0
2024-09-27,Mixer Grinder,Home Appliances,South,Store E,7,3551.89,0,24863.21,8718.8,0,0
2024-09-28,Laptop,Electronics,South,Store C,11,56069.48,15,524249.64,138551.1,0,0
2024-09-28,Smartphone,Electronics,East,Store D,17,26695.68,0,453826.62,153712.48,1,0
2024-09-28,Headphones,Electronics,East,Store E,10,2634.32,0,26343.22,10632.35,0,0
2024-09-28,Office Chair,Furniture,West,Store E,9,7501.51,0,67513.57,21196.68,0,0
2024-09-28,Study Table,Furniture,East,Store B,7,11843.0,10,74610.88,16503.42,0,0
2024-09-28,T-Shirt,Fashion,South,Store D,17,836.18,10,12793.59,3296.46,1,0
2024-09-28,Jeans,Fashion,West,Store A,14,1852.5,0,25935.06,8645.17,0,0
2024-09-28,Shoes,Fashion,East,Store B,14,2621.94,5,34871.78,12610.49,1,0
2024-09-28,Coffee Maker,Home Appliances,West,Store D,11,4635.51,0,50990.59,15031.81,0,0
2024-09-28,Mixer Grinder,Home Appliances,South,Store E,12,3620.24,5,41270.7,13752.04,0,0
2024-09-29,Laptop,Electronics,South,Store E,12,59287.95,20,569164.31,62192.45,0,0
2024-09-29,Smartphone,Electronics,North,Store C,11,26024.15,15,243325.78,69213.68,0,0
2024-09-29,Headphones,Electronics,West,Store A,11,2452.51,0,26977.57,7523.39,0,0
2024-09-29,Office Chair,Furniture,East,Store B,10,8020.44,5,76194.16,24033.34,0,0
2024-09-29,Study Table,Furniture,North,Store B,5,12085.02,0,60425.09,21889.09,0,0
2024-09-29,T-Shirt,Fashion,North,Store D,17,812.31,5,13118.74,2747.83,1,0
2024-09-29,Jeans,Fashion,South,Store E,16,1938.98,15,26370.14,7108.19,0,0
2024-09-29,Shoes,Fashion,West,Store E,24,2562.87,0,61508.93,22622.54,1,0
2024-09-29,Coffee Maker,Home Appliances,West,Store E,17,4621.96,15,66787.25,17920.83,1,0
2024-09-29,Mixer Grinder,Home Appliances,North,Store E,10,3680.25,5,34962.35,9801.9,0,0
2024-09-30,Laptop,Electronics,South,Store E,19,54829.8,15,885501.33,192552.88,1,0
2024-09-30,Smartphone,Electronics,West,Store D,8,24709.95,20,158143.66,15291.41,1,0
2024-09-30,Headphones,Electronics,East,Store A,10,2682.76,10,24144.88,6858.95,1,0
2024-09-30,Office Chair,Furniture,South,Store A,7,7495.19,5,49843.04,17839.23,0,0
2024-09-30,Study Table,Furniture,West,Store E,1,12229.69,20,9783.75,1720.36,0,0
2024-09-30,T-Shirt,Fashion,South,Store A,11,857.34,10,8487.66,2756.66,1,0
2024-09-30,Jeans,Fashion,West,Store E,10,1732.88,0,17328.84,3799.49,0,0
2024-09-30,Shoes,Fashion,North,Store E,5,2585.4,5,12280.66,3126.51,0,0
2024-09-30,Coffee Maker,Home Appliances,North,Store A,10,4275.53,10,38479.76,7779.83,1,0
2024-09-30,Mixer Grinder,Home Appliances,West,Store E,16,3760.24,0,60163.84,23654.71,1,0
2024-10-01,Laptop,Electronics,East,Store E,18,53963.32,10,874205.78,269955.11,0,0
2024-10-01,Smartphone,Electronics,South,Store B,15,24418.76,15,311339.22,49785.97,0,0
2024-10-01,Headphones,Electronics,South,Store C,15,2500.8,0,37511.94,14348.41,0,0
2024-10-01,Office Chair,Furniture,North,Store B,5,7447.71,15,31652.76,7847.82,0,0
2024-10-01,Study Table,Furniture,North,Store E,12,11886.19,5,135502.51,31402.8,1,0
2024-10-01,T-Shirt,Fashion,South,Store A,22,791.35,5,16539.3,3997.25,1,0
2024-10-01,Jeans,Fashion,North,Store B,16,1744.05,5,26509.53,7624.1,0,0
2024-10-01,Shoes,Fashion,South,Store D,21,2601.98,5,51909.53,17850.04,0,0
2024-10-01,Coffee Maker,Home Appliances,North,Store A,11,4591.91,5,47985.48,15117.25,0,0
2024-10-01,Mixer Grinder,Home Appliances,West,Store A,6,3537.6,0,21225.59,5219.33,0,0
2024-10-02,Laptop,Electronics,West,Store C,25,56087.46,0,1402186.61,375065.63,1,0
2024-10-02,Smartphone,Electronics,North,Store E,14,26537.06,0,371518.86,134486.71,0,0
2024-10-02,Headphones,Electronics,East,Store B,13,2415.1,0,31396.35,11628.42,0,0
2024-10-02,Office Chair,Furniture,West,Store B,11,7821.93,0,86041.23,27869.48,1,0
2024-10-02,Study Table,Furniture,West,Store E,9,12185.9,0,109673.1,29193.07,1,0
2024-10-02,T-Shirt,Fashion,East,Store D,19,820.19,15,13245.99,2490.24,0,0
2024-10-02,Jeans,Fashion,North,Store B,13,1752.07,0,22776.96,4907.94,0,0
2024-10-02,Shoes,Fashion,South,Store A,19,2500.9,5,45141.24,9098.98,0,0
2024-10-02,Coffee Maker,Home Appliances,North,Store D,4,4639.16,10,16700.96,5756.75,0,0
2024-10-02,Mixer Grinder,Home Appliances,South,Store C,8,3482.88,0,27863.08,6532.06,0,0
2024-10-03,Laptop,Electronics,South,Store B,13,59282.41,0,770671.33,223896.09,0,0
2024-10-03,Smartphone,Electronics,North,Store E,17,26830.45,10,410505.84,143646.76,0,0
2024-10-03,Headphones,Electronics,South,Store E,16,2626.52,5,39923.13,9803.68,0,0
2024-10-03,Office Chair,Furniture,North,Store C,6,7161.4,15,36523.16,4631.17,0,0
2024-10-03,Study Table,Furniture,East,Store B,11,12076.0,5,126194.22,34843.27,0,0
2024-10-03,T-Shirt,Fashion,South,Store B,19,823.32,5,14860.86,3126.89,0,0
2024-10-03,Jeans,Fashion,West,Store E,17,1932.71,0,32856.14,13316.67,0,0
2024-10-03,Shoes,Fashion,East,Store D,21,2386.7,0,50120.71,14724.91,0,0
2024-10-03,Coffee Maker,Home Appliances,North,Store B,7,4758.62,10,29979.31,5477.87,0,0
2024-10-03,Mixer Grinder,Home Appliances,South,Store D,9,3676.74,0,33090.67,8812.59,0,0
2024-10-04,Laptop,Electronics,South,Store C,15,56552.74,20,678632.84,161643.97,0,0
2024-10-04,Smartphone,Electronics,South,Store C,12,24690.62,0,296287.39,93385.05,0,0
2024-10-04,Headphones,Electronics,West,Store C,18,2661.26,0,47902.68,16922.65,0,0
2024-10-04,Office Chair,Furniture,North,Store E,11,7485.01,10,74101.58,12917.77,0,0
2024-10-04,Study Table,Furniture,North,Store B,8,12307.0,5,93533.19,32225.43,0,0
2024-10-04,T-Shirt,Fashion,East,Store E,16,825.58,5,12548.88,2910.12,0,0
2024-10-04,Jeans,Fashion,East,Store A,23,1929.56,0,44379.87,18037.89,0,0
2024-10-04,Shoes,Fashion,East,Store E,10,2415.94,10,21743.49,5304.21,0,0
2024-10-04,Coffee Maker,Home Appliances,East,Store C,10,4472.72,5,42490.84,9858.24,0,0
2024-10-04,Mixer Grinder,Home Appliances,South,Store E,8,3616.56,5,27485.89,8463.51,0,0
2024-10-05,Laptop,Electronics,North,Store E,15,58799.17,20,705590.0,200029.34,0,0
2024-10-05,Smartphone,Electronics,West,Store A,19,25320.67,0,481092.66,122692.6,1,0
2024-10-05,Headphones,Electronics,South,Store C,20,2487.62,5,47264.84,11860.8,0,0
2024-10-05,Office Chair,Furniture,East,Store E,20,7242.52,0,144850.48,54058.7,1,0
2024-10-05,Study Table,Furniture,East,Store C,14,12196.62,0,170752.64,44255.4,0,0
2024-10-05,T-Shirt,Fashion,North,Store C,20,806.01,20,12896.21,686.78,0,0
2024-10-05,Jeans,Fashion,North,Store C,17,1723.82,5,27839.68,5045.44,0,0
2024-10-05,Shoes,Fashion,North,Store C,28,2677.19,10,67465.1,21745.39,1,0
2024-10-05,Coffee Maker,Home Appliances,North,Store D,14,4421.04,5,58799.87,11467.47,0,0
2024-10-05,Mixer Grinder,Home Appliances,East,Store B,12,3578.27,10,38645.3,10259.26,0,0
2024-10-06,Laptop,Electronics,South,Store C,11,55586.93,15,519737.78,95431.23,0,0
2024-10-06,Smartphone,Electronics,South,Store A,16,25607.0,20,327769.62,17613.74,0,0
2024-10-06,Headphones,Electronics,East,Store B,22,2555.79,10,50604.55,11905.35,1,0
2024-10-06,Office Chair,Furniture,South,Store B,18,7565.98,5,129378.21,24726.28,0,0
2024-10-06,Study Table,Furniture,North,Store D,6,11853.02,10,64006.29,12062.9,0,0
2024-10-06,T-Shirt,Fashion,West,Store C,24,769.35,20,14771.48,2060.61,0,0
2024-10-06,Jeans,Fashion,West,Store B,21,1797.9,0,37755.92,11019.34,0,0
2024-10-06,Shoes,Fashion,West,Store E,19,2552.54,20,38798.62,5347.89,0,0
2024-10-06,Coffee Maker,Home Appliances,North,Store D,11,4647.99,10,46015.05,14656.63,0,0
2024-10-06,Mixer Grinder,Home Appliances,North,Store D,13,3631.2,5,44845.37,13712.67,0,0
2024-10-07,Laptop,Electronics,West,Store D,21,52725.27,20,885784.5,125009.98,1,0
2024-10-07,Smartphone,Electronics,South,Store D,21,26050.09,0,547051.81,198474.85,1,0
2024-10-07,Headphones,Electronics,West,Store A,13,2645.14,5,32667.53,11104.19,0,0
2024-10-07,Office Chair,Furniture,South,Store A,16,7654.36,5,116346.23,39775.51,0,0
2024-10-07,Study Table,Furniture,South,Store E,7,12734.16,10,80225.19,18465.47,1,0
2024-10-07,T-Shirt,Fashion,North,Store A,13,763.99,0,9931.86,2283.77,1,0
2024-10-07,Jeans,Fashion,East,Store E,16,1890.89,15,25716.1,7249.76,0,0
2024-10-07,Shoes,Fashion,North,Store B,14,2503.42,10,31543.13,9178.92,0,0
2024-10-07,Coffee Maker,Home Appliances,East,Store D,11,4586.48,0,50451.28,16774.8,0,0
2024-10-07,Mixer Grinder,Home Appliances,West,Store D,6,3408.67,0,20452.05,4090.39,0,0
2024-10-08,Laptop,Electronics,North,Store C,14,53904.13,10,679192.04,134303.85,0,0
2024-10-08,Smartphone,Electronics,North,Store B,17,25602.26,0,435238.36,158799.74,1,0
2024-10-08,Headphones,Electronics,West,Store D,8,2637.76,20,16881.64,2931.31,0,0
2024-10-08,Office Chair,Furniture,South,Store B,8,7562.78,15,51426.88,10340.77,0,0
2024-10-08,Study Table,Furniture,East,Store E,13,12790.11,0,166271.38,61971.62,0,0
2024-10-08,T-Shirt,Fashion,South,Store D,12,842.93,0,10115.12,3278.77,0,0
2024-10-08,Jeans,Fashion,East,Store C,22,1773.06,0,39007.41,8996.64,1,0
2024-10-08,Shoes,Fashion,East,Store A,19,2680.57,0,50930.91,14820.43,0,0
2024-10-08,Coffee Maker,Home Appliances,West,Store D,9,4507.47,5,38538.88,12340.8,0,0
2024-10-08,Mixer Grinder,Home Appliances,East,Store E,13,3346.43,0,43503.57,9114.12,0,0
2024-10-09,Laptop,Electronics,East,Store D,17,55978.39,10,856469.44,202523.08,0,0
2024-10-09,Smartphone,Electronics,East,Store A,15,26254.97,0,393824.49,120028.91,1,0
2024-10-09,Headphones,Electronics,East,Store B,14,2509.44,0,35132.17,8604.03,0,0
2024-10-09,Office Chair,Furniture,South,Store E,11,7159.48,10,70878.9,16178.72,0,0
2024-10-09,Study Table,Furniture,East,Store D,11,12051.36,5,125936.67,26639.96,0,0
2024-10-09,T-Shirt,Fashion,West,Store D,15,806.36,10,10885.88,3359.01,0,0
2024-10-09,Jeans,Fashion,South,Store D,15,1812.2,10,24464.7,3923.15,0,0
2024-10-09,Shoes,Fashion,East,Store B,21,2432.96,15,43428.28,10513.59,0,0
2024-10-09,Coffee Maker,Home Appliances,East,Store A,4,4782.94,20,15305.42,3162.25,0,0
2024-10-09,Mixer Grinder,Home Appliances,West,Store E,15,3580.38,0,53705.76,18282.64,1,0
2024-10-10,Laptop,Electronics,West,Store A,17,55124.47,10,843404.43,166773.09,1,0
2024-10-10,Smartphone,Electronics,South,Store D,13,26676.0,15,294769.84,79493.79,1,0
2024-10-10,Headphones,Electronics,North,Store A,17,2541.48,10,38884.59,11824.5,1,0
2024-10-10,Office Chair,Furniture,South,Store D,13,7352.39,5,90802.01,19525.42,0,0
2024-10-10,Study Table,Furniture,South,Store E,8,11525.64,20,73764.08,1985.78,0,0
2024-10-10,T-Shirt,Fashion,South,Store C,17,811.29,5,13102.32,4175.48,0,0
2024-10-10,Jeans,Fashion,West,Store D,15,1832.62,0,27489.3,8937.29,0,0
2024-10-10,Shoes,Fashion,East,Store C,15,2549.03,0,38235.49,11376.41,0,0
2024-10-10,Coffee Maker,Home Appliances,West,Store A,8,4339.01,0,34712.06,6738.62,0,0
2024-10-10,Mixer Grinder,Home Appliances,South,Store B,14,3580.87,5,47625.52,14775.71,0,0
2024-10-11,Laptop,Electronics,North,Store A,21,57507.1,5,1147266.59,251861.26,1,0
2024-10-11,Smartphone,Electronics,West,Store B,17,26317.18,15,380283.26,54636.86,0,0
2024-10-11,Headphones,Electronics,South,Store D,13,2602.52,15,28757.85,6632.71,0,0
2024-10-11,Office Chair,Furniture,West,Store B,10,7933.74,0,79337.39,31448.4,0,0
2024-10-11,Study Table,Furniture,West,Store A,9,12870.8,5,110045.31,41772.74,1,0
2024-10-11,T-Shirt,Fashion,West,Store C,11,776.52,20,6833.41,788.56,0,0
2024-10-11,Jeans,Fashion,North,Store E,22,1823.41,20,32091.93,1669.17,1,0
2024-10-11,Shoes,Fashion,South,Store C,30,2656.82,10,71734.12,17582.77,1,0
2024-10-11,Coffee Maker,Home Appliances,East,Store C,7,4737.16,0,33160.15,11785.57,0,0
2024-10-11,Mixer Grinder,Home Appliances,East,Store A,11,3566.98,0,39236.75,12977.49,0,0
2024-10-12,Laptop,Electronics,West,Store E,16,57198.21,10,823654.2,222669.71,0,0
2024-10-12,Smartphone,Electronics,North,Store B,10,26547.74,0,265477.37,75006.79,0,0
2024-10-12,Headphones,Electronics,North,Store C,17,2395.26,5,38683.48,9584.97,0,0
2024-10-12,Office Chair,Furniture,North,Store B,7,7349.11,10,46299.37,9590.25,0,0
2024-10-12,Study Table,Furniture,North,Store E,8,12646.39,15,85995.44,25786.29,0,0
2024-10-12,T-Shirt,Fashion,South,Store B,24,763.23,20,14654.09,2950.7,1,0
2024-10-12,Jeans,Fashion,West,Store D,17,1785.85,5,28841.42,9557.14,0,0
2024-10-12,Shoes,Fashion,West,Store B,25,2419.26,15,51409.36,3736.98,0,0
2024-10-12,Coffee Maker,Home Appliances,North,Store A,10,4382.89,15,37254.53,8829.35,0,0
2024-10-12,Mixer Grinder,Home Appliances,North,Store E,10,3667.4,0,36674.0,10337.93,0,0
2024-10-13,Laptop,Electronics,South,Store E,9,53467.45,20,384965.65,80288.17,0,0
2024-10-13,Smartphone,Electronics,East,Store B,16,26019.65,10,374683.01,104124.35,0,0
2024-10-13,Headphones,Electronics,East,Store C,16,2582.64,10,37189.94,8734.63,1,0
2024-10-13,Office Chair,Furniture,South,Store C,13,7700.57,10,90096.65,15748.95,1,0
2024-10-13,Study Table,Furniture,North,Store B,11,11541.7,0,126958.7,39660.34,0,0
2024-10-13,T-Shirt,Fashion,North,Store E,37,825.13,0,30529.76,10487.14,1,0
2024-10-13,Jeans,Fashion,South,Store C,18,1867.65,0,33617.78,8568.26,0,0
2024-10-13,Shoes,Fashion,East,Store D,16,2520.26,5,38307.9,10728.7,0,0
2024-10-13,Coffee Maker,Home Appliances,West,Store D,26,4644.53,0,120757.72,46412.53,1,0
2024-10-13,Mixer Grinder,Home Appliances,East,Store E,15,3592.18,10,48494.44,11370.95,0,0
2024-10-14,Laptop,Electronics,West,Store E,19,55970.1,20,850745.48,46233.02,1,0
2024-10-14,Smartphone,Electronics,South,Store A,11,25699.44,20,226155.08,30619.18,0,0
2024-10-14,Headphones,Electronics,West,Store B,9,2395.55,0,21559.98,6091.14,0,0
2024-10-14,Office Chair,Furniture,East,Store D,14,7333.48,0,102668.68,21048.38,0,0
2024-10-14,Study Table,Furniture,West,Store A,10,12825.51,15,109016.81,25701.88,1,0
2024-10-14,T-Shirt,Fashion,South,Store C,20,846.42,15,14389.1,4069.6,1,0
2024-10-14,Jeans,Fashion,East,Store E,19,1804.19,15,29137.68,7599.95,0,0
2024-10-14,Shoes,Fashion,South,Store B,14,2432.21,5,32348.41,8799.44,0,0
2024-10-14,Coffee Maker,Home Appliances,East,Store A,5,4762.16,5,22620.27,7457.7,0,0
2024-10-14,Mixer Grinder,Home Appliances,West,Store B,11,3562.22,5,37225.24,8521.71,0,0
2024-10-15,Laptop,Electronics,East,Store E,10,54041.99,0,540419.88,178748.06,0,0
2024-10-15,Smartphone,Electronics,South,Store E,11,24065.24,10,238245.91,63147.23,0,0
2024-10-15,Headphones,Electronics,East,Store D,13,2589.79,10,30300.54,10447.16,0,0
2024-10-15,Office Chair,Furniture,West,Store E,13,7778.73,10,91011.09,17811.04,1,0
2024-10-15,Study Table,Furniture,West,Store D,13,12272.96,5,151571.01,35491.16,0,0
2024-10-15,T-Shirt,Fashion,South,Store D,10,782.89,0,7828.87,2622.7,1,0
2024-10-15,Jeans,Fashion,South,Store C,26,1824.93,5,45075.76,9232.35,0,0
2024-10-15,Shoes,Fashion,East,Store A,12,2386.81,0,28641.74,6911.96,0,0
2024-10-15,Coffee Maker,Home Appliances,South,Store A,8,4350.77,5,33065.87,10865.03,1,0
2024-10-15,Mixer Grinder,Home Appliances,West,Store D,19,3342.24,20,50802.03,486.6,1,0
2024-10-16,Laptop,Electronics,North,Store A,13,54977.47,5,678971.8,242324.52,1,0
2024-10-16,Smartphone,Electronics,North,Store B,12,24500.95,10,264610.25,52512.84,0,0
2024-10-16,Headphones,Electronics,East,Store B,13,2644.26,0,34375.43,13416.98,1,0
2024-10-16,Office Chair,Furniture,South,Store B,8,7483.72,0,59869.74,16408.78,0,0
2024-10-16,Study Table,Furniture,East,Store B,6,12740.84,15,64978.29,20840.15,0,0
2024-10-16,T-Shirt,Fashion,South,Store C,19,788.66,20,11987.58,590.89,0,0
2024-10-16,Jeans,Fashion,South,Store A,26,1709.95,5,42235.71,12054.42,1,0
2024-10-16,Shoes,Fashion,South,Store A,11,2494.67,10,24697.22,7054.91,0,0
2024-10-16,Coffee Maker,Home Appliances,North,Store C,13,4329.75,20,45029.37,5772.7,0,0
2024-10-16,Mixer Grinder,Home Appliances,North,Store A,12,3333.75,15,34004.28,4989.61,0,0
2024-10-17,Laptop,Electronics,East,Store C,9,56273.73,15,430494.04,88168.1,0,0
2024-10-17,Smartphone,Electronics,South,Store C,16,24066.64,0,385066.2,111598.46,0,0
2024-10-17,Headphones,Electronics,East,Store E,7,2440.14,0,17080.96,6023.99,0,0
2024-10-17,Office Chair,Furniture,North,Store E,4,7127.0,5,27082.6,8189.12,0,0
2024-10-17,Study Table,Furniture,South,Store B,8,12594.68,0,100757.43,40016.22,0,0
2024-10-17,T-Shirt,Fashion,West,Store D,25,806.17,10,18138.8,5634.1,1,0
2024-10-17,Jeans,Fashion,North,Store B,17,1897.67,0,32260.36,12025.67,0,0
2024-10-17,Shoes,Fashion,North,Store D,26,2542.77,15,56195.3,14387.51,1,0
2024-10-17,Coffee Maker,Home Appliances,North,Store D,6,4708.89,5,26840.68,5961.29,0,0
2024-10-17,Mixer Grinder,Home Appliances,East,Store C,10,3627.05,5,34456.94,11287.5,0,0
2024-10-18,Laptop,Electronics,East,Store C,9,55181.82,5,471804.58,130078.87,0,0
2024-10-18,Smartphone,Electronics,West,Store A,17,24431.88,0,415342.01,120544.25,0,0
2024-10-18,Headphones,Electronics,North,Store D,15,2390.83,0,35862.45,8409.41,1,0
2024-10-18,Office Chair,Furniture,North,Store B,6,7766.44,5,44268.69,15041.29,0,0
2024-10-18,Study Table,Furniture,East,Store A,6,12713.55,10,68653.17,22147.39,0,0
2024-10-18,T-Shirt,Fashion,South,Store A,16,775.13,5,11782.03,3862.22,0,0
2024-10-18,Jeans,Fashion,West,Store C,18,1905.69,10,30872.22,10258.73,0,0
2024-10-18,Shoes,Fashion,South,Store D,15,2479.67,5,35335.37,10912.86,0,0
2024-10-18,Coffee Maker,Home Appliances,South,Store E,9,4642.14,0,41779.28,12206.65,0,0
2024-10-18,Mixer Grinder,Home Appliances,West,Store D,9,3386.78,5,28956.98,5846.75,0,0
2024-10-19,Laptop,Electronics,South,Store C,10,54859.04,15,466301.84,54593.58,0,0
2024-10-19,Smartphone,Electronics,West,Store E,17,25473.07,10,389737.99,89270.25,0,0
2024-10-19,Headphones,Electronics,West,Store E,25,2522.95,0,63073.72,25217.6,1,0
2024-10-19,Office Chair,Furniture,West,Store E,14,7497.17,10,94464.28,14644.67,0,0
2024-10-19,Study Table,Furniture,West,Store E,10,12182.21,5,115731.0,34718.13,0,0
2024-10-19,T-Shirt,Fashion,South,Store D,15,840.65,10,11348.77,2907.83,0,0
2024-10-19,Jeans,Fashion,West,Store A,19,1717.01,0,32623.23,9576.68,0,0
2024-10-19,Shoes,Fashion,East,Store B,16,2578.84,5,39198.31,12153.18,0,0
2024-10-19,Coffee Maker,Home Appliances,West,Store D,12,4766.67,5,54340.07,18468.19,1,0
2024-10-19,Mixer Grinder,Home Appliances,South,Store C,7,3419.01,0,23933.07,8129.18,0,0
2024-10-20,Laptop,Electronics,East,Store B,18,56120.93,0,1010176.79,261801.8,0,0
2024-10-20,Smartphone,Electronics,East,Store A,16,23799.2,0,380787.25,77297.89,0,0
2024-10-20,Headphones,Electronics,North,Store A,18,2411.88,10,39072.54,10040.04,0,0
2024-10-20,Office Chair,Furniture,West,Store C,14,7806.58,10,98362.94,34129.49,0,0
2024-10-20,Study Table,Furniture,North,Store B,10,11934.89,15,101446.53,17989.14,1,0
2024-10-20,T-Shirt,Fashion,North,Store D,26,847.59,20,17629.83,3903.01,0,0
2024-10-20,Jeans,Fashion,South,Store B,21,1850.09,0,38851.96,11452.37,0,0
2024-10-20,Shoes,Fashion,South,Store C,24,2684.85,0,64436.31,23244.11,1,0
2024-10-20,Coffee Maker,Home Appliances,East,Store B,14,4477.21,0,62680.99,20884.04,1,0
2024-10-20,Mixer Grinder,Home Appliances,West,Store E,13,3672.89,5,45360.24,15456.68,1,0
2024-10-21,Laptop,Electronics,South,Store E,11,55993.13,5,585128.23,156915.76,0,0
2024-10-21,Smartphone,Electronics,North,Store C,13,26316.03,15,290792.18,93332.01,0,0
2024-10-21,Headphones,Electronics,North,Store E,18,2574.91,15,39396.19,7171.24,0,0
2024-10-21,Office Chair,Furniture,North,Store E,8,7412.28,0,59298.23,17569.33,0,0
2024-10-21,Study Table,Furniture,East,Store B,10,12806.95,10,115262.59,25564.69,1,0
2024-10-21,T-Shirt,Fashion,North,Store A,12,807.27,5,9202.92,1922.57,0,0
2024-10-21,Jeans,Fashion,South,Store A,13,1916.76,5,23672.02,9125.35,1,0
2024-10-21,Shoes,Fashion,West,Store A,10,2440.23,0,24402.29,7946.59,0,0
2024-10-21,Coffee Maker,Home Appliances,East,Store B,8,4553.68,10,32786.52,5511.56,0,0
2024-10-21,Mixer Grinder,Home Appliances,East,Store B,10,3709.63,10,33386.7,11377.35,0,0
2024-10-22,Laptop,Electronics,North,Store A,27,54663.23,5,1402111.8,334990.66,1,0
2024-10-22,Smartphone,Electronics,East,Store C,9,24127.57,10,195433.29,27645.81,0,0
2024-10-22,Headphones,Electronics,North,Store E,17,2381.1,5,38454.77,10816.03,0,0
2024-10-22,Office Chair,Furniture,North,Store E,13,7250.92,10,84835.75,21713.15,1,0
2024-10-22,Study Table,Furniture,South,Store A,11,12813.6,20,112759.72,28323.97,1,0
2024-10-22,T-Shirt,Fashion,West,Store D,10,853.19,15,7252.14,2131.64,0,0
2024-10-22,Jeans,Fashion,East,Store C,25,1899.97,15,40374.43,5743.91,0,0
2024-10-22,Shoes,Fashion,North,Store A,24,2634.12,15,53736.1,10828.86,1,0
2024-10-22,Coffee Maker,Home Appliances,North,Store A,16,4463.21,20,57129.09,2032.87,0,0
2024-10-22,Mixer Grinder,Home Appliances,North,Store B,7,3431.63,5,22820.34,4205.14,0,0
2024-10-23,Laptop,Electronics,East,Store B,8,53690.34,15,365094.28,46322.31,0,0
2024-10-23,Smartphone,Electronics,East,Store E,10,26292.95,0,262929.46,71404.82,1,0
2024-10-23,Headphones,Electronics,West,Store D,5,2577.41,20,10309.63,1755.9,0,0
2024-10-23,Office Chair,Furniture,West,Store E,8,7785.33,5,59168.48,13081.44,0,0
2024-10-23,Study Table,Furniture,North,Store E,5,12955.92,0,64779.58,23766.62,1,0
2024-10-23,T-Shirt,Fashion,West,Store C,26,831.96,10,19467.94,4458.04,0,0
2024-10-23,Jeans,Fashion,North,Store E,16,1911.28,0,30580.51,10089.89,0,0
2024-10-23,Shoes,Fashion,North,Store E,23,2585.62,20,47575.36,3046.21,1,0
2024-10-23,Coffee Maker,Home Appliances,East,Store B,12,4419.11,10,47726.33,15019.87,1,0
2024-10-23,Mixer Grinder,Home Appliances,North,Store E,12,3712.62,0,44551.44,13564.76,1,0
2024-10-24,Laptop,Electronics,West,Store C,13,53527.98,0,695863.72,182973.7,1,0
2024-10-24,Smartphone,Electronics,East,Store A,19,26018.68,0,494354.9,175710.59,0,0
2024-10-24,Headphones,Electronics,East,Store D,16,2632.66,10,37910.33,13455.69,0,0
2024-10-24,Office Chair,Furniture,South,Store B,5,7267.4,0,36336.98,8139.94,0,0
2024-10-24,Study Table,Furniture,South,Store A,10,11733.23,0,117332.26,26652.24,0,0
2024-10-24,T-Shirt,Fashion,South,Store C,24,847.93,10,18315.27,6785.39,1,0
2024-10-24,Jeans,Fashion,West,Store C,16,1857.31,10,26745.21,6748.0,0,0
2024-10-24,Shoes,Fashion,South,Store C,13,2466.15,5,30456.9,10036.43,0,0
2024-10-24,Coffee Maker,Home Appliances,West,Store D,10,4323.13,10,38908.17,5225.1,1,0
2024-10-24,Mixer Grinder,Home Appliances,East,Store E,10,3483.0,0,34829.97,11376.84,0,0
2024-10-25,Laptop,Electronics,North,Store A,20,53104.98,0,1062099.68,312307.58,1,0
2024-10-25,Smartphone,Electronics,North,Store A,8,23769.58,0,190156.6,38839.87,0,0
2024-10-25,Headphones,Electronics,North,Store D,13,2607.12,20,27114.06,7558.73,0,0
2024-10-25,Office Chair,Furniture,North,Store A,4,7469.61,5,28384.53,5064.28,1,0
2024-10-25,Study Table,Furniture,South,Store E,10,12393.09,0,123930.94,38884.24,1,0
2024-10-25,T-Shirt,Fashion,South,Store B,13,843.95,15,9325.61,2710.08,0,0
2024-10-25,Jeans,Fashion,North,Store D,20,1870.4,0,37408.03,13804.1,0,0
2024-10-25,Shoes,Fashion,South,Store E,12,2474.01,0,29688.16,11587.18,0,0
2024-10-25,Coffee Maker,Home Appliances,North,Store D,9,4421.65,5,37805.1,6412.53,0,0
2024-10-25,Mixer Grinder,Home Appliances,West,Store C,13,3747.5,0,48717.44,14699.3,1,0
2024-10-26,Laptop,Electronics,North,Store A,11,54959.24,10,544096.44,150507.73,0,0
2024-10-26,Smartphone,Electronics,North,Store A,20,24120.26,10,434164.7,60784.81,0,0
2024-10-26,Headphones,Electronics,North,Store A,10,2435.21,0,24352.09,5100.18,0,0
2024-10-26,Office Chair,Furniture,South,Store E,16,7697.22,5,116997.8,28798.01,1,0
2024-10-26,Study Table,Furniture,South,Store C,7,12093.32,10,76187.92,15760.32,0,0
2024-10-26,T-Shirt,Fashion,East,Store E,29,824.43,0,23908.37,8500.73,0,0
2024-10-26,Jeans,Fashion,North,Store E,30,1711.78,0,51353.33,10245.33,0,0
2024-10-26,Shoes,Fashion,South,Store C,15,2386.04,0,35790.6,10936.65,0,0
2024-10-26,Coffee Maker,Home Appliances,South,Store C,13,4452.98,5,54994.34,10628.25,0,0
2024-10-26,Mixer Grinder,Home Appliances,South,Store D,23,3600.1,5,78662.19,23082.51,1,0
2024-10-27,Laptop,Electronics,South,Store D,15,55801.89,0,837028.38,285285.78,1,0
2024-10-27,Smartphone,Electronics,West,Store E,19,26901.86,0,511135.42,225951.0,1,0
2024-10-27,Headphones,Electronics,South,Store C,18,2399.18,0,43185.28,11786.7,1,0
2024-10-27,Office Chair,Furniture,South,Store B,17,7299.48,5,117886.66,38717.93,0,0
2024-10-27,Study Table,Furniture,North,Store D,11,11728.76,5,122565.53,41134.43,0,0
2024-10-27,T-Shirt,Fashion,North,Store E,11,793.58,5,8292.89,2982.0,0,0
2024-10-27,Jeans,Fashion,South,Store A,27,1710.82,0,46192.17,10213.41,1,0
2024-10-27,Shoes,Fashion,South,Store E,16,2394.0,15,32558.39,4981.27,0,0
2024-10-27,Coffee Maker,Home Appliances,East,Store C,9,4532.48,5,38752.68,14065.33,0,0
2024-10-27,Mixer Grinder,Home Appliances,South,Store D,14,3769.96,5,50140.51,17802.31,0,0
2024-10-28,Laptop,Electronics,East,Store B,10,57104.74,0,571047.44,190654.46,0,0
2024-10-28,Smartphone,Electronics,East,Store E,9,25050.89,0,225457.99,65762.99,0,0
2024-10-28,Headphones,Electronics,East,Store B,17,2543.08,5,41070.73,10058.49,1,0
2024-10-28,Office Chair,Furniture,South,Store D,9,7180.54,5,61393.6,20762.5,1,0
2024-10-28,Study Table,Furniture,South,Store C,7,12912.27,0,90385.88,30547.4,0,0
2024-10-28,T-Shirt,Fashion,West,Store B,23,774.54,5,16923.66,3626.26,1,0
2024-10-28,Jeans,Fashion,North,Store A,11,1841.14,10,18227.26,4692.18,0,0
2024-10-28,Shoes,Fashion,West,Store A,20,2501.03,10,45018.6,14381.36,0,0
2024-10-28,Coffee Maker,Home Appliances,South,Store A,9,4788.59,0,43097.28,16566.35,1,0
2024-10-28,Mixer Grinder,Home Appliances,East,Store B,11,3435.69,10,34013.3,7793.53,0,0
2024-10-29,Laptop,Electronics,North,Store B,11,55162.83,20,485432.87,56803.51,0,0
2024-10-29,Smartphone,Electronics,South,Store E,21,25134.34,0,527821.08,184718.29,1,0
2024-10-29,Headphones,Electronics,West,Store E,9,2548.85,10,20645.65,5695.62,0,0
2024-10-29,Office Chair,Furniture,North,Store A,15,7566.98,10,102154.23,26157.01,0,0
2024-10-29,Study Table,Furniture,South,Store D,12,12463.56,5,142084.56,32671.99,1,0
2024-10-29,T-Shirt,Fashion,East,Store D,13,788.79,10,9228.81,1858.14,0,0
2024-10-29,Jeans,Fashion,North,Store A,14,1926.2,10,24270.08,5266.09,0,0
2024-10-29,Shoes,Fashion,North,Store A,15,2603.53,20,31242.32,4698.84,0,0
2024-10-29,Coffee Maker,Home Appliances,South,Store E,12,4287.29,10,46302.77,13835.12,0,0
2024-10-29,Mixer Grinder,Home Appliances,North,Store C,9,3502.39,0,31521.48,8158.37,0,0
2024-10-30,Laptop,Electronics,West,Store D,12,54933.41,5,626240.87,178327.77,0,0
2024-10-30,Smartphone,Electronics,North,Store D,22,24785.11,15,463481.56,102443.23,0,0
2024-10-30,Headphones,Electronics,West,Store E,12,2443.82,5,27859.51,5997.18,0,0
2024-10-30,Office Chair,Furniture,South,Store D,7,7674.29,0,53720.0,14328.15,0,0
2024-10-30,Study Table,Furniture,West,Store D,16,12641.39,5,192149.17,50731.8,1,0
2024-10-30,T-Shirt,Fashion,South,Store B,19,826.31,5,14914.92,5096.48,1,0
2024-10-30,Jeans,Fashion,East,Store E,12,1843.22,15,18800.82,2406.83,0,0
2024-10-30,Shoes,Fashion,West,Store D,12,2386.82,0,28641.86,5632.91,1,0
2024-10-30,Coffee Maker,Home Appliances,North,Store E,11,4616.31,0,50779.4,13955.37,1,0
2024-10-30,Mixer Grinder,Home Appliances,West,Store E,8,3433.97,5,26098.2,6039.77,0,0
2024-10-31,Laptop,Electronics,East,Store A,4,56314.02,0,225256.08,86552.14,0,0
2024-10-31,Smartphone,Electronics,North,Store A,18,24313.07,0,437635.35,138440.58,0,0
2024-10-31,Headphones,Electronics,West,Store C,9,2420.89,5,20698.59,3906.26,0,0
2024-10-31,Office Chair,Furniture,South,Store C,12,7950.0,10,85859.99,18018.76,0,0
2024-10-31,Study Table,Furniture,West,Store A,10,12832.63,10,115493.67,31793.37,0,0
2024-10-31,T-Shirt,Fashion,East,Store D,19,836.26,10,14299.98,2676.15,0,0
2024-10-31,Jeans,Fashion,South,Store A,22,1912.59,20,33661.54,4376.79,1,0
2024-10-31,Shoes,Fashion,West,Store A,16,2410.4,5,36638.11,7403.6,0,0
2024-10-31,Coffee Maker,Home Appliances,East,Store D,11,4393.37,0,48327.11,16972.28,0,0
2024-10-31,Mixer Grinder,Home Appliances,East,Store C,15,3515.82,15,44826.7,7277.34,0,0
2024-11-01,Laptop,Electronics,East,Store D,10,55098.63,5,523436.98,119525.8,0,0
2024-11-01,Smartphone,Electronics,South,Store D,17,26820.96,5,433158.54,116026.66,0,0
2024-11-01,Headphones,Electronics,North,Store A,15,2445.49,0,36682.35,13671.13,1,0
2024-11-01,Office Chair,Furniture,North,Store B,6,8005.52,0,48033.1,20696.47,1,0
2024-11-01,Study Table,Furniture,West,Store C,13,12122.73,15,133956.14,38934.03,0,0
2024-11-01,T-Shirt,Fashion,West,Store C,20,785.28,5,14920.26,4256.54,1,0
2024-11-01,Jeans,Fashion,South,Store E,14,1912.56,15,22759.52,6954.25,0,0
2024-11-01,Shoes,Fashion,West,Store C,19,2385.46,0,45323.67,16589.26,1,0
2024-11-01,Coffee Maker,Home Appliances,West,Store A,10,4286.88,0,42868.77,14599.73,0,0
2024-11-01,Mixer Grinder,Home Appliances,North,Store A,12,3720.03,5,42408.36,12540.19,0,0
2024-11-02,Laptop,Electronics,South,Store B,27,59121.8,5,1516474.17,502362.72,1,0
2024-11-02,Smartphone,Electronics,East,Store E,16,24942.05,10,359165.53,109558.51,0,0
2024-11-02,Headphones,Electronics,East,Store A,17,2474.2,20,33649.07,7312.97,0,0
2024-11-02,Office Chair,Furniture,South,Store A,10,8021.22,5,76201.63,20575.32,0,0
2024-11-02,Study Table,Furniture,South,Store E,13,11994.95,5,148137.63,37217.93,1,0
2024-11-02,T-Shirt,Fashion,North,Store D,14,806.06,20,9027.91,2015.51,0,0
2024-11-02,Jeans,Fashion,East,Store C,23,1878.57,10,38886.36,7958.69,0,0
2024-11-02,Shoes,Fashion,North,Store E,23,2645.21,0,60839.94,22099.09,0,0
2024-11-02,Coffee Maker,Home Appliances,East,Store C,11,4779.21,5,49942.71,17202.09,1,0
2024-11-02,Mixer Grinder,Home Appliances,North,Store C,15,3760.2,10,50762.71,11269.3,0,0
2024-11-03,Laptop,Electronics,East,Store C,20,55591.91,20,889470.49,45807.16,0,0
2024-11-03,Smartphone,Electronics,South,Store B,12,24366.66,10,263159.91,38409.39,0,0
2024-11-03,Headphones,Electronics,North,Store B,15,2609.1,15,33265.99,5667.6,0,0
2024-11-03,Office Chair,Furniture,North,Store A,18,7724.1,20,111227.09,8237.31,0,0
2024-11-03,Study Table,Furniture,East,Store B,18,11850.75,20,170650.74,10193.88,0,0
2024-11-03,T-Shirt,Fashion,North,Store E,21,829.23,10,15672.47,2612.39,0,0
2024-11-03,Jeans,Fashion,East,Store D,29,1774.82,15,43749.37,9715.55,1,0
2024-11-03,Shoes,Fashion,North,Store B,16,2561.39,5,38933.19,13385.4,0,0
2024-11-03,Coffee Maker,Home Appliances,East,Store E,19,4595.11,15,74211.06,11983.46,0,0
2024-11-03,Mixer Grinder,Home Appliances,East,Store A,20,3773.48,5,71696.19,25461.72,0,0
2024-11-04,Laptop,Electronics,South,Store C,13,54449.87,20,566278.67,44383.46,0,0
2024-11-04,Smartphone,Electronics,West,Store A,11,26746.86,0,294215.46,127485.68,0,0
2024-11-04,Headphones,Electronics,East,Store B,14,2621.77,5,34869.57,10825.54,0,0
2024-11-04,Office Chair,Furniture,South,Store B,10,7245.26,0,72452.57,26379.47,0,0
2024-11-04,Study Table,Furniture,North,Store D,14,12130.94,5,161341.52,59891.47,1,0
2024-11-04,T-Shirt,Fashion,East,Store E,22,805.29,5,16830.65,5261.97,0,0
2024-11-04,Jeans,Fashion,North,Store A,26,1818.61,5,44919.61,14670.03,1,0
2024-11-04,Shoes,Fashion,West,Store D,17,2581.9,0,43892.35,16592.02,0,0
2024-11-04,Coffee Maker,Home Appliances,East,Store E,10,4789.43,10,43104.87,15853.43,0,0
2024-11-04,Mixer Grinder,Home Appliances,North,Store D,7,3446.5,20,19300.38,2997.17,0,0
2024-11-05,Laptop,Electronics,South,Store A,11,52619.28,10,520930.92,133522.25,0,0
2024-11-05,Smartphone,Electronics,East,Store D,19,25966.67,15,419361.71,49550.38,0,0
2024-11-05,Headphones,Electronics,East,Store D,9,2411.69,0,21705.21,7240.75,0,0
2024-11-05,Office Chair,Furniture,East,Store D,9,7283.63,0,65552.68,18689.41,0,0
2024-11-05,Study Table,Furniture,East,Store C,8,11443.41,0,91547.31,28044.08,0,0
2024-11-05,T-Shirt,Fashion,East,Store C,26,835.57,15,18466.08,5794.89,1,0
2024-11-05,Jeans,Fashion,North,Store A,16,1724.36,0,27589.82,7036.55,0,0
2024-11-05,Shoes,Fashion,East,Store A,24,2606.37,5,59425.17,22822.11,1,0
2024-11-05,Coffee Maker,Home Appliances,West,Store A,11,4675.26,0,51427.84,16862.58,1,0
2024-11-05,Mixer Grinder,Home Appliances,North,Store B,7,3633.21,10,22889.22,6774.84,0,0
2024-11-06,Laptop,Electronics,South,Store C,8,54566.89,5,414708.34,110262.18,1,0
2024-11-06,Smartphone,Electronics,East,Store A,21,26091.5,5,520525.45,193788.7,1,0
2024-11-06,Headphones,Electronics,South,Store D,11,2487.0,20,21885.57,3535.55,0,0
2024-11-06,Office Chair,Furniture,North,Store A,1,7679.36,5,7295.39,2430.43,0,0
2024-11-06,Study Table,Furniture,North,Store C,8,12154.61,20,77789.53,18410.47,0,0
2024-11-06,T-Shirt,Fashion,South,Store D,18,773.78,0,13928.09,4560.17,0,0
2024-11-06,Jeans,Fashion,North,Store B,15,1893.2,10,25558.22,8408.89,0,0
2024-11-06,Shoes,Fashion,South,Store C,11,2399.03,0,26389.28,5163.87,0,0
2024-11-06,Coffee Maker,Home Appliances,North,Store D,12,4716.04,0,56592.47,23837.19,0,0
2024-11-06,Mixer Grinder,Home Appliances,East,Store C,9,3510.65,0,31595.82,9674.49,1,0
2024-11-07,Laptop,Electronics,East,Store B,9,54877.77,15,419814.93,56385.08,0,0
2024-11-07,Smartphone,Electronics,North,Store D,10,26024.84,0,260248.4,82598.86,0,0
2024-11-07,Headphones,Electronics,East,Store B,15,2394.26,0,35913.9,10517.0,0,0
2024-11-07,Office Chair,Furniture,East,Store B,8,7458.27,5,56682.84,15949.87,0,0
2024-11-07,Study Table,Furniture,West,Store E,10,12324.37,5,117081.56,32003.71,0,0
2024-11-07,T-Shirt,Fashion,South,Store B,18,805.29,10,13045.67,2618.91,0,0
2024-11-07,Jeans,Fashion,North,Store B,18,1775.37,0,31956.72,11764.36,0,0
2024-11-07,Shoes,Fashion,North,Store A,13,2523.09,0,32800.12,9598.89,1,0
2024-11-07,Coffee Maker,Home Appliances,South,Store B,10,4670.43,0,46704.27,12790.73,0,0
2024-11-07,Mixer Grinder,Home Appliances,North,Store C,14,3468.96,15,41280.66,5302.94,0,0
2024-11-08,Laptop,Electronics,West,Store C,19,58011.88,20,881780.56,85507.04,0,0
2024-11-08,Smartphone,Electronics,East,Store C,11,26878.83,5,280883.73,94895.16,0,0
2024-11-08,Headphones,Electronics,West,Store E,13,2553.96,5,31541.39,10362.08,1,0
2024-11-08,Office Chair,Furniture,East,Store C,12,7673.88,10,82877.93,20448.52,1,0
2024-11-08,Study Table,Furniture,West,Store E,9,12737.57,0,114638.12,37158.67,1,0
2024-11-08,T-Shirt,Fashion,West,Store D,13,808.32,0,10508.1,2408.81,0,0
2024-11-08,Jeans,Fashion,South,Store E,14,1797.77,10,22651.86,4906.94,0,0
2024-11-08,Shoes,Fashion,West,Store B,17,2414.49,0,41046.36,12185.8,0,0
2024-11-08,Coffee Maker,Home Appliances,North,Store E,16,4665.94,0,74654.97,22922.32,1,0
2024-11-08,Mixer Grinder,Home Appliances,North,Store E,15,3437.71,5,48987.39,12397.46,1,0
2024-11-09,Laptop,Electronics,North,Store E,22,53860.35,10,1066434.98,329643.02,1,0
2024-11-09,Smartphone,Electronics,East,Store A,15,24328.88,10,328439.93,72882.19,0,0
2024-11-09,Headphones,Electronics,North,Store E,18,2495.65,0,44921.67,11227.05,0,0
2024-11-09,Office Chair,Furniture,South,Store C,8,7592.3,0,60738.4,22036.13,0,0
2024-11-09,Study Table,Furniture,East,Store E,15,12885.72,0,193285.75,77359.61,0,0
2024-11-09,T-Shirt,Fashion,South,Store A,21,858.31,5,17123.32,5115.02,0,0
2024-11-09,Jeans,Fashion,South,Store A,22,1922.71,10,38069.69,8782.08,1,0
2024-11-09,Shoes,Fashion,East,Store A,20,2601.13,0,52022.63,13337.55,0,0
2024-11-09,Coffee Maker,Home Appliances,North,Store E,16,4673.13,5,71031.58,27055.9,0,0
2024-11-09,Mixer Grinder,Home Appliances,North,Store B,13,3408.52,0,44310.74,16103.07,0,0
2024-11-10,Laptop,Electronics,East,Store C,12,53689.58,10,579847.41,164178.44,0,0
2024-11-10,Smartphone,Electronics,West,Store C,13,26668.6,5,329357.24,102834.12,0,0
2024-11-10,Headphones,Electronics,South,Store B,16,2619.39,5,39814.79,15538.02,0,0
2024-11-10,Office Chair,Furniture,East,Store D,11,7591.89,5,79335.28,21248.56,0,0
2024-11-10,Study Table,Furniture,West,Store A,7,11416.5,0,79915.52,21894.87,0,0
2024-11-10,T-Shirt,Fashion,North,Store E,15,812.78,0,12191.73,3988.13,0,0
2024-11-10,Jeans,Fashion,East,Store B,17,1844.84,5,29794.14,10011.2,0,0
2024-11-10,Shoes,Fashion,North,Store B,23,2374.35,0,54609.95,16883.69,0,0
2024-11-10,Coffee Maker,Home Appliances,North,Store E,10,4748.29,0,47482.89,14993.18,0,0
2024-11-10,Mixer Grinder,Home Appliances,North,Store D,15,3758.27,10,50736.7,17965.46,1,0
2024-11-11,Laptop,Electronics,West,Store B,19,54277.64,0,1031275.2,346913.62,0,0
2024-11-11,Smartphone,Electronics,East,Store B,20,26805.78,10,482504.01,144991.03,1,0
2024-11-11,Headphones,Electronics,East,Store E,11,2682.69,10,26558.65,9034.13,0,0
2024-11-11,Office Chair,Furniture,North,Store D,9,7722.19,0,69499.75,27542.1,0,0
2024-11-11,Study Table,Furniture,West,Store C,10,12680.6,10,114125.39,26176.32,1,0
2024-11-11,T-Shirt,Fashion,South,Store A,16,846.44,15,11511.55,2454.93,0,0
2024-11-11,Jeans,Fashion,North,Store D,16,1913.03,5,29077.99,9124.15,0,0
2024-11-11,Shoes,Fashion,West,Store C,17,2611.48,0,44395.21,17926.06,0,0
2024-11-11,Coffee Maker,Home Appliances,West,Store C,16,4531.63,5,68880.79,25035.58,0,0
2024-11-11,Mixer Grinder,Home Appliances,North,Store D,11,3607.78,5,37701.35,12073.07,0,0
2024-11-12,Laptop,Electronics,North,Store B,9,55499.0,0,499491.0,192080.69,0,0
2024-11-12,Smartphone,Electronics,North,Store A,13,24131.44,0,313708.77,66700.89,0,0
2024-11-12,Headphones,Electronics,North,Store B,15,2427.83,5,34596.58,8763.39,1,0
2024-11-12,Office Chair,Furniture,South,Store E,9,7902.29,10,64008.58,21525.26,0,0
2024-11-12,Study Table,Furniture,South,Store B,8,12757.27,5,96955.23,35250.94,1,0
2024-11-12,T-Shirt,Fashion,North,Store A,13,849.71,0,11046.17,4042.57,0,0
2024-11-12,Jeans,Fashion,North,Store A,16,1857.75,15,25265.4,3464.18,0,0
2024-11-12,Shoes,Fashion,South,Store A,14,2552.24,0,35731.3,12648.18,1,0
2024-11-12,Coffee Maker,Home Appliances,North,Store C,8,4664.18,10,33582.1,8865.91,1,0
2024-11-12,Mixer Grinder,Home Appliances,North,Store C,11,3419.53,5,35734.12,11337.53,0,0
2024-11-13,Laptop,Electronics,South,Store A,9,57627.66,0,518648.93,141578.34,0,0
2024-11-13,Smartphone,Electronics,East,Store E,15,25026.26,10,337854.58,100008.54,0,0
2024-11-13,Headphones,Electronics,West,Store D,16,2632.58,10,37909.14,10101.54,1,0
2024-11-13,Office Chair,Furniture,East,Store C,6,7247.62,0,43485.72,10489.06,0,0
2024-11-13,Study Table,Furniture,West,Store A,13,11499.67,10,134546.18,38015.75,1,0
2024-11-13,T-Shirt,Fashion,East,Store D,21,775.24,15,13837.98,2185.24,1,0
2024-11-13,Jeans,Fashion,North,Store D,8,1730.11,15,11764.73,1243.45,0,0
2024-11-13,Shoes,Fashion,North,Store E,13,2523.06,15,27879.79,5195.65,0,0
2024-11-13,Coffee Maker,Home Appliances,South,Store E,9,4299.62,0,38696.61,9906.98,1,0
2024-11-13,Mixer Grinder,Home Appliances,South,Store B,13,3597.31,10,42088.52,10922.51,0,0
2024-11-14,Laptop,Electronics,North,Store E,14,55243.16,0,773404.26,242267.41,1,0
2024-11-14,Smartphone,Electronics,South,Store C,18,23775.03,0,427950.53,155760.57,1,0
2024-11-14,Headphones,Electronics,East,Store A,14,2476.88,10,31208.64,7983.1,0,0
2024-11-14,Office Chair,Furniture,East,Store A,9,7725.11,15,59097.06,8614.02,0,0
2024-11-14,Study Table,Furniture,West,Store E,9,12029.17,0,108262.51,40664.52,1,0
2024-11-14,T-Shirt,Fashion,East,Store B,12,846.27,0,10155.29,2806.68,0,0
2024-11-14,Jeans,Fashion,South,Store A,14,1721.18,0,24096.53,8884.48,0,0
2024-11-14,Shoes,Fashion,West,Store A,13,2443.63,20,25413.77,1285.89,1,0
2024-11-14,Coffee Maker,Home Appliances,West,Store B,7,4394.15,0,30759.03,10516.33,0,0
2024-11-14,Mixer Grinder,Home Appliances,South,Store C,6,3742.72,0,22456.31,8578.71,0,0
2024-11-15,Laptop,Electronics,West,Store E,12,58961.85,10,636787.96,197450.24,0,0
2024-11-15,Smartphone,Electronics,East,Store D,16,25920.05,10,373248.76,100336.94,0,0
2024-11-15,Headphones,Electronics,South,Store E,13,2480.77,5,30637.5,5424.23,1,0
2024-11-15,Office Chair,Furniture,East,Store B,11,7292.73,0,80220.07,25045.74,0,0
2024-11-15,Study Table,Furniture,East,Store D,12,12781.64,15,130372.72,34402.91,1,0
2024-11-15,T-Shirt,Fashion,South,Store D,20,856.38,0,17127.51,7285.07,1,0
2024-11-15,Jeans,Fashion,East,Store A,27,1875.13,10,45565.61,16282.18,1,0
2024-11-15,Shoes,Fashion,West,Store C,11,2642.83,10,26163.99,6109.94,0,0
2024-11-15,Coffee Maker,Home Appliances,West,Store A,15,4524.58,0,67868.74,19387.09,0,0
2024-11-15,Mixer Grinder,Home Appliances,East,Store A,13,3761.6,5,46455.75,14252.69,0,0
2024-11-16,Laptop,Electronics,North,Store A,14,58862.69,0,824077.65,313617.31,0,0
2024-11-16,Smartphone,Electronics,South,Store E,20,26264.14,15,446490.31,88669.63,0,0
2024-11-16,Headphones,Electronics,West,Store D,19,2446.62,5,44161.53,9162.64,0,0
2024-11-16,Office Chair,Furniture,East,Store E,9,7624.6,10,61759.24,15034.56,0,0
2024-11-16,Study Table,Furniture,West,Store B,12,11514.22,15,117445.06,22723.6,1,0
2024-11-16,T-Shirt,Fashion,East,Store A,21,787.36,5,15707.92,3039.16,0,0
2024-11-16,Jeans,Fashion,South,Store A,21,1824.27,10,34478.65,10198.26,1,0
2024-11-16,Shoes,Fashion,East,Store B,9,2624.13,0,23617.16,7592.63,0,0
2024-11-16,Coffee Maker,Home Appliances,South,Store B,8,4448.47,0,35587.78,10087.75,0,0
2024-11-16,Mixer Grinder,Home Appliances,South,Store C,15,3707.54,0,55613.09,16649.36,0,0
2024-11-17,Laptop,Electronics,East,Store E,11,54506.14,10,539610.77,138935.1,0,0
2024-11-17,Smartphone,Electronics,North,Store B,21,24162.48,15,431300.21,29024.81,1,0
2024-11-17,Headphones,Electronics,North,Store E,12,2657.31,5,30293.3,10845.35,0,0
2024-11-17,Office Chair,Furniture,North,Store B,16,8090.12,0,129441.98,51378.11,1,0
2024-11-17,Study Table,Furniture,East,Store D,19,12046.04,5,217431.02,68568.46,1,0
2024-11-17,T-Shirt,Fashion,North,Store E,26,825.24,0,21456.33,5538.01,1,0
2024-11-17,Jeans,Fashion,East,Store C,17,1809.42,5,29222.12,5574.64,0,0
2024-11-17,Shoes,Fashion,West,Store A,13,2635.26,10,30832.54,8598.23,0,0
2024-11-17,Coffee Maker,Home Appliances,East,Store C,11,4704.96,0,51754.54,21529.92,0,0
2024-11-17,Mixer Grinder,Home Appliances,East,Store D,17,3361.82,20,45720.78,5367.56,0,0
2024-11-18,Laptop,Electronics,North,Store E,8,57734.29,0,461874.28,189321.55,0,0
2024-11-18,Smartphone,Electronics,North,Store D,12,26789.3,5,305398.01,109856.8,0,0
2024-11-18,Headphones,Electronics,East,Store B,14,2688.37,10,33873.5,7059.78,1,0
2024-11-18,Office Chair,Furniture,North,Store D,15,7592.28,20,91107.31,12240.07,1,0
2024-11-18,Study Table,Furniture,West,Store B,18,12780.89,0,230056.07,72198.07,1,0
2024-11-18,T-Shirt,Fashion,South,Store A,25,818.65,5,19442.95,6054.2,1,0
2024-11-18,Jeans,Fashion,South,Store D,17,1886.17,0,32064.87,8934.57,1,0
2024-11-18,Shoes,Fashion,West,Store C,21,2404.14,0,50486.88,10400.36,0,0
2024-11-18,Coffee Maker,Home Appliances,North,Store D,15,4535.63,10,61231.01,15887.39,0,0
2024-11-18,Mixer Grinder,Home Appliances,West,Store A,13,3753.2,5,46352.05,17331.69,0,0
2024-11-19,Laptop,Electronics,West,Store A,19,57607.83,5,1039821.31,350442.91,0,0
2024-11-19,Smartphone,Electronics,West,Store C,12,26399.11,0,316789.38,109671.7,0,0
2024-11-19,Headphones,Electronics,East,Store D,15,2420.09,20,29041.08,3344.44,0,0
2024-11-19,Office Chair,Furniture,East,Store B,13,7241.7,5,89435.03,14293.48,1,0
2024-11-19,Study Table,Furniture,West,Store C,12,11511.46,0,138137.55,26099.86,1,0
2024-11-19,T-Shirt,Fashion,North,Store E,13,794.18,10,9291.86,1240.76,0,0
2024-11-19,Jeans,Fashion,North,Store C,23,1728.49,5,37767.47,7449.18,1,0
2024-11-19,Shoes,Fashion,South,Store A,9,2383.27,10,19304.47,2504.73,0,0
2024-11-19,Coffee Maker,Home Appliances,West,Store C,10,4820.23,0,48202.28,13424.64,0,0
2024-11-19,Mixer Grinder,Home Appliances,East,Store B,14,3734.58,5,49669.98,17964.16,0,0
2024-11-20,Laptop,Electronics,East,Store B,14,55017.21,0,770240.92,225845.78,0,0
2024-11-20,Smartphone,Electronics,South,Store C,17,26313.43,5,424961.84,114037.92,0,0
2024-11-20,Headphones,Electronics,East,Store A,12,2558.46,5,29166.42,7064.23,0,0
2024-11-20,Office Chair,Furniture,South,Store C,7,7611.34,10,47951.47,11390.47,0,0
2024-11-20,Study Table,Furniture,West,Store B,6,12390.34,0,74342.03,28219.77,1,0
2024-11-20,T-Shirt,Fashion,East,Store D,16,776.63,10,11183.47,3176.25,1,0
2024-11-20,Jeans,Fashion,South,Store B,12,1789.56,15,18253.49,5086.6,1,0
2024-11-20,Shoes,Fashion,East,Store E,28,2409.49,15,57345.92,4855.23,1,0
2024-11-20,Coffee Maker,Home Appliances,East,Store D,9,4493.86,10,36400.24,8602.66,0,0
2024-11-20,Mixer Grinder,Home Appliances,East,Store C,7,3684.61,10,23213.07,8008.81,0,0
2024-11-21,Laptop,Electronics,North,Store D,16,57774.71,0,924395.37,279618.73,1,0
2024-11-21,Smartphone,Electronics,North,Store E,21,25224.33,10,476739.93,88274.35,0,0
2024-11-21,Headphones,Electronics,North,Store A,16,2604.42,5,39587.16,12979.63,0,0
2024-11-21,Office Chair,Furniture,East,Store E,11,7402.19,20,65139.25,13054.56,0,0
2024-11-21,Study Table,Furniture,North,Store E,10,11862.21,0,118622.09,37924.74,0,0
2024-11-21,T-Shirt,Fashion,North,Store D,26,808.07,0,21009.83,8012.38,1,0
2024-11-21,Jeans,Fashion,South,Store B,11,1807.27,0,19879.93,5042.71,0,0
2024-11-21,Shoes,Fashion,West,Store A,23,2653.84,0,61038.25,17858.37,0,0
2024-11-21,Coffee Maker,Home Appliances,West,Store A,8,4484.29,0,35874.3,13809.89,1,0
2024-11-21,Mixer Grinder,Home Appliances,North,Store C,18,3677.21,5,62880.23,17236.85,1,0
2024-11-22,Laptop,Electronics,West,Store A,17,53795.05,0,914515.82,334851.67,0,0
2024-11-22,Smartphone,Electronics,West,Store B,10,26244.26,10,236198.33,58987.91,0,0
2024-11-22,Headphones,Electronics,East,Store A,12,2619.02,0,31428.29,11461.17,0,0
2024-11-22,Office Chair,Furniture,West,Store B,11,7246.9,0,79715.87,18981.71,0,0
2024-11-22,Study Table,Furniture,North,Store C,13,12604.86,20,131090.52,17958.97,0,0
2024-11-22,T-Shirt,Fashion,West,Store C,15,860.07,5,12255.99,4902.53,0,0
2024-11-22,Jeans,Fashion,East,Store A,17,1726.82,5,27888.15,5943.28,1,0
2024-11-22,Shoes,Fashion,North,Store B,15,2396.32,0,35944.77,9233.44,0,0
2024-11-22,Coffee Maker,Home Appliances,West,Store B,9,4278.3,20,30803.76,5252.44,0,0
2024-11-22,Mixer Grinder,Home Appliances,West,Store E,17,3356.68,15,48504.05,9250.05,1,0
2024-11-23,Laptop,Electronics,South,Store B,26,58729.64,15,1297925.12,278696.98,0,0
2024-11-23,Smartphone,Electronics,South,Store D,12,24504.35,5,279349.62,56196.65,0,0
2024-11-23,Headphones,Electronics,South,Store B,16,2427.02,0,38832.26,13369.97,1,0
2024-11-23,Office Chair,Furniture,West,Store A,10,8087.5,0,80874.98,24438.84,0,0
2024-11-23,Study Table,Furniture,South,Store B,12,11931.32,0,143175.87,43147.92,0,0
2024-11-23,T-Shirt,Fashion,North,Store E,24,847.53,20,16272.51,2077.07,1,0
2024-11-23,Jeans,Fashion,West,Store B,19,1910.42,0,36297.95,15678.12,0,0
2024-11-23,Shoes,Fashion,West,Store A,24,2382.38,20,45741.64,-134.81,1,0
2024-11-23,Coffee Maker,Home Appliances,South,Store B,4,4563.82,15,15516.99,4501.41,0,0
2024-11-23,Mixer Grinder,Home Appliances,West,Store B,9,3529.32,0,31763.9,10547.54,0,0
2024-11-24,Laptop,Electronics,South,Store C,17,56160.99,5,906999.95,234696.32,1,0
2024-11-24,Smartphone,Electronics,North,Store E,12,25289.65,15,257954.48,56501.5,0,0
2024-11-24,Headphones,Electronics,North,Store A,12,2587.0,5,29491.79,9357.31,0,0
2024-11-24,Office Chair,Furniture,East,Store D,10,7822.26,20,62578.08,16714.27,0,0
2024-11-24,Study Table,Furniture,West,Store C,8,12164.28,0,97314.24,34549.82,0,0
2024-11-24,T-Shirt,Fashion,West,Store A,22,826.88,15,15462.74,3272.4,0,0
2024-11-24,Jeans,Fashion,East,Store E,14,1758.12,0,24613.64,7391.21,0,0
2024-11-24,Shoes,Fashion,South,Store B,18,2587.78,15,39593.09,9980.16,0,0
2024-11-24,Coffee Maker,Home Appliances,North,Store A,12,4664.28,5,53172.79,19075.52,0,0
2024-11-24,Mixer Grinder,Home Appliances,South,Store A,16,3625.44,10,52206.33,14448.37,0,0
2024-11-25,Laptop,Electronics,East,Store D,13,57514.81,15,635538.63,107467.12,0,0
2024-11-25,Smartphone,Electronics,North,Store E,16,25329.73,5,385011.83,83474.37,0,0
2024-11-25,Headphones,Electronics,West,Store C,8,2592.86,15,17631.44,2951.96,0,0
2024-11-25,Office Chair,Furniture,West,Store C,9,7808.36,0,70275.27,28069.14,0,0
2024-11-25,Study Table,Furniture,East,Store D,5,11449.65,10,51523.43,14412.62,0,0
2024-11-25,T-Shirt,Fashion,West,Store D,25,786.25,10,17690.51,4591.77,1,0
2024-11-25,Jeans,Fashion,West,Store D,13,1839.45,15,20325.96,5373.14,0,0
2024-11-25,Shoes,Fashion,North,Store D,17,2409.76,20,32772.77,5817.6,0,0
2024-11-25,Coffee Maker,Home Appliances,East,Store E,14,4476.75,10,56407.01,9703.76,0,0
2024-11-25,Mixer Grinder,Home Appliances,South,Store B,7,3445.96,0,24121.72,7309.22,0,0
2024-11-26,Laptop,Electronics,East,Store B,6,56049.07,0,336294.42,115351.48,0,0
2024-11-26,Smartphone,Electronics,East,Store E,20,26461.22,15,449840.79,79681.07,1,0
2024-11-26,Headphones,Electronics,East,Store C,18,2627.67,0,47298.03,19687.22,1,0
2024-11-26,Office Chair,Furniture,West,Store B,11,7601.32,0,83614.52,21943.96,1,0
2024-11-26,Study Table,Furniture,South,Store A,10,11676.91,10,105092.22,23037.4,0,0
2024-11-26,T-Shirt,Fashion,North,Store A,14,832.4,0,11653.67,3494.75,0,0
2024-11-26,Jeans,Fashion,West,Store E,16,1816.1,20,23246.05,3150.54,0,0
2024-11-26,Shoes,Fashion,East,Store B,13,2544.45,5,31423.95,10890.12,0,0
2024-11-26,Coffee Maker,Home Appliances,North,Store E,5,4432.19,10,19944.84,4954.57,1,0
2024-11-26,Mixer Grinder,Home Appliances,East,Store D,11,3721.79,10,36845.74,7993.59,0,0
2024-11-27,Laptop,Electronics,West,Store A,10,55139.43,5,523824.55,179295.6,0,0
2024-11-27,Smartphone,Electronics,West,Store C,13,26900.59,10,314736.91,107262.55,0,0
2024-11-27,Headphones,Electronics,North,Store B,13,2682.16,10,31381.26,11425.52,1,0
2024-11-27,Office Chair,Furniture,North,Store E,6,7741.34,10,41803.22,12385.91,1,0
2024-11-27,Study Table,Furniture,West,Store E,10,11880.41,5,112863.91,23736.86,0,0
2024-11-27,T-Shirt,Fashion,South,Store C,27,809.61,10,19673.43,3843.52,1,0
2024-11-27,Jeans,Fashion,North,Store A,12,1743.87,10,18833.85,5853.5,0,0
2024-11-27,Shoes,Fashion,East,Store E,15,2388.43,0,35826.51,7464.6,0,0
2024-11-27,Coffee Maker,Home Appliances,North,Store B,10,4624.66,0,46246.61,14897.13,0,0
2024-11-27,Mixer Grinder,Home Appliances,East,Store C,10,3382.66,10,30443.96,4462.83,0,0
2024-11-28,Laptop,Electronics,East,Store E,17,56427.08,0,959260.32,383279.71,1,0
2024-11-28,Smartphone,Electronics,South,Store A,9,25569.86,5,218622.32,69915.43,0,0
2024-11-28,Headphones,Electronics,East,Store D,12,2407.9,0,28894.78,10103.44,0,0
2024-11-28,Office Chair,Furniture,East,Store C,10,7978.34,10,71805.09,17071.39,0,0
2024-11-28,Study Table,Furniture,East,Store E,10,12907.44,10,116166.97,34074.46,0,0
2024-11-28,T-Shirt,Fashion,West,Store A,23,854.35,0,19649.98,6665.89,1,0
2024-11-28,Jeans,Fashion,North,Store D,28,1848.72,0,51764.12,14091.0,1,0
2024-11-28,Shoes,Fashion,West,Store B,28,2391.94,5,63625.68,13674.93,1,0
2024-11-28,Coffee Maker,Home Appliances,East,Store E,11,4765.48,15,44557.22,11832.8,0,0
2024-11-28,Mixer Grinder,Home Appliances,South,Store A,8,3769.05,5,28644.75,8814.86,0,0
2024-11-29,Laptop,Electronics,South,Store B,12,58050.92,0,696611.02,226694.72,0,0
2024-11-29,Smartphone,Electronics,East,Store A,20,26695.6,0,533911.98,173694.61,1,0
2024-11-29,Headphones,Electronics,North,Store B,12,2542.58,0,30510.97,8585.13,1,0
2024-11-29,Office Chair,Furniture,West,Store A,5,7154.04,5,33981.68,9950.31,0,0
2024-11-29,Study Table,Furniture,West,Store B,4,12214.82,15,41530.38,4647.4,0,0
2024-11-29,T-Shirt,Fashion,South,Store C,19,840.75,15,13578.15,3092.43,0,0
2024-11-29,Jeans,Fashion,North,Store C,26,1859.48,10,43511.73,8239.68,1,0
2024-11-29,Shoes,Fashion,South,Store A,10,2504.64,5,23794.11,5629.64,0,0
2024-11-29,Coffee Maker,Home Appliances,North,Store E,10,4859.86,5,46168.62,12183.81,1,0
2024-11-29,Mixer Grinder,Home Appliances,South,Store D,6,3367.85,15,17176.03,2669.3,0,0
2024-11-30,Laptop,Electronics,East,Store B,22,57607.2,20,1013886.73,201709.73,1,0
2024-11-30,Smartphone,Electronics,West,Store E,12,24170.59,0,290047.09,99466.72,0,0
2024-11-30,Headphones,Electronics,East,Store A,22,2695.11,15,50398.49,9925.94,0,0
2024-11-30,Office Chair,Furniture,South,Store C,8,7200.28,0,57602.28,19697.61,0,0
2024-11-30,Study Table,Furniture,East,Store A,11,11802.15,0,129823.65,34405.69,0,0
2024-11-30,T-Shirt,Fashion,North,Store E,22,803.99,0,17687.88,4386.19,0,0
2024-11-30,Jeans,Fashion,North,Store C,13,1877.04,5,23181.51,8326.17,0,0
2024-11-30,Shoes,Fashion,East,Store B,27,2599.01,5,66664.53,22511.78,1,0
2024-11-30,Coffee Maker,Home Appliances,North,Store A,20,4674.89,5,88822.86,23308.23,0,0
2024-11-30,Mixer Grinder,Home Appliances,East,Store A,9,3357.09,0,30213.81,10839.85,0,0
2024-12-01,Laptop,Electronics,South,Store B,16,57224.58,15,778254.26,139629.43,0,0
2024-12-01,Smartphone,Electronics,West,Store B,19,24551.52,15,396507.0,54212.57,0,0
2024-12-01,Headphones,Electronics,South,Store A,14,2580.09,15,30703.02,5424.38,0,0
2024-12-01,Office Chair,Furniture,South,Store C,11,7492.93,5,78301.13,14766.38,0,0
2024-12-01,Study Table,Furniture,South,Store A,18,12756.98,5,218144.43,69387.28,1,0
2024-12-01,T-Shirt,Fashion,East,Store C,35,859.32,20,24060.94,5785.14,1,0
2024-12-01,Jeans,Fashion,South,Store D,15,1834.08,10,24760.05,5146.0,0,0
2024-12-01,Shoes,Fashion,North,Store D,22,2448.32,0,53862.97,16723.11,0,0
2024-12-01,Coffee Maker,Home Appliances,West,Store C,9,4536.69,20,32664.15,5811.65,0,0
2024-12-01,Mixer Grinder,Home Appliances,North,Store B,8,3770.08,5,28652.61,7884.1,0,0
2024-12-02,Laptop,Electronics,East,Store C,17,54485.87,0,926259.8,253231.12,0,0
2024-12-02,Smartphone,Electronics,West,Store B,16,24897.52,0,398360.28,119043.09,1,0
2024-12-02,Headphones,Electronics,South,Store C,8,2477.03,15,16843.78,2642.9,0,0
2024-12-02,Office Chair,Furniture,South,Store E,8,7237.75,10,52111.8,10904.7,0,0
2024-12-02,Study Table,Furniture,North,Store E,7,11815.58,15,70302.67,18088.19,0,0
2024-12-02,T-Shirt,Fashion,South,Store E,13,832.16,0,10818.02,2928.48,0,0
2024-12-02,Jeans,Fashion,South,Store C,15,1910.69,5,27227.31,6413.35,0,0
2024-12-02,Shoes,Fashion,West,Store D,17,2510.87,5,40550.5,13082.8,0,0
2024-12-02,Coffee Maker,Home Appliances,South,Store D,8,4797.71,15,32624.45,6052.36,0,0
2024-12-02,Mixer Grinder,Home Appliances,South,Store C,9,3436.91,5,29385.6,8725.7,0,0
2024-12-03,Laptop,Electronics,West,Store B,9,53645.72,5,458670.94,127383.34,1,0
2024-12-03,Smartphone,Electronics,West,Store A,14,25778.24,0,360895.41,111361.18,0,0
2024-12-03,Headphones,Electronics,South,Store D,12,2694.89,0,32338.66,10356.77,0,0
2024-12-03,Office Chair,Furniture,South,Store A,6,7875.87,5,44892.44,15318.65,0,0
2024-12-03,Study Table,Furniture,South,Store C,9,11881.39,0,106932.49,23304.68,1,0
2024-12-03,T-Shirt,Fashion,West,Store A,26,846.38,20,17604.74,3335.39,1,0
2024-12-03,Jeans,Fashion,North,Store C,15,1713.65,10,23134.3,2904.71,0,0
2024-12-03,Shoes,Fashion,West,Store E,19,2592.52,10,44332.07,11157.01,1,0
2024-12-03,Coffee Maker,Home Appliances,North,Store A,15,4441.02,5,63284.59,17549.96,1,0
2024-12-03,Mixer Grinder,Home Appliances,South,Store E,8,3479.32,5,26442.81,8733.75,0,0
2024-12-04,Laptop,Electronics,East,Store A,18,55885.78,5,955646.79,281841.32,0,0
2024-12-04,Smartphone,Electronics,West,Store C,13,25358.04,15,280206.33,77755.94,1,0
2024-12-04,Headphones,Electronics,North,Store E,7,2657.24,0,18600.69,7132.54,0,0
2024-12-04,Office Chair,Furniture,South,Store B,8,7757.65,5,58958.16,18097.78,0,0
2024-12-04,Study Table,Furniture,East,Store C,10,12379.72,0,123797.18,36318.02,1,0
2024-12-04,T-Shirt,Fashion,East,Store A,20,776.62,20,12425.99,780.16,1,0
2024-12-04,Jeans,Fashion,North,Store C,13,1719.4,0,22352.25,4942.28,0,0
2024-12-04,Shoes,Fashion,West,Store D,16,2517.68,0,40282.93,11749.34,0,0
2024-12-04,Coffee Maker,Home Appliances,West,Store D,21,4722.65,20,79340.54,21458.59,1,0
2024-12-04,Mixer Grinder,Home Appliances,East,Store E,10,3648.43,0,36484.32,14977.33,0,0
2024-12-05,Laptop,Electronics,North,Store C,12,57474.9,10,620728.92,129129.83,0,0
2024-12-05,Smartphone,Electronics,East,Store D,10,26847.23,10,241625.1,86678.76,1,0
2024-12-05,Headphones,Electronics,East,Store A,10,2545.65,5,24183.66,6811.83,0,0
2024-12-05,Office Chair,Furniture,South,Store B,11,7819.33,5,81711.96,23544.49,1,0
2024-12-05,Study Table,Furniture,East,Store E,11,11864.14,0,130505.53,39865.18,1,0
2024-12-05,T-Shirt,Fashion,North,Store D,26,846.42,5,20906.66,8253.6,1,0
2024-12-05,Jeans,Fashion,West,Store C,14,1806.65,10,22763.79,6191.65,0,0
2024-12-05,Shoes,Fashion,East,Store E,12,2598.8,15,26507.79,6459.02,0,0
2024-12-05,Coffee Maker,Home Appliances,North,Store C,13,4571.73,0,59432.51,20201.29,0,0
2024-12-05,Mixer Grinder,Home Appliances,South,Store C,9,3534.19,5,30217.29,6113.34,0,0
2024-12-06,Laptop,Electronics,East,Store A,19,52923.7,5,955272.82,160935.37,1,0
2024-12-06,Smartphone,Electronics,East,Store D,16,25121.58,5,381848.03,70096.3,0,0
2024-12-06,Headphones,Electronics,East,Store D,16,2378.29,0,38052.69,12650.3,1,0
2024-12-06,Office Chair,Furniture,South,Store E,10,7447.36,0,74473.57,22152.24,0,0
2024-12-06,Study Table,Furniture,North,Store B,11,12293.65,0,135230.11,51345.32,0,0
2024-12-06,T-Shirt,Fashion,West,Store E,16,814.72,5,12383.68,4039.54,0,0
2024-12-06,Jeans,Fashion,South,Store B,21,1937.96,5,38662.28,13743.82,0,0
2024-12-06,Shoes,Fashion,North,Store B,28,2626.41,5,69862.46,24694.68,1,0
2024-12-06,Coffee Maker,Home Appliances,West,Store B,10,4762.98,15,40485.32,7499.39,0,0
2024-12-06,Mixer Grinder,Home Appliances,East,Store D,12,3746.76,0,44961.06,14099.46,0,0
2024-12-07,Laptop,Electronics,East,Store D,17,54684.25,10,836668.99,193979.49,1,0
2024-12-07,Smartphone,Electronics,South,Store A,15,25379.61,20,304555.35,31925.06,0,0
2024-12-07,Headphones,Electronics,East,Store C,22,2544.37,5,53177.41,17839.01,0,0
2024-12-07,Office Chair,Furniture,South,Store C,14,7865.01,0,110110.19,35815.58,0,0
2024-12-07,Study Table,Furniture,East,Store D,14,12338.22,20,138188.12,19060.88,1,0
2024-12-07,T-Shirt,Fashion,South,Store D,16,854.25,10,12301.22,4464.8,0,0
2024-12-07,Jeans,Fashion,West,Store D,31,1794.91,0,55642.31,21549.33,1,0
2024-12-07,Shoes,Fashion,West,Store D,25,2683.96,10,60389.09,12121.88,0,0
2024-12-07,Coffee Maker,Home Appliances,West,Store B,21,4808.87,10,90887.63,26819.67,0,0
2024-12-07,Mixer Grinder,Home Appliances,West,Store A,18,3579.71,0,64434.7,22913.32,0,0
2024-12-08,Laptop,Electronics,North,Store C,17,58798.21,0,999569.55,351286.99,0,0
2024-12-08,Smartphone,Electronics,South,Store B,23,24269.46,15,474467.87,34873.18,0,0
2024-12-08,Headphones,Electronics,North,Store C,27,2443.74,10,59382.88,11558.5,1,0
2024-12-08,Office Chair,Furniture,North,Store D,17,7450.3,5,120322.31,21762.06,0,0
2024-12-08,Study Table,Furniture,West,Store B,11,12277.16,0,135048.74,55263.47,0,0
2024-12-08,T-Shirt,Fashion,West,Store B,20,862.9,15,14669.32,4884.61,0,0
2024-12-08,Jeans,Fashion,North,Store E,14,1792.67,20,20077.95,3708.77,0,0
2024-12-08,Shoes,Fashion,North,Store D,17,2531.18,0,43030.14,16459.5,0,0
2024-12-08,Coffee Maker,Home Appliances,North,Store B,16,4453.72,20,57007.67,9004.83,1,0
2024-12-08,Mixer Grinder,Home Appliances,West,Store E,10,3452.32,0,34523.17,8811.92,0,0
2024-12-09,Laptop,Electronics,West,Store D,7,54061.13,10,340585.12,80309.63,0,0
2024-12-09,Smartphone,Electronics,North,Store C,13,26949.84,5,332830.57,122982.87,0,0
2024-12-09,Headphones,Electronics,West,Store B,14,2612.14,5,34741.43,10371.93,0,0
2024-12-09,Office Chair,Furniture,North,Store E,14,7833.0,0,109662.07,32850.68,0,0
2024-12-09,Study Table,Furniture,West,Store E,6,12460.09,10,67284.49,23000.31,0,0
2024-12-09,T-Shirt,Fashion,South,Store E,17,770.88,5,12449.64,3477.97,1,0
2024-12-09,Jeans,Fashion,East,Store E,11,1835.28,5,19178.69,4453.92,0,0
2024-12-09,Shoes,Fashion,West,Store D,22,2484.75,0,54664.43,18473.0,1,0
2024-12-09,Coffee Maker,Home Appliances,West,Store A,13,4851.88,10,56767.03,11562.45,0,0
2024-12-09,Mixer Grinder,Home Appliances,East,Store B,10,3539.76,15,30087.99,3496.15,0,0
2024-12-10,Laptop,Electronics,North,Store C,20,57366.07,5,1089955.33,398986.0,1,0
2024-12-10,Smartphone,Electronics,North,Store E,15,23985.75,10,323807.69,89506.51,0,0
2024-12-10,Headphones,Electronics,North,Store C,13,2421.48,15,26757.32,2917.33,0,0
2024-12-10,Office Chair,Furniture,West,Store B,10,7230.28,10,65072.56,13792.73,0,0
2024-12-10,Study Table,Furniture,West,Store A,9,12681.7,10,102721.79,18492.76,0,0
2024-12-10,T-Shirt,Fashion,East,Store B,13,760.58,15,8404.44,501.44,0,0
2024-12-10,Jeans,Fashion,South,Store B,31,1857.83,5,54713.17,17159.72,1,0
2024-12-10,Shoes,Fashion,South,Store E,10,2403.14,20,19225.09,895.02,0,0
2024-12-10,Coffee Maker,Home Appliances,North,Store C,19,4820.8,0,91595.27,39146.4,1,0
2024-12-10,Mixer Grinder,Home Appliances,South,Store C,12,3732.01,5,42544.89,15763.06,0,0
2024-12-11,Laptop,Electronics,South,Store C,15,53439.56,5,761513.71,209419.45,0,0
2024-12-11,Smartphone,Electronics,North,Store C,16,26502.55,0,424040.75,152001.93,0,0
2024-12-11,Headphones,Electronics,North,Store D,16,2561.87,15,34841.39,4952.71,0,0
2024-12-11,Office Chair,Furniture,East,Store E,7,7353.19,20,41177.87,8172.55,0,0
2024-12-11,Study Table,Furniture,East,Store C,7,12266.19,5,81570.15,28907.08,0,0
2024-12-11,T-Shirt,Fashion,South,Store C,10,761.71,10,6855.39,780.34,1,0
2024-12-11,Jeans,Fashion,North,Store E,26,1716.96,5,42409.01,13229.34,1,0
2024-12-11,Shoes,Fashion,West,Store D,8,2617.48,0,20939.86,8771.99,0,0
2024-12-11,Coffee Maker,Home Appliances,West,Store C,11,4740.23,20,41713.98,4805.4,0,0
2024-12-11,Mixer Grinder,Home Appliances,South,Store D,12,3435.37,0,41224.5,9087.36,0,0
2024-12-12,Laptop,Electronics,South,Store D,9,53236.19,10,431213.11,61384.49,0,0
2024-12-12,Smartphone,Electronics,North,Store C,14,26598.18,0,372374.59,139431.47,0,0
2024-12-12,Headphones,Electronics,South,Store E,19,2621.46,5,47317.3,15079.57,0,0
2024-12-12,Office Chair,Furniture,East,Store C,8,7950.38,10,57242.72,11195.21,0,0
2024-12-12,Study Table,Furniture,East,Store A,9,12352.83,20,88940.41,15822.41,1,0
2024-12-12,T-Shirt,Fashion,East,Store E,12,840.02,10,9072.23,2512.7,0,0
2024-12-12,Jeans,Fashion,West,Store E,9,1810.07,20,13032.54,3111.99,0,0
2024-12-12,Shoes,Fashion,North,Store E,14,2430.21,10,30620.65,4415.91,0,0
2024-12-12,Coffee Maker,Home Appliances,East,Store E,10,4464.23,0,44642.31,14725.84,0,0
2024-12-12,Mixer Grinder,Home Appliances,South,Store B,18,3409.91,5,58309.54,19838.37,0,0
2024-12-13,Laptop,Electronics,South,Store C,13,55121.77,5,680753.81,186607.38,0,0
2024-12-13,Smartphone,Electronics,North,Store A,18,24924.55,0,448641.92,145204.79,1,0
2024-12-13,Headphones,Electronics,North,Store E,17,2535.78,10,38797.5,12903.23,0,0
2024-12-13,Office Chair,Furniture,East,Store A,5,7327.82,0,36639.1,13484.15,0,0
2024-12-13,Study Table,Furniture,South,Store B,5,11802.0,0,59010.01,13417.9,0,0
2024-12-13,T-Shirt,Fashion,South,Store D,20,827.05,0,16540.9,5848.89,0,0
2024-12-13,Jeans,Fashion,North,Store D,17,1745.99,0,29681.89,8568.77,1,0
2024-12-13,Shoes,Fashion,West,Store E,18,2527.83,15,38675.77,7982.14,0,0
2024-12-13,Coffee Maker,Home Appliances,East,Store B,17,4325.55,0,73534.28,21613.0,0,0
2024-12-13,Mixer Grinder,Home Appliances,North,Store C,8,3642.68,0,29141.46,8135.33,0,0
2024-12-14,Laptop,Electronics,West,Store A,17,59101.1,0,1004718.7,329521.7,0,0
2024-12-14,Smartphone,Electronics,South,Store D,12,26380.75,0,316568.95,103820.95,0,0
2024-12-14,Headphones,Electronics,South,Store D,20,2593.09,20,41489.4,11057.43,0,0
2024-12-14,Office Chair,Furniture,South,Store B,13,8027.05,0,104351.61,39390.83,0,0
2024-12-14,Study Table,Furniture,West,Store C,15,12487.62,10,168582.83,32067.17,0,0
2024-12-14,T-Shirt,Fashion,East,Store C,25,796.38,0,19909.38,5787.26,1,0
2024-12-14,Jeans,Fashion,East,Store E,35,1829.83,5,60841.69,14730.16,1,0
2024-12-14,Shoes,Fashion,West,Store A,16,2425.98,5,36874.93,9150.4,0,0
2024-12-14,Coffee Maker,Home Appliances,West,Store C,20,4401.68,15,74828.49,18489.62,0,0
2024-12-14,Mixer Grinder,Home Appliances,West,Store B,8,3664.17,10,26382.01,7042.26,1,0
2024-12-15,Laptop,Electronics,South,Store B,19,54128.78,0,1028446.89,278545.08,0,0
2024-12-15,Smartphone,Electronics,North,Store E,14,26326.38,10,331712.37,110926.78,0,0
2024-12-15,Headphones,Electronics,West,Store A,19,2657.13,10,45436.99,16563.22,0,0
2024-12-15,Office Chair,Furniture,South,Store E,6,7677.07,0,46062.45,13507.11,0,0
2024-12-15,Study Table,Furniture,North,Store A,8,11782.98,10,84837.46,25704.43,0,0
2024-12-15,T-Shirt,Fashion,North,Store C,20,793.91,20,12702.48,1748.5,0,0
2024-12-15,Jeans,Fashion,North,Store A,29,1887.07,5,51988.83,13286.93,1,0
2024-12-15,Shoes,Fashion,South,Store B,19,2399.17,5,43305.05,8506.77,0,0
2024-12-15,Coffee Maker,Home Appliances,West,Store C,6,4745.05,10,25623.27,6669.61,0,0
2024-12-15,Mixer Grinder,Home Appliances,East,Store C,20,3777.04,15,64209.72,18325.94,1,0
2024-12-16,Laptop,Electronics,North,Store E,9,56272.75,5,481132.02,119981.82,0,0
2024-12-16,Smartphone,Electronics,East,Store B,14,26007.39,5,345898.33,103556.58,0,0
2024-12-16,Headphones,Electronics,West,Store C,22,2686.58,0,59104.72,19939.99,1,0
2024-12-16,Office Chair,Furniture,East,Store E,6,7147.59,0,42885.54,14592.58,0,0
2024-12-16,Study Table,Furniture,East,Store C,8,12894.32,5,97996.8,37989.54,1,0
2024-12-16,T-Shirt,Fashion,North,Store E,19,844.76,5,15247.92,5931.64,1,0
2024-12-16,Jeans,Fashion,East,Store D,24,1847.48,0,44339.47,14966.06,1,0
2024-12-16,Shoes,Fashion,West,Store A,17,2525.39,10,38638.49,11445.61,0,0
2024-12-16,Coffee Maker,Home Appliances,North,Store A,11,4443.13,5,46430.67,10789.92,0,0
2024-12-16,Mixer Grinder,Home Appliances,East,Store D,9,3457.86,0,31120.75,6695.33,0,0
2024-12-17,Laptop,Electronics,West,Store A,9,56819.09,0,511371.78,152755.52,0,0
2024-12-17,Smartphone,Electronics,North,Store C,7,26828.13,5,178407.06,43687.29,0,0
2024-12-17,Headphones,Electronics,South,Store B,19,2492.04,10,42613.94,10199.62,1,0
2024-12-17,Office Chair,Furniture,North,Store A,9,7453.77,5,63729.7,21598.78,0,0
2024-12-17,Study Table,Furniture,South,Store C,9,12827.51,0,115447.62,47588.56,0,0
2024-12-17,T-Shirt,Fashion,South,Store B,25,820.0,5,19475.03,5592.5,0,0
2024-12-17,Jeans,Fashion,West,Store B,12,1765.17,10,19063.86,4105.16,0,0
2024-12-17,Shoes,Fashion,East,Store C,12,2576.12,15,26276.39,4469.68,0,0
2024-12-17,Coffee Maker,Home Appliances,West,Store A,14,4719.11,0,66067.55,17878.15,0,0
2024-12-17,Mixer Grinder,Home Appliances,East,Store B,13,3689.12,15,40764.82,10205.11,1,0
2024-12-18,Laptop,Electronics,North,Store D,16,57909.84,5,880229.55,332166.31,0,0
2024-12-18,Smartphone,Electronics,South,Store E,13,25790.87,10,301753.22,51709.34,0,0
2024-12-18,Headphones,Electronics,South,Store E,17,2596.76,0,44144.88,15764.83,1,0
2024-12-18,Office Chair,Furniture,West,Store C,15,7881.48,0,118222.25,42311.51,1,0
2024-12-18,Study Table,Furniture,North,Store C,8,12605.8,5,95804.11,27599.25,0,0
2024-12-18,T-Shirt,Fashion,East,Store B,20,862.48,10,15524.55,4084.47,0,0
2024-12-18,Jeans,Fashion,North,Store E,18,1727.42,0,31093.62,6638.16,1,0
2024-12-18,Shoes,Fashion,South,Store C,14,2474.53,0,34643.36,10578.18,0,0
2024-12-18,Coffee Maker,Home Appliances,South,Store E,11,4498.92,15,42064.88,12011.33,0,0
2024-12-18,Mixer Grinder,Home Appliances,East,Store B,8,3627.3,0,29018.37,10405.03,1,0
2024-12-19,Laptop,Electronics,North,Store E,21,54799.59,0,1150791.49,434810.18,1,0
2024-12-19,Smartphone,Electronics,North,Store C,9,25417.37,0,228756.29,83124.22,0,0
2024-12-19,Headphones,Electronics,East,Store A,8,2651.09,0,21208.68,9110.73,0,0
2024-12-19,Office Chair,Furniture,East,Store C,9,7633.55,5,65266.88,16306.0,0,0
2024-12-19,Study Table,Furniture,West,Store E,9,12469.29,5,106612.43,32336.63,0,0
2024-12-19,T-Shirt,Fashion,West,Store C,24,816.24,15,16651.25,3539.33,1,0
2024-12-19,Jeans,Fashion,South,Store D,19,1886.83,10,32264.75,10052.68,0,0
2024-12-19,Shoes,Fashion,South,Store C,16,2456.62,5,37340.56,11764.19,1,0
2024-12-19,Coffee Maker,Home Appliances,South,Store E,17,4354.06,5,70318.07,17539.21,1,0
2024-12-19,Mixer Grinder,Home Appliances,South,Store D,10,3496.11,20,27968.92,1554.95,1,0
2024-12-20,Laptop,Electronics,East,Store E,15,58353.28,0,875299.2,282178.26,0,0
2024-12-20,Smartphone,Electronics,South,Store E,11,26085.54,5,272593.9,99033.82,0,0
2024-12-20,Headphones,Electronics,West,Store A,13,2568.37,0,33388.8,9849.32,0,0
2024-12-20,Office Chair,Furniture,South,Store A,11,8035.44,5,83970.35,20596.49,0,0
2024-12-20,Study Table,Furniture,North,Store C,7,12377.47,0,86642.32,21287.23,0,0
2024-12-20,T-Shirt,Fashion,North,Store D,18,805.38,0,14496.75,4774.47,0,0
2024-12-20,Jeans,Fashion,East,Store D,12,1840.08,0,22081.01,6620.06,0,0
2024-12-20,Shoes,Fashion,North,Store C,15,2397.97,10,32372.64,9804.75,0,0
2024-12-20,Coffee Maker,Home Appliances,South,Store C,7,4389.4,5,29189.48,10243.32,0,0
2024-12-20,Mixer Grinder,Home Appliances,North,Store E,8,3569.62,5,27129.09,7144.24,0,0
2024-12-21,Laptop,Electronics,West,Store B,14,56569.09,10,712770.58,177477.92,0,0
2024-12-21,Smartphone,Electronics,East,Store A,23,26712.35,0,614384.03,265744.69,1,0
2024-12-21,Headphones,Electronics,South,Store E,28,2386.34,5,63476.62,11525.57,1,0
2024-12-21,Office Chair,Furniture,East,Store E,9,7792.67,0,70133.99,20815.56,0,0
2024-12-21,Study Table,Furniture,North,Store A,19,12360.24,5,223102.4,45532.67,0,0
2024-12-21,T-Shirt,Fashion,West,Store C,31,787.21,0,24403.54,7160.18,1,0
2024-12-21,Jeans,Fashion,West,Store E,29,1854.16,0,53770.64,14476.9,1,0
2024-12-21,Shoes,Fashion,North,Store E,23,2384.54,5,52102.26,12549.62,0,0
2024-12-21,Coffee Maker,Home Appliances,East,Store D,10,4396.02,0,43960.24,14970.42,1,0
2024-12-21,Mixer Grinder,Home Appliances,North,Store E,16,3374.91,0,53998.59,18262.78,1,0
2024-12-22,Laptop,Electronics,East,Store B,21,55731.27,5,1111838.93,365164.63,0,0
2024-12-22,Smartphone,Electronics,South,Store E,20,25226.14,5,479296.57,137490.21,0,0
2024-12-22,Headphones,Electronics,West,Store E,16,2379.47,5,36167.88,10406.11,0,0
2024-12-22,Office Chair,Furniture,South,Store E,9,7697.94,0,69281.47,24931.58,0,0
2024-12-22,Study Table,Furniture,North,Store C,8,12894.68,0,103157.41,30408.37,0,0
2024-12-22,T-Shirt,Fashion,South,Store B,28,836.63,10,21083.16,7133.15,1,0
2024-12-22,Jeans,Fashion,South,Store D,19,1925.41,10,32924.49,7568.87,0,0
2024-12-22,Shoes,Fashion,West,Store D,24,2630.64,20,50508.24,6304.5,1,0
2024-12-22,Coffee Maker,Home Appliances,West,Store E,10,4650.06,0,46500.62,15992.91,0,0
2024-12-22,Mixer Grinder,Home Appliances,East,Store A,16,3401.74,10,48985.07,7835.3,0,0
2024-12-23,Laptop,Electronics,East,Store B,16,55378.6,15,753148.97,136362.83,1,0
2024-12-23,Smartphone,Electronics,South,Store C,9,24160.76,0,217446.81,56444.67,0,0
2024-12-23,Headphones,Electronics,East,Store B,19,2580.89,5,46585.01,17622.33,0,0
2024-12-23,Office Chair,Furniture,North,Store A,5,7805.35,5,37075.4,8194.45,0,0
2024-12-23,Study Table,Furniture,North,Store C,7,11713.8,15,69697.12,15802.06,0,0
2024-12-23,T-Shirt,Fashion,North,Store D,9,826.16,10,6691.9,2098.46,1,0
2024-12-23,Jeans,Fashion,South,Store B,13,1909.14,5,23577.94,8941.06,0,0
2024-12-23,Shoes,Fashion,West,Store E,10,2581.01,0,25810.08,9817.18,0,0
2024-12-23,Coffee Maker,Home Appliances,East,Store C,7,4859.52,20,27213.33,6125.03,0,0
2024-12-23,Mixer Grinder,Home Appliances,North,Store B,11,3654.26,0,40196.88,14949.94,0,0
2024-12-24,Laptop,Electronics,North,Store E,13,58406.46,20,607427.21,98534.17,0,1
2024-12-24,Smartphone,Electronics,East,Store A,22,25469.88,5,532320.52,193158.43,0,1
2024-12-24,Headphones,Electronics,East,Store E,20,2419.13,5,45963.46,10493.16,1,1
2024-12-24,Office Chair,Furniture,East,Store B,20,7709.94,0,154198.76,47637.22,1,1
2024-12-24,Study Table,Furniture,South,Store A,11,11780.51,5,123106.33,36539.5,0,1
2024-12-24,T-Shirt,Fashion,East,Store C,20,806.65,10,14519.64,4245.55,0,1
2024-12-24,Jeans,Fashion,North,Store B,23,1795.75,0,41302.2,14087.74,0,1
2024-12-24,Shoes,Fashion,East,Store E,34,2556.11,10,78217.09,19754.57,0,1
2024-12-24,Coffee Maker,Home Appliances,South,Store A,21,4323.44,20,72633.76,7572.59,1,1
2024-12-24,Mixer Grinder,Home Appliances,North,Store A,25,3534.47,0,88361.75,30841.66,1,1
2024-12-25,Laptop,Electronics,East,Store B,19,59328.66,20,901795.59,124938.33,1,1
2024-12-25,Smartphone,Electronics,North,Store A,21,25754.67,0,540848.12,214834.41,0,1
2024-12-25,Headphones,Electronics,South,Store C,25,2376.0,10,53459.91,14587.42,1,1
2024-12-25,Office Chair,Furniture,West,Store C,11,7721.5,10,76442.83,25620.69,0,1
2024-12-25,Study Table,Furniture,North,Store A,17,12757.94,10,195196.5,68470.7,0,1
2024-12-25,T-Shirt,Fashion,North,Store D,29,800.68,10,20897.72,4049.25,1,1
2024-12-25,Jeans,Fashion,East,Store E,16,1909.58,10,27497.96,6748.72,0,1
2024-12-25,Shoes,Fashion,North,Store D,24,2593.45,5,59130.66,13352.74,0,1
2024-12-25,Coffee Maker,Home Appliances,West,Store A,22,4763.42,0,104795.19,41082.56,1,1
2024-12-25,Mixer Grinder,Home Appliances,East,Store E,17,3507.71,10,53667.89,16951.84,0,1
2024-12-26,Laptop,Electronics,West,Store A,6,58395.58,0,350373.47,109506.53,0,0
2024-12-26,Smartphone,Electronics,South,Store D,11,24602.73,5,257098.57,43469.48,0,0
2024-12-26,Headphones,Electronics,North,Store A,13,2490.83,5,30761.79,6167.68,0,0
2024-12-26,Office Chair,Furniture,West,Store C,8,7503.63,5,57027.59,18286.67,0,0
2024-12-26,Study Table,Furniture,West,Store D,21,12826.65,0,269359.66,111608.0,1,0
2024-12-26,T-Shirt,Fashion,West,Store E,16,838.81,0,13421.04,4222.42,0,0
2024-12-26,Jeans,Fashion,North,Store B,14,1855.25,10,23376.21,4953.72,0,0
2024-12-26,Shoes,Fashion,North,Store B,17,2458.49,15,35525.15,3547.96,1,0
2024-12-26,Coffee Maker,Home Appliances,West,Store D,12,4498.74,0,53984.93,20538.05,0,0
2024-12-26,Mixer Grinder,Home Appliances,East,Store B,9,3517.18,10,28489.19,7289.47,0,0
2024-12-27,Laptop,Electronics,West,Store A,17,57446.35,10,878929.11,266202.38,0,0
2024-12-27,Smartphone,Electronics,South,Store D,18,25491.16,10,412956.73,125146.66,0,0
2024-12-27,Headphones,Electronics,East,Store C,13,2577.55,0,33508.21,10040.04,0,0
2024-12-27,Office Chair,Furniture,West,Store E,11,7581.87,5,79230.55,26412.13,0,0
2024-12-27,Study Table,Furniture,North,Store B,12,12414.06,20,119174.99,9646.5,0,0
2024-12-27,T-Shirt,Fashion,South,Store C,22,794.44,0,17477.76,5241.08,1,0
2024-12-27,Jeans,Fashion,North,Store E,17,1848.31,0,31421.22,9412.36,0,0
2024-12-27,Shoes,Fashion,East,Store E,23,2409.09,10,49868.08,13507.05,1,0
2024-12-27,Coffee Maker,Home Appliances,North,Store A,6,4824.11,10,26050.19,7076.46,1,0
2024-12-27,Mixer Grinder,Home Appliances,East,Store C,13,3630.47,10,42476.5,10941.72,1,0
2024-12-28,Laptop,Electronics,East,Store A,18,57209.37,0,1029768.69,367334.25,0,0
2024-12-28,Smartphone,Electronics,South,Store E,17,25855.03,10,395582.0,128276.25,1,0
2024-12-28,Headphones,Electronics,East,Store E,19,2430.54,0,46180.31,11889.7,0,0
2024-12-28,Office Chair,Furniture,South,Store E,8,7693.17,0,61545.4,19881.82,0,0
2024-12-28,Study Table,Furniture,North,Store A,6,11969.33,15,61043.58,15434.33,1,0
2024-12-28,T-Shirt,Fashion,East,Store E,23,812.17,20,14943.93,3882.34,0,0
2024-12-28,Jeans,Fashion,North,Store A,27,1862.07,0,50275.89,12955.6,1,0
2024-12-28,Shoes,Fashion,South,Store E,21,2442.42,0,51290.87,18780.06,1,0
2024-12-28,Coffee Maker,Home Appliances,North,Store D,10,4475.85,0,44758.5,10556.05,1,0
2024-12-28,Mixer Grinder,Home Appliances,South,Store E,16,3524.9,15,47938.6,6359.81,0,0
2024-12-29,Laptop,Electronics,South,Store D,14,58147.88,0,814070.35,302877.45,0,0
2024-12-29,Smartphone,Electronics,South,Store D,18,26306.13,15,402483.8,61605.66,0,0
2024-12-29,Headphones,Electronics,East,Store B,23,2597.49,5,56755.06,18141.44,0,0
2024-12-29,Office Chair,Furniture,East,Store D,5,8094.62,0,40473.1,17812.59,0,0
2024-12-29,Study Table,Furniture,North,Store C,13,12526.07,5,154696.98,54395.54,0,0
2024-12-29,T-Shirt,Fashion,North,Store C,15,792.1,0,11881.43,4446.31,0,0
2024-12-29,Jeans,Fashion,East,Store D,21,1773.21,20,29789.96,6968.23,0,0
2024-12-29,Shoes,Fashion,East,Store B,12,2633.19,15,26858.55,7605.63,0,0
2024-12-29,Coffee Maker,Home Appliances,East,Store A,13,4508.44,0,58609.78,19372.33,0,0
2024-12-29,Mixer Grinder,Home Appliances,North,Store A,16,3421.47,0,54743.51,20353.96,0,0
2024-12-30,Laptop,Electronics,East,Store D,19,54425.83,0,1034090.77,383827.82,0,0
2024-12-30,Smartphone,Electronics,West,Store E,13,24176.21,0,314290.75,104939.62,1,0
2024-12-30,Headphones,Electronics,West,Store E,9,2514.51,5,21499.06,5381.65,0,0
2024-12-30,Office Chair,Furniture,North,Store A,21,7309.17,5,145817.85,40267.55,0,0
2024-12-30,Study Table,Furniture,East,Store D,11,12215.48,0,134370.26,48724.23,0,0
2024-12-30,T-Shirt,Fashion,East,Store E,14,829.68,0,11615.58,4357.4,0,0
2024-12-30,Jeans,Fashion,North,Store D,11,1909.8,5,19957.37,7915.29,0,0
2024-12-30,Shoes,Fashion,South,Store E,25,2453.56,5,58272.05,9673.44,1,0
2024-12-30,Coffee Maker,Home Appliances,North,Store B,11,4761.73,15,44522.22,8983.51,0,0
2024-12-30,Mixer Grinder,Home Appliances,West,Store A,6,3607.47,5,20562.59,6650.27,1,0
2024-12-31,Laptop,Electronics,South,Store E,16,55621.54,5,845447.47,211638.75,0,1
2024-12-31,Smartphone,Electronics,South,Store B,25,25881.03,0,647025.75,228183.84,0,1
2024-12-31,Headphones,Electronics,South,Store D,15,2665.79,5,37987.45,12444.97,0,1
2024-12-31,Office Chair,Furniture,West,Store E,13,7284.7,0,94701.12,30054.1,0,1
2024-12-31,Study Table,Furniture,North,Store C,16,12259.81,0,196157.0,52293.46,0,1
2024-12-31,T-Shirt,Fashion,South,Store A,17,828.72,0,14088.19,5307.59,0,1
2024-12-31,Jeans,Fashion,North,Store E,24,1853.77,10,40041.34,12211.9,1,1
2024-12-31,Shoes,Fashion,East,Store E,18,2680.95,10,43431.35,13616.53,0,1
2024-12-31,Coffee Maker,Home Appliances,East,Store C,14,4598.08,10,57935.82,14482.97,0,1
2024-12-31,Mixer Grinder,Home Appliances,North,Store B,9,3364.88,0,30283.9,8010.74,0,1
2025-01-01,Laptop,Electronics,South,Store A,19,52436.7,5,946482.52,316538.79,0,1
2025-01-01,Smartphone,Electronics,East,Store E,19,24452.51,0,464597.63,126117.39,0,1
2025-01-01,Headphones,Electronics,North,Store E,14,2487.55,20,27860.5,5383.5,1,1
2025-01-01,Office Chair,Furniture,South,Store B,15,8034.29,15,102437.25,18835.49,1,1
2025-01-01,Study Table,Furniture,North,Store D,10,11704.84,5,111195.95,35442.06,0,1
2025-01-01,T-Shirt,Fashion,North,Store B,17,842.31,10,12887.36,3732.11,0,1
2025-01-01,Jeans,Fashion,East,Store C,20,1798.33,15,30571.62,6943.77,0,1
2025-01-01,Shoes,Fashion,South,Store D,14,2695.58,10,33964.29,12606.11,0,1
2025-01-01,Coffee Maker,Home Appliances,East,Store D,4,4834.01,5,18369.23,5721.85,0,1
2025-01-01,Mixer Grinder,Home Appliances,South,Store E,10,3474.41,0,34744.05,11115.23,1,1
2025-01-02,Laptop,Electronics,North,Store A,14,57596.48,10,725715.59,256424.89,0,0
2025-01-02,Smartphone,Electronics,East,Store D,8,24257.37,10,174653.05,44312.41,0,0
2025-01-02,Headphones,Electronics,West,Store A,10,2695.41,0,26954.09,10078.14,1,0
2025-01-02,Office Chair,Furniture,West,Store D,3,8095.83,5,23073.11,6459.97,0,0
2025-01-02,Study Table,Furniture,South,Store A,12,12941.81,10,139771.53,37466.61,1,0
2025-01-02,T-Shirt,Fashion,North,Store D,16,789.37,5,11998.41,3193.46,1,0
2025-01-02,Jeans,Fashion,West,Store D,10,1934.17,15,16440.41,4955.68,0,0
2025-01-02,Shoes,Fashion,North,Store E,12,2536.57,5,28916.84,8087.92,0,0
2025-01-02,Coffee Maker,Home Appliances,North,Store C,14,4764.85,15,56701.74,10542.03,0,0
2025-01-02,Mixer Grinder,Home Appliances,West,Store B,8,3602.12,10,25935.26,4336.32,0,0
2025-01-03,Laptop,Electronics,West,Store E,9,58573.63,0,527162.63,187821.93,0,0
2025-01-03,Smartphone,Electronics,North,Store E,9,26540.0,0,238859.96,70101.11,0,0
2025-01-03,Headphones,Electronics,West,Store C,12,2385.85,15,24335.7,5815.73,0,0
2025-01-03,Office Chair,Furniture,West,Store E,5,7827.91,0,39139.53,12064.55,0,0
2025-01-03,Study Table,Furniture,South,Store C,8,12036.29,0,96290.3,35923.16,0,0
2025-01-03,T-Shirt,Fashion,East,Store D,7,858.58,5,5709.54,1433.63,0,0
2025-01-03,Jeans,Fashion,East,Store B,12,1752.13,10,18923.02,5837.52,0,0
2025-01-03,Shoes,Fashion,South,Store A,11,2376.71,0,26143.79,6116.48,0,0
2025-01-03,Coffee Maker,Home Appliances,North,Store E,6,4482.99,0,26897.91,6095.92,0,0
2025-01-03,Mixer Grinder,Home Appliances,North,Store A,17,3456.86,0,58766.61,19494.6,1,0
2025-01-04,Laptop,Electronics,West,Store C,5,55353.74,0,276768.7,107422.39,0,0
2025-01-04,Smartphone,Electronics,East,Store E,12,25275.84,5,288144.61,104861.8,0,0
2025-01-04,Headphones,Electronics,North,Store D,14,2533.41,10,31920.99,8799.51,1,0
2025-01-04,Office Chair,Furniture,West,Store B,6,8000.57,15,40802.9,10357.52,0,0
2025-01-04,Study Table,Furniture,North,Store A,6,12419.87,0,74519.23,21295.13,0,0
2025-01-04,T-Shirt,Fashion,South,Store D,15,840.59,10,11347.92,2521.58,0,0
2025-01-04,Jeans,Fashion,North,Store C,14,1767.67,15,21035.27,3703.29,0,0
2025-01-04,Shoes,Fashion,South,Store D,14,2457.23,0,34401.23,10753.92,1,0
2025-01-04,Coffee Maker,Home Appliances,West,Store E,8,4754.59,10,34233.03,7438.31,0,0
2025-01-04,Mixer Grinder,Home Appliances,East,Store E,7,3496.25,0,24473.77,6964.98,1,0
2025-01-05,Laptop,Electronics,South,Store A,13,56672.83,20,589397.4,62018.2,0,0
2025-01-05,Smartphone,Electronics,South,Store B,13,23758.95,5,293423.06,41854.26,0,0
2025-01-05,Headphones,Electronics,West,Store D,6,2536.3,5,14456.88,4849.25,0,0
2025-01-05,Office Chair,Furniture,North,Store E,7,8009.83,0,56068.79,18432.22,0,0
2025-01-05,Study Table,Furniture,South,Store E,6,12436.82,5,70889.88,26384.67,0,0
2025-01-05,T-Shirt,Fashion,East,Store A,9,806.08,5,6891.96,1941.66,0,0
2025-01-05,Jeans,Fashion,North,Store C,13,1810.87,0,23541.28,8204.63,0,0
2025-01-05,Shoes,Fashion,South,Store C,19,2478.16,10,42376.56,8565.98,0,0
2025-01-05,Coffee Maker,Home Appliances,West,Store B,8,4359.27,5,33130.42,7238.18,0,0
2025-01-05,Mixer Grinder,Home Appliances,North,Store A,9,3761.72,0,33855.47,14886.22,0,0
2025-01-06,Laptop,Electronics,South,Store E,15,56808.71,10,766917.62,235687.95,1,0
2025-01-06,Smartphone,Electronics,East,Store E,8,26392.45,10,190025.64,55366.27,0,0
2025-01-06,Headphones,Electronics,South,Store D,11,2550.73,0,28058.07,8018.05,0,0
2025-01-06,Office Chair,Furniture,South,Store A,3,7689.64,0,23068.92,6216.37,0,0
2025-01-06,Study Table,Furniture,West,Store C,6,11812.46,5,67331.01,13343.09,1,0
2025-01-06,T-Shirt,Fashion,North,Store B,7,795.33,0,5567.34,1505.52,0,0
2025-01-06,Jeans,Fashion,North,Store A,13,1898.58,20,19745.19,2829.05,0,0
2025-01-06,Shoes,Fashion,North,Store A,6,2518.11,10,13597.82,3328.17,0,0
2025-01-06,Coffee Maker,Home Appliances,East,Store D,12,4444.64,0,53335.66,12229.16,1,0
2025-01-06,Mixer Grinder,Home Appliances,East,Store E,8,3491.05,10,25135.54,5384.01,1,0
2025-01-07,Laptop,Electronics,West,Store D,2,53422.14,5,101502.06,17570.47,0,0
2025-01-07,Smartphone,Electronics,North,Store B,9,23784.96,10,192658.16,31320.71,0,0
2025-01-07,Headphones,Electronics,West,Store B,11,2506.7,0,27573.71,8471.9,0,0
2025-01-07,Office Chair,Furniture,East,Store C,3,7995.35,0,23986.05,10402.32,0,0
2025-01-07,Study Table,Furniture,North,Store B,7,12470.63,15,74200.23,17375.62,1,0
2025-01-07,T-Shirt,Fashion,East,Store B,19,807.77,5,14580.29,4887.87,0,0
2025-01-07,Jeans,Fashion,West,Store E,11,1913.67,5,19997.84,6744.38,0,0
2025-01-07,Shoes,Fashion,South,Store D,20,2608.72,0,52174.43,16311.35,1,0
2025-01-07,Coffee Maker,Home Appliances,East,Store E,7,4318.02,0,30226.13,7916.96,0,0
2025-01-07,Mixer Grinder,Home Appliances,East,Store D,3,3748.91,10,10122.06,3131.98,0,0
2025-01-08,Laptop,Electronics,East,Store A,11,53717.47,10,531802.94,72739.47,0,0
2025-01-08,Smartphone,Electronics,West,Store B,11,24209.23,0,266301.51,77873.55,0,0
2025-01-08,Headphones,Electronics,South,Store A,7,2636.69,5,17533.97,5040.78,1,0
2025-01-08,Office Chair,Furniture,South,Store B,2,7485.72,15,12725.72,3543.33,0,0
2025-01-08,Study Table,Furniture,North,Store E,6,12359.01,0,74154.06,27190.68,1,0
2025-01-08,T-Shirt,Fashion,South,Store D,5,847.55,10,3813.97,789.81,0,0
2025-01-08,Jeans,Fashion,West,Store B,10,1721.49,10,15493.4,3784.77,1,0
2025-01-08,Shoes,Fashion,North,Store B,17,2588.77,15,37407.71,4790.03,1,0
2025-01-08,Coffee Maker,Home Appliances,North,Store E,8,4442.43,15,30208.53,8195.22,0,0
2025-01-08,Mixer Grinder,Home Appliances,West,Store A,9,3615.87,10,29288.57,6477.69,0,0
2025-01-09,Laptop,Electronics,West,Store E,7,55408.09,0,387856.63,114293.1,0,0
2025-01-09,Smartphone,Electronics,South,Store B,6,25247.63,10,136337.23,42917.32,0,0
2025-01-09,Headphones,Electronics,West,Store B,19,2478.9,5,44744.08,11227.14,1,0
2025-01-09,Office Chair,Furniture,North,Store C,6,7947.35,0,47684.13,18845.9,0,0
2025-01-09,Study Table,Furniture,West,Store D,8,12917.68,0,103341.4,34649.06,0,0
2025-01-09,T-Shirt,Fashion,North,Store D,13,825.97,0,10737.67,4088.57,0,0
2025-01-09,Jeans,Fashion,South,Store C,9,1797.67,5,15370.07,5132.71,0,0
2025-01-09,Shoes,Fashion,North,Store D,10,2554.17,0,25541.74,6328.69,1,0
2025-01-09,Coffee Maker,Home Appliances,East,Store E,3,4598.8,10,12416.77,3751.75,0,0
2025-01-09,Mixer Grinder,Home Appliances,West,Store A,6,3436.7,0,20620.18,6155.11,0,0
2025-01-10,Laptop,Electronics,West,Store E,7,52726.93,5,350634.09,108540.63,0,0
2025-01-10,Smartphone,Electronics,South,Store D,13,24111.24,5,297773.84,50933.8,0,0
2025-01-10,Headphones,Electronics,North,Store D,12,2401.99,20,23059.1,-51.09,0,0
2025-01-10,Office Chair,Furniture,West,Store C,5,7409.27,0,37046.37,9564.1,0,0
2025-01-10,Study Table,Furniture,East,Store E,5,12310.97,0,61554.84,22542.0,0,0
2025-01-10,T-Shirt,Fashion,East,Store C,13,803.78,20,8359.35,2049.72,0,0
2025-01-10,Jeans,Fashion,North,Store E,14,1819.73,0,25476.24,7302.78,1,0
2025-01-10,Shoes,Fashion,North,Store D,19,2598.16,5,46896.77,11641.34,0,0
2025-01-10,Coffee Maker,Home Appliances,East,Store B,8,4367.89,5,33195.99,9049.46,0,0
2025-01-10,Mixer Grinder,Home Appliances,East,Store E,7,3448.97,5,22935.68,6801.55,1,0
2025-01-11,Laptop,Electronics,South,Store E,11,57366.77,0,631034.51,193712.92,0,0
2025-01-11,Smartphone,Electronics,North,Store D,10,23872.34,5,226787.25,66157.33,0,0
2025-01-11,Headphones,Electronics,West,Store A,7,2584.82,0,18093.72,6565.75,1,0
2025-01-11,Office Chair,Furniture,West,Store E,8,7327.91,20,46898.59,4292.83,0,0
2025-01-11,Study Table,Furniture,West,Store A,9,12014.11,0,108126.97,41241.79,1,0
2025-01-11,T-Shirt,Fashion,West,Store D,7,822.9,5,5472.3,1588.17,0,0
2025-01-11,Jeans,Fashion,East,Store C,12,1843.05,5,21010.77,6945.33,0,0
2025-01-11,Shoes,Fashion,North,Store B,9,2630.24,10,21304.95,6714.33,0,0
2025-01-11,Coffee Maker,Home Appliances,South,Store D,4,4411.94,10,15882.98,4502.54,0,0
2025-01-11,Mixer Grinder,Home Appliances,South,Store A,14,3538.31,10,44582.72,8962.91,0,0
2025-01-12,Laptop,Electronics,East,Store E,12,58543.36,5,667394.25,169387.92,1,0
2025-01-12,Smartphone,Electronics,West,Store D,11,24026.41,0,264290.56,97941.43,0,0
2025-01-12,Headphones,Electronics,East,Store C,15,2442.72,5,34808.69,9924.57,0,0
2025-01-12,Office Chair,Furniture,East,Store E,14,8065.44,15,95978.78,14474.25,0,0
2025-01-12,Study Table,Furniture,West,Store B,5,11819.93,5,56144.66,15314.02,0,0
2025-01-12,T-Shirt,Fashion,West,Store B,11,773.66,20,6808.23,22.19,1,0
2025-01-12,Jeans,Fashion,East,Store E,15,1831.9,15,23356.77,6126.55,0,0
2025-01-12,Shoes,Fashion,North,Store D,12,2531.42,15,25820.51,6914.93,1,0
2025-01-12,Coffee Maker,Home Appliances,East,Store A,5,4431.33,15,18833.16,2512.97,0,0
2025-01-12,Mixer Grinder,Home Appliances,South,Store B,7,3410.84,5,22682.06,3597.48,0,0
2025-01-13,Laptop,Electronics,West,Store E,8,54050.53,0,432404.21,156601.29,0,0
2025-01-13,Smartphone,Electronics,West,Store B,9,25741.52,0,231673.72,75110.41,1,0
2025-01-13,Headphones,Electronics,North,Store E,6,2450.97,5,13970.52,4872.45,0,0
2025-01-13,Office Chair,Furniture,North,Store A,8,7147.63,20,45744.84,-27.36,0,0
2025-01-13,Study Table,Furniture,South,Store D,4,12426.11,10,44733.98,10829.68,0,0
2025-01-13,T-Shirt,Fashion,North,Store A,13,846.91,20,8807.85,1371.07,1,0
2025-01-13,Jeans,Fashion,North,Store D,10,1833.51,5,17418.38,3731.97,0,0
2025-01-13,Shoes,Fashion,North,Store C,11,2541.31,0,27954.45,10424.55,0,0
2025-01-13,Coffee Maker,Home Appliances,West,Store D,13,4562.84,0,59316.97,16574.42,0,0
2025-01-13,Mixer Grinder,Home Appliances,South,Store A,6,3396.69,15,17323.12,2553.64,0,0
2025-01-14,Laptop,Electronics,South,Store C,10,58770.67,5,558321.35,162235.36,0,0
2025-01-14,Smartphone,Electronics,West,Store A,10,24627.89,0,246278.94,72106.93,0,0
2025-01-14,Headphones,Electronics,East,Store B,13,2619.51,20,27242.9,7519.85,1,0
2025-01-14,Office Chair,Furniture,North,Store B,5,7678.58,0,38392.89,9155.54,0,0
2025-01-14,Study Table,Furniture,East,Store D,7,11877.01,5,78982.1,25856.84,0,0
2025-01-14,T-Shirt,Fashion,South,Store C,12,839.28,5,9567.76,3413.1,0,0
2025-01-14,Jeans,Fashion,East,Store C,9,1930.09,5,16502.28,6565.17,0,0
2025-01-14,Shoes,Fashion,West,Store C,10,2626.74,15,22327.29,4625.06,0,0
2025-01-14,Coffee Maker,Home Appliances,West,Store A,3,4696.59,5,13385.29,5228.95,0,0
2025-01-14,Mixer Grinder,Home Appliances,North,Store B,10,3412.61,15,29007.18,1752.79,1,0
2025-01-15,Laptop,Electronics,East,Store A,9,53597.86,0,482380.72,125422.56,0,0
2025-01-15,Smartphone,Electronics,East,Store E,6,24880.65,0,149283.88,33350.02,0,0
2025-01-15,Headphones,Electronics,West,Store B,5,2451.65,10,11032.43,3527.43,0,0
2025-01-15,Office Chair,Furniture,West,Store C,7,7233.97,5,48105.93,8158.6,0,0
2025-01-15,Study Table,Furniture,West,Store C,10,12317.67,0,123176.68,49603.09,0,0
2025-01-15,T-Shirt,Fashion,South,Store E,8,856.29,0,6850.28,2424.04,0,0
2025-01-15,Jeans,Fashion,West,Store A,12,1925.0,0,23100.0,8070.13,1,0
2025-01-15,Shoes,Fashion,South,Store B,3,2390.9,5,6814.08,2257.44,0,0
2025-01-15,Coffee Maker,Home Appliances,North,Store C,10,4713.41,10,42420.7,7694.67,0,0
2025-01-15,Mixer Grinder,Home Appliances,West,Store E,5,3542.57,0,17712.87,6301.86,0,0
2025-01-16,Laptop,Electronics,West,Store B,16,58007.1,5,881707.94,292322.76,1,0
2025-01-16,Smartphone,Electronics,South,Store E,7,24642.46,5,163872.36,38626.4,0,0
2025-01-16,Headphones,Electronics,East,Store A,8,2456.01,5,18665.71,6439.07,0,0
2025-01-16,Office Chair,Furniture,West,Store A,6,7259.64,15,37024.18,6925.59,0,0
2025-01-16,Study Table,Furniture,North,Store D,5,11560.54,0,57802.68,14607.01,0,0
2025-01-16,T-Shirt,Fashion,North,Store E,14,790.86,10,9964.83,1450.04,1,0
2025-01-16,Jeans,Fashion,West,Store A,2,1907.21,0,3814.43,1483.07,0,0
2025-01-16,Shoes,Fashion,East,Store B,13,2489.4,15,27507.88,2256.38,0,0
2025-01-16,Coffee Maker,Home Appliances,South,Store C,11,4605.75,10,45596.94,8095.68,0,0
2025-01-16,Mixer Grinder,Home Appliances,East,Store A,8,3743.8,0,29950.38,9343.99,0,0
2025-01-17,Laptop,Electronics,North,Store A,10,53245.55,10,479209.94,138596.19,0,0
2025-01-17,Smartphone,Electronics,East,Store A,13,25162.87,0,327117.26,127536.52,0,0
2025-01-17,Headphones,Electronics,West,Store A,6,2406.3,0,14437.8,4581.94,0,0
2025-01-17,Office Chair,Furniture,East,Store A,17,7764.41,15,112195.8,31574.54,1,0
2025-01-17,Study Table,Furniture,North,Store C,3,12664.04,0,37992.13,14580.41,0,0
2025-01-17,T-Shirt,Fashion,North,Store B,10,822.74,0,8227.39,2741.64,0,0
2025-01-17,Jeans,Fashion,South,Store B,12,1805.75,0,21668.95,7505.49,0,0
2025-01-17,Shoes,Fashion,West,Store B,6,2566.72,10,13860.29,3030.71,0,0
2025-01-17,Coffee Maker,Home Appliances,West,Store D,9,4501.25,15,34434.53,8104.22,0,0
2025-01-17,Mixer Grinder,Home Appliances,South,Store A,10,3723.69,0,37236.9,9952.28,0,0
2025-01-18,Laptop,Electronics,West,Store C,10,58626.56,10,527639.0,103676.35,0,0
2025-01-18,Smartphone,Electronics,West,Store D,11,24337.58,20,214170.7,40705.24,0,0
2025-01-18,Headphones,Electronics,East,Store D,17,2650.17,0,45052.84,16613.11,1,0
2025-01-18,Office Chair,Furniture,East,Store A,10,7586.93,5,72075.81,22578.85,0,0
2025-01-18,Study Table,Furniture,East,Store D,8,12542.54,5,95323.29,29562.08,1,0
2025-01-18,T-Shirt,Fashion,West,Store B,20,860.45,15,14627.59,3861.99,1,0
2025-01-18,Jeans,Fashion,South,Store A,18,1898.16,5,32458.62,8910.27,1,0
2025-01-18,Shoes,Fashion,South,Store D,10,2428.93,20,19431.43,1747.82,0,0
2025-01-18,Coffee Maker,Home Appliances,North,Store C,6,4527.98,0,27167.86,6781.83,0,0
2025-01-18,Mixer Grinder,Home Appliances,North,Store A,9,3327.87,10,26955.75,3467.67,0,0
2025-01-19,Laptop,Electronics,North,Store C,12,52589.16,5,599516.45,195866.95,0,0
2025-01-19,Smartphone,Electronics,North,Store E,13,26781.81,0,348163.54,123665.45,1,0
2025-01-19,Headphones,Electronics,South,Store E,7,2448.57,10,15426.02,4251.98,0,0
2025-01-19,Office Chair,Furniture,West,Store E,5,7471.09,0,37355.43,8252.55,0,0
2025-01-19,Study Table,Furniture,East,Store C,7,11802.23,0,82615.61,24404.71,0,0
2025-01-19,T-Shirt,Fashion,South,Store D,10,781.08,20,6248.67,678.81,0,0
2025-01-19,Jeans,Fashion,East,Store D,13,1801.27,15,19904.01,4724.08,0,0
2025-01-19,Shoes,Fashion,East,Store E,13,2593.66,15,28659.99,4603.76,0,0
2025-01-19,Coffee Maker,Home Appliances,South,Store C,6,4420.74,10,23871.99,2846.86,0,0
2025-01-19,Mixer Grinder,Home Appliances,East,Store C,9,3652.53,0,32872.76,12394.8,0,0
2025-01-20,Laptop,Electronics,West,Store D,9,57896.48,10,468961.46,167288.0,0,0
2025-01-20,Smartphone,Electronics,South,Store B,9,25019.09,5,213913.21,41590.92,1,0
2025-01-20,Headphones,Electronics,East,Store D,8,2663.5,5,20242.56,7505.94,0,0
2025-01-20,Office Chair,Furniture,East,Store B,14,7849.06,5,104392.43,32302.7,0,0
2025-01-20,Study Table,Furniture,North,Store C,4,12877.52,15,43783.57,12569.16,0,0
2025-01-20,T-Shirt,Fashion,North,Store B,10,765.04,0,7650.41,1815.84,0,0
2025-01-20,Jeans,Fashion,North,Store A,9,1741.07,20,12535.7,2586.21,0,0
2025-01-20,Shoes,Fashion,East,Store E,11,2574.12,15,24068.07,5687.96,0,0
2025-01-20,Coffee Maker,Home Appliances,South,Store D,2,4452.09,5,8458.97,2896.42,0,0
2025-01-20,Mixer Grinder,Home Appliances,South,Store E,10,3684.25,0,36842.55,14141.78,1,0
2025-01-21,Laptop,Electronics,East,Store A,10,52808.84,5,501683.97,77586.2,1,0
2025-01-21,Smartphone,Electronics,North,Store D,9,25144.08,0,226296.71,68884.55,0,0
2025-01-21,Headphones,Electronics,North,Store E,11,2424.62,10,24003.72,7463.82,0,0
2025-01-21,Office Chair,Furniture,East,Store A,7,7168.94,15,42655.21,6007.13,0,0
2025-01-21,Study Table,Furniture,South,Store A,6,12823.25,20,61551.58,10851.37,0,0
2025-01-21,T-Shirt,Fashion,South,Store B,15,825.03,15,10519.14,2232.23,1,0
2025-01-21,Jeans,Fashion,East,Store B,19,1715.94,5,30972.7,9340.33,0,0
2025-01-21,Shoes,Fashion,East,Store B,9,2529.02,5,21623.16,4301.44,0,0
2025-01-21,Coffee Maker,Home Appliances,South,Store D,9,4832.5,10,39143.21,7612.06,1,0
2025-01-21,Mixer Grinder,Home Appliances,North,Store A,5,3671.87,15,15605.46,4147.26,1,0
2025-01-22,Laptop,Electronics,South,Store A,11,55602.12,0,611623.29,185759.21,0,0
2025-01-22,Smartphone,Electronics,North,Store B,7,24737.77,0,173164.37,53728.34,1,0
2025-01-22,Headphones,Electronics,East,Store B,11,2438.25,5,25479.67,8845.52,0,0
2025-01-22,Office Chair,Furniture,South,Store D,13,7820.0,0,101659.97,38265.08,0,0
2025-01-22,Study Table,Furniture,East,Store D,5,11531.26,15,49007.86,8520.68,0,0
2025-01-22,T-Shirt,Fashion,East,Store D,11,759.39,0,8353.33,2977.72,1,0
2025-01-22,Jeans,Fashion,South,Store C,8,1721.79,20,11019.46,651.81,1,0
2025-01-22,Shoes,Fashion,West,Store D,15,2426.42,5,34576.44,11555.96,1,0
2025-01-22,Coffee Maker,Home Appliances,West,Store A,7,4422.9,10,27864.29,7944.76,0,0
2025-01-22,Mixer Grinder,Home Appliances,North,Store B,5,3332.33,0,16661.64,5656.45,0,0
2025-01-23,Laptop,Electronics,South,Store E,15,57616.7,10,777825.41,244428.69,1,0
2025-01-23,Smartphone,Electronics,South,Store B,5,25713.17,10,115709.28,27410.7,0,0
2025-01-23,Headphones,Electronics,East,Store D,12,2545.43,5,29017.95,5950.44,1,0
2025-01-23,Office Chair,Furniture,North,Store A,4,7534.57,0,30138.29,9013.32,0,0
2025-01-23,Study Table,Furniture,West,Store C,1,11760.79,15,9996.67,2023.38,0,0
2025-01-23,T-Shirt,Fashion,South,Store E,14,850.38,0,11905.31,4437.24,1,0
2025-01-23,Jeans,Fashion,South,Store C,10,1922.44,0,19224.39,6105.18,0,0
2025-01-23,Shoes,Fashion,West,Store D,17,2431.19,10,37197.16,8062.55,0,0
2025-01-23,Coffee Maker,Home Appliances,West,Store D,6,4487.6,20,21540.5,3288.87,0,0
2025-01-23,Mixer Grinder,Home Appliances,East,Store D,12,3609.48,0,43313.73,12630.78,1,0
2025-01-24,Laptop,Electronics,East,Store A,13,54090.52,5,668017.91,161246.8,0,0
2025-01-24,Smartphone,Electronics,West,Store A,7,26230.06,0,183610.41,53785.92,0,0
2025-01-24,Headphones,Electronics,West,Store B,11,2421.2,20,21306.53,4600.02,1,0
2025-01-24,Office Chair,Furniture,South,Store B,8,8052.76,10,57979.89,20082.63,0,0
2025-01-24,Study Table,Furniture,North,Store D,10,11503.44,10,103530.93,23829.62,0,0
2025-01-24,T-Shirt,Fashion,North,Store B,15,790.69,0,11860.34,3432.81,0,0
2025-01-24,Jeans,Fashion,East,Store E,20,1801.11,10,32420.05,8655.05,1,0
2025-01-24,Shoes,Fashion,South,Store D,14,2393.67,5,31835.75,6874.55,1,0
2025-01-24,Coffee Maker,Home Appliances,South,Store E,10,4519.41,0,45194.07,11198.26,0,0
2025-01-24,Mixer Grinder,Home Appliances,West,Store C,10,3699.88,5,35148.82,12694.18,0,0
2025-01-25,Laptop,Electronics,East,Store E,13,59019.48,5,728890.57,277326.08,0,0
2025-01-25,Smartphone,Electronics,East,Store B,13,26107.24,10,305454.69,58379.22,1,0
2025-01-25,Headphones,Electronics,South,Store E,10,2440.94,15,20747.96,3896.94,0,0
2025-01-25,Office Chair,Furniture,South,Store B,8,7343.6,5,55811.33,14784.76,1,0
2025-01-25,Study Table,Furniture,North,Store A,6,12680.73,20,60867.52,7608.94,1,0
2025-01-25,T-Shirt,Fashion,North,Store B,13,846.66,0,11006.55,4010.31,0,0
2025-01-25,Jeans,Fashion,South,Store B,16,1843.16,5,28015.98,7656.17,0,0
2025-01-25,Shoes,Fashion,East,Store A,9,2592.97,5,22169.9,6350.77,0,0
2025-01-25,Coffee Maker,Home Appliances,North,Store A,11,4856.45,0,53420.91,20973.15,0,0
2025-01-25,Mixer Grinder,Home Appliances,North,Store D,9,3502.55,20,25218.34,2294.64,1,0
2025-01-26,Laptop,Electronics,North,Store B,17,58070.38,0,987196.41,320232.07,0,0
2025-01-26,Smartphone,Electronics,South,Store D,9,26439.05,5,226053.86,78393.77,0,0
2025-01-26,Headphones,Electronics,East,Store E,14,2456.56,0,34391.78,9391.38,1,0
2025-01-26,Office Chair,Furniture,East,Store E,9,7579.67,5,64806.16,15572.16,0,0
2025-01-26,Study Table,Furniture,South,Store E,10,11657.26,20,93258.06,15354.65,0,0
2025-01-26,T-Shirt,Fashion,South,Store B,17,817.57,15,11813.94,1257.96,0,0
2025-01-26,Jeans,Fashion,North,Store E,20,1810.65,5,34402.44,11306.12,0,0
2025-01-26,Shoes,Fashion,East,Store D,22,2409.27,10,47703.6,12796.86,0,0
2025-01-26,Coffee Maker,Home Appliances,East,Store B,12,4308.94,0,51707.32,15922.28,1,0
2025-01-26,Mixer Grinder,Home Appliances,East,Store C,11,3779.27,0,41572.0,12125.23,0,0
2025-01-27,Laptop,Electronics,West,Store C,11,53330.11,0,586631.24,132158.94,0,0
2025-01-27,Smartphone,Electronics,East,Store B,6,24427.58,5,139237.21,34590.72,0,0
2025-01-27,Headphones,Electronics,West,Store B,11,2591.27,5,27078.79,8460.99,0,0
2025-01-27,Office Chair,Furniture,North,Store C,8,7217.06,0,57736.5,17562.28,0,0
2025-01-27,Study Table,Furniture,East,Store A,12,12399.03,10,133909.53,34964.97,0,0
2025-01-27,T-Shirt,Fashion,West,Store E,12,805.15,0,9661.8,3174.62,0,0
2025-01-27,Jeans,Fashion,North,Store C,15,1840.56,0,27608.36,7169.74,0,0
2025-01-27,Shoes,Fashion,North,Store E,14,2521.95,15,30011.25,5435.78,0,0
2025-01-27,Coffee Maker,Home Appliances,West,Store B,6,4814.15,0,28884.89,8115.76,0,0
2025-01-27,Mixer Grinder,Home Appliances,South,Store D,6,3691.99,15,18829.17,3435.73,0,0
2025-01-28,Laptop,Electronics,South,Store A,10,58512.12,0,585121.24,161257.27,0,0
2025-01-28,Smartphone,Electronics,South,Store D,6,25741.01,20,123556.85,29330.48,0,0
2025-01-28,Headphones,Electronics,North,Store D,5,2541.65,5,12072.84,3815.57,0,0
2025-01-28,Office Chair,Furniture,West,Store D,7,7413.73,5,49301.31,8854.71,1,0
2025-01-28,Study Table,Furniture,South,Store C,7,11968.8,10,75403.41,9982.25,1,0
2025-01-28,T-Shirt,Fashion,West,Store A,14,786.21,15,9355.84,1455.44,0,0
2025-01-28,Jeans,Fashion,South,Store B,16,1810.89,15,24628.07,5687.64,0,0
2025-01-28,Shoes,Fashion,North,Store E,8,2483.47,5,18874.4,3812.99,0,0
2025-01-28,Coffee Maker,Home Appliances,East,Store E,6,4745.68,5,27050.37,8501.68,0,0
2025-01-28,Mixer Grinder,Home Appliances,West,Store B,8,3763.75,5,28604.49,7307.65,1,0
2025-01-29,Laptop,Electronics,North,Store D,12,52828.23,15,538847.99,24511.91,1,0
2025-01-29,Smartphone,Electronics,West,Store B,8,25347.94,0,202783.5,72992.81,0,0
2025-01-29,Headphones,Electronics,West,Store C,5,2443.65,20,9774.59,441.51,0,0
2025-01-29,Office Chair,Furniture,North,Store A,4,7674.93,15,26094.75,3969.89,0,0
2025-01-29,Study Table,Furniture,South,Store C,3,12308.29,0,36924.87,9542.53,0,0
2025-01-29,T-Shirt,Fashion,North,Store D,12,799.24,0,9590.84,3797.24,0,0
2025-01-29,Jeans,Fashion,South,Store D,7,1881.12,5,12509.45,2741.03,0,0
2025-01-29,Shoes,Fashion,East,Store B,13,2667.71,5,32946.23,12049.08,1,0
2025-01-29,Coffee Maker,Home Appliances,North,Store D,7,4307.95,10,27140.11,4764.07,0,0
2025-01-29,Mixer Grinder,Home Appliances,South,Store E,10,3749.31,5,35618.48,9456.15,0,0
2025-01-30,Laptop,Electronics,South,Store E,9,57931.9,5,495317.73,118573.9,0,0
2025-01-30,Smartphone,Electronics,East,Store B,4,23857.03,0,95428.14,24298.44,0,0
2025-01-30,Headphones,Electronics,North,Store C,10,2546.99,5,24196.41,5438.54,0,0
2025-01-30,Office Chair,Furniture,East,Store C,4,7565.29,5,28748.09,8885.8,0,0
2025-01-30,Study Table,Furniture,West,Store D,9,11663.92,20,83980.23,5191.6,0,0
2025-01-30,T-Shirt,Fashion,East,Store C,13,793.73,0,10318.46,3865.29,0,0
2025-01-30,Jeans,Fashion,North,Store B,10,1924.75,10,17322.72,3489.15,0,0
2025-01-30,Shoes,Fashion,West,Store B,12,2476.28,10,26743.78,6739.55,0,0
2025-01-30,Coffee Maker,Home Appliances,East,Store B,10,4703.49,5,44683.2,15011.27,0,0
2025-01-30,Mixer Grinder,Home Appliances,South,Store C,2,3503.26,10,6305.87,1086.85,0,0
2025-01-31,Laptop,Electronics,North,Store C,6,57510.68,15,293304.46,93632.7,0,0
2025-01-31,Smartphone,Electronics,South,Store C,10,26310.57,5,249950.45,85668.87,0,0
2025-01-31,Headphones,Electronics,North,Store C,10,2676.76,15,22752.43,7393.95,0,0
2025-01-31,Office Chair,Furniture,East,Store B,4,7392.59,5,28091.84,9991.19,0,0
2025-01-31,Study Table,Furniture,North,Store E,7,12838.64,5,85376.96,32006.86,0,0
2025-01-31,T-Shirt,Fashion,South,Store A,12,793.41,0,9520.87,2163.98,0,0
2025-01-31,Jeans,Fashion,North,Store D,9,1718.1,5,14689.76,3967.54,0,0
2025-01-31,Shoes,Fashion,South,Store B,14,2392.59,5,31821.4,5169.39,1,0
2025-01-31,Coffee Maker,Home Appliances,West,Store D,9,4835.47,5,41343.31,12123.28,0,0
2025-01-31,Mixer Grinder,Home Appliances,North,Store B,5,3438.83,5,16334.43,5745.25,0,0
2025-02-01,Laptop,Electronics,East,Store C,10,58149.37,15,494269.61,118116.86,0,0
2025-02-01,Smartphone,Electronics,East,Store C,14,26057.91,10,328329.72,66871.6,0,0
2025-02-01,Headphones,Electronics,West,Store B,7,2682.54,20,15022.24,3231.08,0,0
2025-02-01,Office Chair,Furniture,North,Store B,6,7709.55,10,41631.58,9615.32,0,0
2025-02-01,Study Table,Furniture,North,Store C,4,12387.35,0,49549.4,16233.32,0,0
2025-02-01,T-Shirt,Fashion,North,Store E,18,797.29,5,13633.67,2790.6,0,0
2025-02-01,Jeans,Fashion,West,Store E,11,1830.98,0,20140.81,6348.83,0,0
2025-02-01,Shoes,Fashion,North,Store D,9,2617.77,0,23559.9,7661.69,0,0
2025-02-01,Coffee Maker,Home Appliances,East,Store A,9,4801.58,5,41053.48,16465.04,0,0
2025-02-01,Mixer Grinder,Home Appliances,North,Store B,9,3638.86,15,27837.3,6840.09,1,0
2025-02-02,Laptop,Electronics,West,Store C,7,58297.76,0,408084.33,156001.81,0,0
2025-02-02,Smartphone,Electronics,South,Store D,12,26992.3,15,275321.45,56128.21,1,0
2025-02-02,Headphones,Electronics,South,Store D,13,2689.27,5,33212.45,12714.23,0,0
2025-02-02,Office Chair,Furniture,North,Store D,8,7917.9,5,60176.07,22864.04,0,0
2025-02-02,Study Table,Furniture,South,Store E,6,12714.97,0,76289.81,28136.81,0,0
2025-02-02,T-Shirt,Fashion,West,Store D,16,826.18,5,12557.98,3616.98,0,0
2025-02-02,Jeans,Fashion,East,Store A,10,1763.77,20,14110.15,918.84,0,0
2025-02-02,Shoes,Fashion,East,Store D,10,2381.27,5,22622.07,4851.44,0,0
2025-02-02,Coffee Maker,Home Appliances,South,Store B,9,4312.68,5,36873.43,9961.91,0,0
2025-02-02,Mixer Grinder,Home Appliances,East,Store E,9,3493.72,10,28299.11,6483.81,1,0
2025-02-03,Laptop,Electronics,North,Store E,8,57730.43,15,392566.95,90827.79,0,0
2025-02-03,Smartphone,Electronics,East,Store C,14,25672.7,0,359417.82,133956.4,1,0
2025-02-03,Headphones,Electronics,East,Store E,17,2379.73,0,40455.49,10525.89,0,0
2025-02-03,Office Chair,Furniture,North,Store C,8,7154.61,15,48651.33,4434.68,0,0
2025-02-03,Study Table,Furniture,West,Store E,5,12454.09,0,62270.47,25984.82,0,0
2025-02-03,T-Shirt,Fashion,South,Store B,7,854.77,0,5983.37,2388.12,0,0
2025-02-03,Jeans,Fashion,East,Store B,14,1885.77,15,22440.71,3718.17,1,0
2025-02-03,Shoes,Fashion,East,Store B,12,2447.3,20,23494.12,3554.01,0,0
2025-02-03,Coffee Maker,Home Appliances,North,Store E,9,4642.76,0,41784.8,17111.59,1,0
2025-02-03,Mixer Grinder,Home Appliances,West,Store C,8,3778.24,5,28714.65,11564.79,0,0
2025-02-04,Laptop,Electronics,West,Store C,9,52783.8,0,475054.23,153994.25,0,0
2025-02-04,Smartphone,Electronics,West,Store D,9,25848.19,0,232633.72,71546.98,1,0
2025-02-04,Headphones,Electronics,South,Store E,11,2591.91,10,25659.89,6955.94,1,0
2025-02-04,Office Chair,Furniture,South,Store A,4,7484.94,5,28442.76,8187.7,0,0
2025-02-04,Study Table,Furniture,West,Store C,9,12079.74,20,86974.13,5149.46,1,0
2025-02-04,T-Shirt,Fashion,North,Store C,13,853.14,10,9981.71,3560.85,0,0
2025-02-04,Jeans,Fashion,North,Store E,11,1773.43,0,19507.78,5871.63,1,0
2025-02-04,Shoes,Fashion,East,Store B,14,2486.09,0,34805.31,7707.21,0,0
2025-02-04,Coffee Maker,Home Appliances,East,Store B,15,4827.64,0,72414.54,31441.48,1,0
2025-02-04,Mixer Grinder,Home Appliances,South,Store E,8,3628.1,5,27573.55,10238.48,0,0
2025-02-05,Laptop,Electronics,West,Store C,10,58002.72,0,580027.16,239908.52,0,0
2025-02-05,Smartphone,Electronics,West,Store E,7,24979.95,10,157373.69,26511.79,0,0
2025-02-05,Headphones,Electronics,East,Store B,7,2597.98,5,17276.59,5099.97,0,0
2025-02-05,Office Chair,Furniture,West,Store B,9,8010.84,15,61282.9,17670.84,0,0
2025-02-05,Study Table,Furniture,East,Store A,2,12221.63,0,24443.26,9038.82,0,0
2025-02-05,T-Shirt,Fashion,North,Store B,9,845.68,5,7230.54,2049.57,0,0
2025-02-05,Jeans,Fashion,North,Store D,14,1709.15,10,21535.34,2163.4,0,0
2025-02-05,Shoes,Fashion,East,Store C,15,2643.67,0,39655.11,10735.59,1,0
2025-02-05,Coffee Maker,Home Appliances,West,Store D,3,4568.15,10,12333.99,2313.37,1,0
2025-02-05,Mixer Grinder,Home Appliances,East,Store A,12,3457.79,0,41493.42,14679.72,1,0
2025-02-06,Laptop,Electronics,East,Store C,8,53840.56,5,409188.29,135765.84,0,0
2025-02-06,Smartphone,Electronics,South,Store B,10,24339.17,5,231222.07,39778.52,1,0
2025-02-06,Headphones,Electronics,South,Store D,11,2679.45,10,26526.6,9975.3,0,0
2025-02-06,Office Chair,Furniture,South,Store C,6,7415.72,10,40044.89,6667.63,0,0
2025-02-06,Study Table,Furniture,West,Store C,9,11755.38,5,100508.5,23733.11,1,0
2025-02-06,T-Shirt,Fashion,North,Store C,8,772.39,5,5870.15,1717.33,0,0
2025-02-06,Jeans,Fashion,West,Store B,15,1794.5,20,21534.04,1930.21,1,0
2025-02-06,Shoes,Fashion,South,Store D,6,2480.57,20,11906.72,304.07,1,0
2025-02-06,Coffee Maker,Home Appliances,East,Store A,4,4762.64,15,16192.98,4762.6,0,0
2025-02-06,Mixer Grinder,Home Appliances,North,Store D,10,3612.32,5,34317.04,9216.68,0,0
2025-02-07,Laptop,Electronics,West,Store B,5,55395.03,0,276975.15,65713.24,0,0
2025-02-07,Smartphone,Electronics,South,Store C,11,24288.55,0,267174.0,94779.11,0,0
2025-02-07,Headphones,Electronics,West,Store E,6,2642.87,0,15857.24,6195.11,0,0
2025-02-07,Office Chair,Furniture,West,Store B,9,7458.52,0,67126.72,24773.81,0,0
2025-02-07,Study Table,Furniture,South,Store E,8,11677.87,0,93422.99,23410.67,1,0
2025-02-07,T-Shirt,Fashion,West,Store C,8,860.02,0,6880.14,2799.1,1,0
2025-02-07,Jeans,Fashion,North,Store A,13,1896.58,5,23422.74,7501.5,0,0
2025-02-07,Shoes,Fashion,West,Store B,15,2566.63,0,38499.48,13808.03,0,0
2025-02-07,Coffee Maker,Home Appliances,East,Store B,4,4671.16,5,17750.39,5637.21,0,0
2025-02-07,Mixer Grinder,Home Appliances,East,Store C,6,3694.43,15,18841.61,3779.77,0,0
2025-02-08,Laptop,Electronics,West,Store B,16,54080.98,10,778766.18,245348.31,0,0
2025-02-08,Smartphone,Electronics,South,Store D,18,24352.52,10,394510.85,120219.67,1,0
2025-02-08,Headphones,Electronics,West,Store D,13,2625.86,10,30722.52,7487.57,0,0
2025-02-08,Office Chair,Furniture,East,Store B,10,7403.53,15,62930.01,10454.72,0,0
2025-02-08,Study Table,Furniture,South,Store D,10,12535.75,10,112821.71,40096.81,1,0
2025-02-08,T-Shirt,Fashion,North,Store C,11,849.12,0,9340.31,3530.08,0,0
2025-02-08,Jeans,Fashion,North,Store E,21,1913.16,0,40176.37,14974.44,0,0
2025-02-08,Shoes,Fashion,West,Store C,29,2464.58,5,67899.04,14101.46,1,0
2025-02-08,Coffee Maker,Home Appliances,East,Store A,9,4539.91,5,38816.19,12742.86,0,0
2025-02-08,Mixer Grinder,Home Appliances,East,Store C,10,3589.08,15,30507.17,6125.18,0,0
2025-02-09,Laptop,Electronics,West,Store B,11,58456.99,5,610875.57,219548.76,0,0
2025-02-09,Smartphone,Electronics,West,Store D,7,26766.63,0,187366.41,73699.4,1,0
2025-02-09,Headphones,Electronics,West,Store C,16,2516.31,0,40260.89,14990.89,0,0
2025-02-09,Office Chair,Furniture,West,Store B,4,8030.24,5,30514.92,8733.95,0,0
2025-02-09,Study Table,Furniture,West,Store B,11,11954.42,5,124923.69,38943.71,1,0
2025-02-09,T-Shirt,Fashion,East,Store D,14,826.76,15,9838.41,2782.74,0,0
2025-02-09,Jeans,Fashion,North,Store E,11,1829.02,5,19113.24,6736.58,0,0
2025-02-09,Shoes,Fashion,South,Store C,13,2450.35,10,28669.04,7229.79,0,0
2025-02-09,Coffee Maker,Home Appliances,North,Store C,10,4538.51,10,40846.6,12030.92,0,0
2025-02-09,Mixer Grinder,Home Appliances,North,Store D,11,3775.44,5,39453.39,10772.15,1,0
2025-02-10,Laptop,Electronics,South,Store A,8,58103.06,0,464824.49,152739.75,0,0
2025-02-10,Smartphone,Electronics,North,Store E,5,25995.75,5,123479.79,43126.45,0,0
2025-02-10,Headphones,Electronics,South,Store A,6,2435.88,5,13884.54,3478.3,0,0
2025-02-10,Office Chair,Furniture,North,Store C,5,7664.03,5,36404.14,9395.07,0,0
2025-02-10,Study Table,Furniture,North,Store B,4,12079.43,0,48317.73,11267.97,0,0
2025-02-10,T-Shirt,Fashion,East,Store B,15,812.88,20,9754.5,897.98,1,0
2025-02-10,Jeans,Fashion,South,Store E,10,1937.74,15,16470.75,2598.07,0,0
2025-02-10,Shoes,Fashion,West,Store B,2,2665.65,5,5064.73,1197.84,0,0
2025-02-10,Coffee Maker,Home Appliances,North,Store D,5,4721.12,0,23605.61,6911.63,0,0
2025-02-10,Mixer Grinder,Home Appliances,East,Store C,14,3433.54,0,48069.52,15706.15,1,0
2025-02-11,Laptop,Electronics,East,Store C,15,54518.56,0,817778.47,212940.69,0,0
2025-02-11,Smartphone,Electronics,South,Store E,5,25664.33,0,128321.65,36027.3,0,0
2025-02-11,Headphones,Electronics,North,Store C,6,2493.88,20,11970.61,2172.71,0,0
2025-02-11,Office Chair,Furniture,West,Store E,6,7722.17,10,41699.7,13764.53,0,0
2025-02-11,Study Table,Furniture,East,Store E,10,12384.43,10,111459.89,23824.59,1,0
2025-02-11,T-Shirt,Fashion,South,Store A,14,762.83,0,10679.68,2467.97,1,0
2025-02-11,Jeans,Fashion,South,Store A,15,1845.14,10,24909.33,8555.36,0,0
2025-02-11,Shoes,Fashion,West,Store C,13,2597.45,0,33766.87,12721.34,0,0
2025-02-11,Coffee Maker,Home Appliances,East,Store D,6,4285.67,10,23142.6,6298.35,0,0
2025-02-11,Mixer Grinder,Home Appliances,West,Store E,12,3401.13,0,40813.51,9900.74,1,0
2025-02-12,Laptop,Electronics,West,Store E,10,55515.02,15,471877.71,103420.19,1,0
2025-02-12,Smartphone,Electronics,West,Store C,15,26631.83,0,399477.48,162330.2,0,0
2025-02-12,Headphones,Electronics,North,Store E,9,2375.14,5,20307.48,3329.96,0,0
2025-02-12,Office Chair,Furniture,East,Store E,5,7819.39,0,39096.94,14736.68,0,0
2025-02-12,Study Table,Furniture,East,Store B,7,12439.25,20,69659.79,12567.03,1,0
2025-02-12,T-Shirt,Fashion,North,Store E,8,853.02,5,6482.96,2200.66,0,0
2025-02-12,Jeans,Fashion,South,Store C,12,1724.66,5,19661.08,3357.77,1,0
2025-02-12,Shoes,Fashion,North,Store B,7,2558.77,5,17015.79,5176.35,0,0
2025-02-12,Coffee Maker,Home Appliances,North,Store C,9,4679.02,0,42111.18,10660.73,0,0
2025-02-12,Mixer Grinder,Home Appliances,East,Store D,3,3498.69,5,9971.26,1857.22,0,0
2025-02-13,Laptop,Electronics,North,Store D,18,58851.44,0,1059325.88,366271.11,1,0
2025-02-13,Smartphone,Electronics,West,Store D,14,26162.0,0,366267.94,99995.74,0,0
2025-02-13,Headphones,Electronics,West,Store C,6,2585.28,15,13184.95,2282.23,0,0
2025-02-13,Office Chair,Furniture,West,Store C,5,7617.6,0,38087.98,15057.68,1,0
2025-02-13,Study Table,Furniture,East,Store C,5,12211.01,10,54949.57,8322.34,0,0
2025-02-13,T-Shirt,Fashion,South,Store B,13,764.45,0,9937.83,2171.01,1,0
2025-02-13,Jeans,Fashion,East,Store E,18,1866.03,10,30229.64,9300.82,1,0
2025-02-13,Shoes,Fashion,West,Store C,9,2602.95,5,22255.2,6400.74,0,0
2025-02-13,Coffee Maker,Home Appliances,East,Store C,11,4685.32,10,46384.63,8330.22,1,0
2025-02-13,Mixer Grinder,Home Appliances,West,Store A,10,3533.99,10,31805.9,9342.62,1,0
2025-02-14,Laptop,Electronics,North,Store A,7,53751.08,20,301006.06,48044.28,0,0
2025-02-14,Smartphone,Electronics,West,Store B,14,24393.4,20,273206.05,36654.96,0,0
2025-02-14,Headphones,Electronics,South,Store E,11,2617.6,0,28793.59,9351.73,0,0
2025-02-14,Office Chair,Furniture,East,Store D,12,7691.78,15,78456.19,9828.43,1,0
2025-02-14,Study Table,Furniture,West,Store B,6,11623.95,5,66256.53,12336.77,0,0
2025-02-14,T-Shirt,Fashion,West,Store E,10,783.18,0,7831.77,2577.66,0,0
2025-02-14,Jeans,Fashion,East,Store D,8,1859.69,10,13389.8,3688.89,0,0
2025-02-14,Shoes,Fashion,South,Store A,10,2442.87,20,19542.98,1709.79,1,0
2025-02-14,Coffee Maker,Home Appliances,East,Store D,9,4635.73,5,39635.48,15197.17,0,0
2025-02-14,Mixer Grinder,Home Appliances,South,Store E,13,3514.48,5,43403.79,16068.24,1,0
2025-02-15,Laptop,Electronics,East,Store C,13,52363.34,5,646687.27,194501.52,0,0
2025-02-15,Smartphone,Electronics,East,Store E,14,24373.74,0,341232.32,113922.53,0,0
2025-02-15,Headphones,Electronics,South,Store E,13,2600.82,0,33810.6,11082.13,0,0
2025-02-15,Office Chair,Furniture,West,Store D,6,7263.28,10,39221.69,7445.22,0,0
2025-02-15,Study Table,Furniture,East,Store C,10,12071.74,10,108645.62,24660.4,1,0
2025-02-15,T-Shirt,Fashion,South,Store E,14,822.09,5,10933.82,2596.34,0,0
2025-02-15,Jeans,Fashion,North,Store B,7,1832.56,0,12827.95,4746.91,0,0
2025-02-15,Shoes,Fashion,South,Store E,13,2488.17,10,29111.61,6174.48,0,0
2025-02-15,Coffee Maker,Home Appliances,East,Store E,8,4721.88,5,35886.28,12674.17,0,0
2025-02-15,Mixer Grinder,Home Appliances,North,Store A,10,3569.91,5,33914.17,9741.7,1,0
2025-02-16,Laptop,Electronics,East,Store B,14,59075.81,15,703002.08,238421.68,1,0
2025-02-16,Smartphone,Electronics,West,Store A,13,26107.74,0,339400.6,88479.82,1,0
2025-02-16,Headphones,Electronics,East,Store E,10,2516.03,0,25160.35,9209.91,0,0
2025-02-16,Office Chair,Furniture,North,Store B,11,8016.31,10,79361.5,26433.42,0,0
2025-02-16,Study Table,Furniture,South,Store D,8,12443.3,0,99546.38,31783.82,1,0
2025-02-16,T-Shirt,Fashion,South,Store A,14,782.01,5,10400.78,3205.34,0,0
2025-02-16,Jeans,Fashion,North,Store A,13,1905.33,10,22292.32,7441.24,0,0
2025-02-16,Shoes,Fashion,North,Store A,13,2612.73,10,30568.98,8592.9,0,0
2025-02-16,Coffee Maker,Home Appliances,South,Store B,11,4522.55,10,44773.25,9309.44,0,0
2025-02-16,Mixer Grinder,Home Appliances,West,Store B,11,3734.85,0,41083.39,11390.94,1,0
2025-02-17,Laptop,Electronics,North,Store E,16,58811.28,10,846882.41,286240.03,1,0
2025-02-17,Smartphone,Electronics,North,Store D,13,24198.17,0,314576.18,71044.2,0,0
2025-02-17,Headphones,Electronics,North,Store C,9,2698.6,10,21858.67,4609.72,0,0
2025-02-17,Office Chair,Furniture,East,Store A,8,7863.73,20,50327.86,4793.46,0,0
2025-02-17,Study Table,Furniture,West,Store D,7,12181.78,10,76745.2,22564.17,0,0
2025-02-17,T-Shirt,Fashion,East,Store D,12,823.48,15,8399.53,1209.81,0,0
2025-02-17,Jeans,Fashion,North,Store C,8,1783.81,0,14270.48,4470.46,0,0
2025-02-17,Shoes,Fashion,South,Store B,12,2467.4,5,28128.4,8703.5,1,0
2025-02-17,Coffee Maker,Home Appliances,East,Store B,3,4302.72,15,10971.93,810.87,0,0
2025-02-17,Mixer Grinder,Home Appliances,West,Store E,5,3593.57,5,17069.48,6184.21,0,0
2025-02-18,Laptop,Electronics,North,Store E,10,53012.42,5,503617.98,130237.77,1,0
2025-02-18,Smartphone,Electronics,West,Store D,11,24187.25,0,266059.8,98915.78,0,0
2025-02-18,Headphones,Electronics,East,Store A,17,2510.99,20,34149.51,7333.87,1,0
2025-02-18,Office Chair,Furniture,East,Store D,3,7370.49,10,19900.32,6031.7,0,0
2025-02-18,Study Table,Furniture,West,Store D,7,11502.88,15,68442.17,14321.33,0,0
2025-02-18,T-Shirt,Fashion,South,Store D,12,759.99,5,8663.9,1514.22,1,0
2025-02-18,Jeans,Fashion,East,Store E,11,1830.41,10,18121.11,5811.8,0,0
2025-02-18,Shoes,Fashion,South,Store C,9,2585.23,5,22103.76,4632.49,0,0
2025-02-18,Coffee Maker,Home Appliances,North,Store E,2,4766.46,10,8579.63,2217.28,0,0
2025-02-18,Mixer Grinder,Home Appliances,West,Store A,4,3657.52,20,11704.08,2057.84,1,0
2025-02-19,Laptop,Electronics,North,Store C,11,52390.98,5,547485.79,140283.43,0,0
2025-02-19,Smartphone,Electronics,South,Store B,14,23888.79,15,284276.6,18868.31,1,0
2025-02-19,Headphones,Electronics,South,Store E,7,2439.92,0,17079.41,4456.78,0,0
2025-02-19,Office Chair,Furniture,North,Store D,6,7413.95,5,42259.51,14099.22,0,0
2025-02-19,Study Table,Furniture,North,Store C,8,12749.02,10,91792.92,21622.37,0,0
2025-02-19,T-Shirt,Fashion,South,Store C,14,794.57,20,8899.15,360.33,0,0
2025-02-19,Jeans,Fashion,West,Store C,10,1728.71,0,17287.07,3725.76,0,0
2025-02-19,Shoes,Fashion,West,Store B,11,2644.09,5,27630.7,7320.51,1,0
2025-02-19,Coffee Maker,Home Appliances,East,Store D,9,4737.01,5,40501.45,10188.85,0,0
2025-02-19,Mixer Grinder,Home Appliances,North,Store A,8,3361.57,15,22858.66,1386.85,1,0
2025-02-20,Laptop,Electronics,North,Store B,12,56002.04,10,604822.03,117018.55,1,0
2025-02-20,Smartphone,Electronics,West,Store E,13,25013.38,15,276397.88,64558.52,1,0
2025-02-20,Headphones,Electronics,East,Store D,12,2486.69,0,29840.28,11768.11,0,0
2025-02-20,Office Chair,Furniture,East,Store E,7,7205.58,0,50439.05,10694.81,0,0
2025-02-20,Study Table,Furniture,West,Store B,3,11728.65,0,35185.96,11462.84,0,0
2025-02-20,T-Shirt,Fashion,East,Store E,14,861.65,0,12063.14,5012.86,1,0
2025-02-20,Jeans,Fashion,East,Store A,13,1867.74,0,24280.63,9390.34,0,0
2025-02-20,Shoes,Fashion,West,Store D,11,2395.39,20,21079.47,1502.41,0,0
2025-02-20,Coffee Maker,Home Appliances,West,Store A,8,4552.17,10,32775.63,5738.74,0,0
2025-02-20,Mixer Grinder,Home Appliances,South,Store B,4,3776.42,10,13595.1,3492.1,0,0
2025-02-21,Laptop,Electronics,South,Store C,17,53798.95,10,823124.0,173659.2,1,0
2025-02-21,Smartphone,Electronics,West,Store E,5,24883.88,10,111977.48,25075.77,0,0
2025-02-21,Headphones,Electronics,East,Store E,6,2689.84,0,16139.07,6274.72,0,0
2025-02-21,Office Chair,Furniture,South,Store A,15,7384.54,10,99691.26,19656.2,1,0
2025-02-21,Study Table,Furniture,North,Store B,3,12299.9,15,31364.76,4260.83,0,0
2025-02-21,T-Shirt,Fashion,South,Store D,8,805.18,20,5153.16,1160.02,0,0
2025-02-21,Jeans,Fashion,North,Store C,14,1921.33,5,25553.68,8377.25,1,0
2025-02-21,Shoes,Fashion,West,Store E,9,2613.07,0,23517.64,6226.06,0,0
2025-02-21,Coffee Maker,Home Appliances,West,Store B,16,4834.54,5,73485.07,30151.66,1,0
2025-02-21,Mixer Grinder,Home Appliances,West,Store D,7,3414.89,15,20318.59,2601.58,0,0
2025-02-22,Laptop,Electronics,South,Store C,10,58597.17,20,468777.35,91924.1,0,0
2025-02-22,Smartphone,Electronics,South,Store B,25,26856.44,10,604269.85,150913.44,1,0
2025-02-22,Headphones,Electronics,East,Store D,9,2611.27,0,23501.39,9910.15,0,0
2025-02-22,Office Chair,Furniture,East,Store A,8,7246.32,0,57970.59,19240.51,0,0
2025-02-22,Study Table,Furniture,East,Store B,9,12844.38,5,109819.49,41572.59,0,0
2025-02-22,T-Shirt,Fashion,South,Store E,15,847.97,10,11447.65,3534.51,0,0
2025-02-22,Jeans,Fashion,East,Store A,9,1728.8,20,12447.35,2380.23,0,0
2025-02-22,Shoes,Fashion,East,Store B,13,2454.51,10,28717.74,6037.86,0,0
2025-02-22,Coffee Maker,Home Appliances,West,Store D,14,4496.86,0,62956.08,17790.71,0,0
2025-02-22,Mixer Grinder,Home Appliances,South,Store A,9,3667.14,0,33004.29,10639.91,0,0
2025-02-23,Laptop,Electronics,East,Store E,13,56169.9,0,730208.76,237496.25,1,0
2025-02-23,Smartphone,Electronics,East,Store A,9,25276.54,5,216114.41,41044.64,0,0
2025-02-23,Headphones,Electronics,South,Store E,11,2671.59,20,23510.03,6193.01,0,0
2025-02-23,Office Chair,Furniture,East,Store A,4,7848.84,15,26686.06,5753.7,0,0
2025-02-23,Study Table,Furniture,East,Store C,7,11757.61,20,65842.6,8539.66,0,0
2025-02-23,T-Shirt,Fashion,South,Store E,9,808.96,0,7280.66,2681.63,0,0
2025-02-23,Jeans,Fashion,North,Store C,18,1931.89,20,27819.19,4351.09,0,0
2025-02-23,Shoes,Fashion,South,Store C,11,2595.81,5,27126.18,10258.52,0,0
2025-02-23,Coffee Maker,Home Appliances,South,Store B,7,4417.21,5,29374.42,6047.75,0,0
2025-02-23,Mixer Grinder,Home Appliances,West,Store C,15,3414.08,15,43529.5,10258.44,1,0
2025-02-24,Laptop,Electronics,West,Store A,14,57356.76,5,762844.94,184348.81,1,0
2025-02-24,Smartphone,Electronics,West,Store D,3,25597.38,15,65273.32,17861.26,0,0
2025-02-24,Headphones,Electronics,East,Store D,7,2391.6,15,14230.03,2000.95,0,0
2025-02-24,Office Chair,Furniture,South,Store A,7,8099.41,15,48191.5,9667.48,0,0
2025-02-24,Study Table,Furniture,South,Store B,5,11833.13,15,50290.8,4197.87,0,0
2025-02-24,T-Shirt,Fashion,North,Store E,9,829.0,10,6714.91,1411.56,1,0
2025-02-24,Jeans,Fashion,West,Store A,9,1729.92,15,13233.88,2104.59,1,0
2025-02-24,Shoes,Fashion,East,Store B,10,2472.82,0,24728.24,8614.39,0,0
2025-02-24,Coffee Maker,Home Appliances,West,Store E,7,4495.64,0,31469.51,11390.42,0,0
2025-02-24,Mixer Grinder,Home Appliances,West,Store D,6,3571.91,10,19288.3,5150.85,0,0
2025-02-25,Laptop,Electronics,North,Store B,9,59026.24,5,504674.32,166597.63,0,0
2025-02-25,Smartphone,Electronics,West,Store C,6,24451.03,5,139370.85,47948.52,0,0
2025-02-25,Headphones,Electronics,North,Store D,7,2541.31,0,17789.14,4920.89,1,0
2025-02-25,Office Chair,Furniture,South,Store D,3,7263.37,10,19611.11,2489.26,0,0
2025-02-25,Study Table,Furniture,East,Store E,3,12724.8,5,36265.68,13627.45,0,0
2025-02-25,T-Shirt,Fashion,South,Store E,9,771.82,0,6946.37,1757.61,0,0
2025-02-25,Jeans,Fashion,North,Store E,13,1910.09,5,23589.58,8061.68,0,0
2025-02-25,Shoes,Fashion,East,Store E,11,2588.56,20,22779.3,4807.4,0,0
2025-02-25,Coffee Maker,Home Appliances,South,Store C,6,4299.89,5,24509.37,8112.75,0,0
2025-02-25,Mixer Grinder,Home Appliances,South,Store B,10,3376.15,5,32073.39,5746.32,0,0
2025-02-26,Laptop,Electronics,South,Store A,11,52459.25,20,461641.43,87100.78,1,0
2025-02-26,Smartphone,Electronics,North,Store E,10,26623.91,0,266239.08,95131.22,1,0
2025-02-26,Headphones,Electronics,West,Store A,13,2620.45,0,34065.86,9925.52,0,0
2025-02-26,Office Chair,Furniture,East,Store A,5,7288.71,0,36443.54,7366.73,0,0
2025-02-26,Study Table,Furniture,East,Store A,6,11631.72,0,69790.33,17642.85,0,0
2025-02-26,T-Shirt,Fashion,East,Store D,10,814.0,5,7733.02,1679.72,0,0
2025-02-26,Jeans,Fashion,West,Store C,5,1825.52,10,8214.85,2597.28,0,0
2025-02-26,Shoes,Fashion,South,Store C,12,2654.58,20,25483.98,7471.38,0,0
2025-02-26,Coffee Maker,Home Appliances,West,Store E,15,4428.18,15,56459.36,8900.16,1,0
2025-02-26,Mixer Grinder,Home Appliances,West,Store C,9,3524.18,20,25374.12,5410.89,0,0
2025-02-27,Laptop,Electronics,North,Store C,6,56857.15,15,289971.46,71944.56,0,0
2025-02-27,Smartphone,Electronics,West,Store A,16,26909.74,0,430555.83,132189.64,1,0
2025-02-27,Headphones,Electronics,North,Store D,14,2511.58,10,31645.92,9679.55,0,0
2025-02-27,Office Chair,Furniture,West,Store C,4,7842.09,0,31368.37,13344.49,0,0
2025-02-27,Study Table,Furniture,South,Store B,4,12152.34,0,48609.35,14970.96,0,0
2025-02-27,T-Shirt,Fashion,West,Store B,11,831.19,15,7771.62,1501.11,0,0
2025-02-27,Jeans,Fashion,South,Store C,9,1936.39,5,16556.16,4224.57,0,0
2025-02-27,Shoes,Fashion,North,Store B,9,2587.31,0,23285.78,6896.78,0,0
2025-02-27,Coffee Maker,Home Appliances,East,Store B,11,4798.19,5,50141.12,16769.36,0,0
2025-02-27,Mixer Grinder,Home Appliances,North,Store E,6,3599.42,20,17277.24,4022.07,1,0
2025-02-28,Laptop,Electronics,West,Store A,7,57639.03,0,403473.18,139120.57,0,0
2025-02-28,Smartphone,Electronics,East,Store C,14,24655.42,5,327917.14,113775.04,1,0
2025-02-28,Headphones,Electronics,North,Store C,15,2387.69,20,28652.31,787.26,1,0
2025-02-28,Office Chair,Furniture,East,Store C,6,8006.36,15,40832.45,9749.23,0,0
2025-02-28,Study Table,Furniture,West,Store A,5,12109.19,5,57518.66,16567.18,0,0
2025-02-28,T-Shirt,Fashion,East,Store E,10,777.02,5,7381.73,2249.09,0,0
2025-02-28,Jeans,Fashion,North,Store C,7,1901.15,15,11311.85,1865.35,0,0
2025-02-28,Shoes,Fashion,North,Store C,17,2529.36,5,40849.11,11849.2,1,0
2025-02-28,Coffee Maker,Home Appliances,North,Store A,5,4447.39,0,22236.93,8288.02,0,0
2025-02-28,Mixer Grinder,Home Appliances,South,Store C,5,3751.65,0,18758.23,6955.34,0,0
2025-03-01,Laptop,Electronics,South,Store B,9,54908.78,10,444761.15,139931.08,0,0
2025-03-01,Smartphone,Electronics,East,Store C,14,26054.17,10,328282.6,84200.53,0,0
2025-03-01,Headphones,Electronics,North,Store D,5,2665.83,0,13329.13,3640.54,0,0
2025-03-01,Office Chair,Furniture,South,Store D,2,7755.93,5,14736.28,4720.11,0,0
2025-03-01,Study Table,Furniture,South,Store C,12,11633.91,5,132626.62,25325.88,0,0
2025-03-01,T-Shirt,Fashion,North,Store B,13,819.06,0,10647.78,4286.39,0,0
2025-03-01,Jeans,Fashion,North,Store E,16,1721.68,0,27546.84,8106.14,0,0
2025-03-01,Shoes,Fashion,West,Store E,23,2604.56,10,53914.36,13677.32,1,0
2025-03-01,Coffee Maker,Home Appliances,West,Store E,14,4668.39,0,65357.44,27183.29,0,0
2025-03-01,Mixer Grinder,Home Appliances,South,Store A,10,3585.65,0,35856.45,9390.4,0,0
2025-03-02,Laptop,Electronics,South,Store A,18,52759.66,5,902190.24,142868.33,1,0
2025-03-02,Smartphone,Electronics,West,Store D,8,24779.02,0,198232.16,53639.14,0,0
2025-03-02,Headphones,Electronics,North,Store E,20,2519.81,0,50396.19,13296.6,1,0
2025-03-02,Office Chair,Furniture,West,Store C,4,7325.27,0,29301.08,8672.36,0,0
2025-03-02,Study Table,Furniture,South,Store B,8,12717.5,0,101740.0,28965.82,1,0
2025-03-02,T-Shirt,Fashion,North,Store D,17,814.43,5,13153.11,3111.51,0,0
2025-03-02,Jeans,Fashion,East,Store A,12,1890.79,5,21555.0,7168.57,0,0
2025-03-02,Shoes,Fashion,West,Store B,12,2379.65,0,28555.76,6256.52,0,0
2025-03-02,Coffee Maker,Home Appliances,West,Store C,7,4336.7,0,30356.93,6363.11,0,0
2025-03-02,Mixer Grinder,Home Appliances,West,Store C,9,3688.16,10,29874.09,8738.47,0,0
2025-03-03,Laptop,Electronics,West,Store E,13,59351.22,0,771565.86,245141.9,0,0
2025-03-03,Smartphone,Electronics,South,Store E,10,23835.55,0,238355.48,51646.31,1,0
2025-03-03,Headphones,Electronics,South,Store A,11,2430.83,15,22728.3,2408.79,0,0
2025-03-03,Office Chair,Furniture,South,Store B,6,7893.8,5,44994.65,16381.99,1,0
2025-03-03,Study Table,Furniture,East,Store C,7,12269.54,10,77298.07,20792.12,0,0
2025-03-03,T-Shirt,Fashion,West,Store E,21,841.6,5,16789.98,3842.37,1,0
2025-03-03,Jeans,Fashion,East,Store E,15,1906.8,5,27171.83,7092.88,0,0
2025-03-03,Shoes,Fashion,East,Store E,10,2663.84,10,23974.6,7853.81,0,0
2025-03-03,Coffee Maker,Home Appliances,North,Store B,4,4578.34,10,16482.02,2450.4,0,0
2025-03-03,Mixer Grinder,Home Appliances,North,Store A,2,3409.91,0,6819.83,2398.69,0,0
2025-03-04,Laptop,Electronics,East,Store C,6,53593.59,15,273327.3,57492.84,0,0
2025-03-04,Smartphone,Electronics,South,Store D,6,25242.04,15,128734.38,31920.73,0,0
2025-03-04,Headphones,Electronics,South,Store A,9,2563.92,5,21921.53,5159.04,0,0
2025-03-04,Office Chair,Furniture,South,Store A,11,7434.53,0,81779.79,30558.66,1,0
2025-03-04,Study Table,Furniture,West,Store B,3,12702.8,15,32392.15,9256.74,0,0
2025-03-04,T-Shirt,Fashion,West,Store C,8,806.18,20,5159.55,1036.42,0,0
2025-03-04,Jeans,Fashion,North,Store A,12,1838.31,5,20956.75,6597.42,0,0
2025-03-04,Shoes,Fashion,East,Store E,10,2379.02,0,23790.16,6393.41,0,0
2025-03-04,Coffee Maker,Home Appliances,South,Store A,11,4595.48,0,50550.27,18726.61,1,0
2025-03-04,Mixer Grinder,Home Appliances,East,Store B,13,3630.7,5,44839.2,10043.18,0,0
2025-03-05,Laptop,Electronics,North,Store A,7,56511.41,10,356021.86,83953.39,0,0
2025-03-05,Smartphone,Electronics,West,Store D,9,26272.54,15,200984.93,45784.29,0,0
2025-03-05,Headphones,Electronics,South,Store B,7,2554.95,10,16096.19,2831.18,1,0
2025-03-05,Office Chair,Furniture,North,Store D,6,7367.07,10,39782.16,7330.9,0,0
2025-03-05,Study Table,Furniture,West,Store B,7,11646.05,0,81522.33,28239.51,0,0
2025-03-05,T-Shirt,Fashion,East,Store E,10,856.81,5,8139.7,1958.72,1,0
2025-03-05,Jeans,Fashion,South,Store E,20,1920.11,5,36482.1,10177.4,0,0
2025-03-05,Shoes,Fashion,South,Store C,13,2578.98,10,30174.1,8776.89,1,0
2025-03-05,Coffee Maker,Home Appliances,North,Store B,4,4302.38,0,17209.5,4118.53,0,0
2025-03-05,Mixer Grinder,Home Appliances,East,Store C,9,3353.16,20,24142.73,2519.08,0,0
2025-03-06,Laptop,Electronics,West,Store A,10,57324.33,5,544581.12,158345.66,0,0
2025-03-06,Smartphone,Electronics,North,Store E,15,25785.31,0,386779.61,124677.61,0,0
2025-03-06,Headphones,Electronics,West,Store B,8,2698.73,0,21589.87,8185.56,0,0
2025-03-06,Office Chair,Furniture,West,Store E,1,7907.46,0,7907.46,3072.33,0,0
2025-03-06,Study Table,Furniture,East,Store C,9,12570.98,20,90511.07,18593.82,0,0
2025-03-06,T-Shirt,Fashion,East,Store C,8,761.46,0,6091.64,1121.44,0,0
2025-03-06,Jeans,Fashion,South,Store E,16,1720.75,10,24778.78,3591.04,1,0
2025-03-06,Shoes,Fashion,West,Store C,11,2577.6,10,25518.23,4893.73,0,0
2025-03-06,Coffee Maker,Home Appliances,North,Store A,5,4805.58,5,22826.51,8910.88,0,0
2025-03-06,Mixer Grinder,Home Appliances,West,Store E,9,3775.65,0,33980.87,12307.31,0,0
2025-03-07,Laptop,Electronics,North,Store B,12,52993.56,20,508738.16,-4867.06,0,0
2025-03-07,Smartphone,Electronics,East,Store C,13,25424.44,20,264414.18,58956.79,1,0
2025-03-07,Headphones,Electronics,North,Store E,7,2667.51,5,17738.95,4620.63,0,0
2025-03-07,Office Chair,Furniture,West,Store A,11,7552.32,0,83075.51,24845.44,1,0
2025-03-07,Study Table,Furniture,West,Store C,7,12613.18,10,79463.05,18271.16,0,0
2025-03-07,T-Shirt,Fashion,North,Store C,8,800.48,15,5443.3,715.22,0,0
2025-03-07,Jeans,Fashion,North,Store D,21,1771.52,0,37201.96,9075.22,1,0
2025-03-07,Shoes,Fashion,East,Store C,15,2395.97,0,35939.57,9647.64,0,0
2025-03-07,Coffee Maker,Home Appliances,East,Store D,4,4507.96,0,18031.85,6724.21,0,0
2025-03-07,Mixer Grinder,Home Appliances,East,Store E,6,3548.38,0,21290.31,7246.14,0,0
2025-03-08,Laptop,Electronics,West,Store E,13,52978.97,0,688726.55,213157.31,0,0
2025-03-08,Smartphone,Electronics,East,Store D,16,24637.61,10,354781.6,52205.14,0,0
2025-03-08,Headphones,Electronics,East,Store E,13,2465.03,5,30443.13,8829.8,0,0
2025-03-08,Office Chair,Furniture,East,Store D,15,7610.52,10,102741.97,21951.45,1,0
2025-03-08,Study Table,Furniture,West,Store A,8,12914.03,5,98146.64,29723.81,0,0
2025-03-08,T-Shirt,Fashion,West,Store B,18,778.63,10,12613.78,2934.67,1,0
2025-03-08,Jeans,Fashion,South,Store E,14,1855.58,0,25978.11,9043.35,0,0
2025-03-08,Shoes,Fashion,West,Store B,20,2518.81,5,47857.45,10966.7,0,0
2025-03-08,Coffee Maker,Home Appliances,North,Store D,14,4420.81,5,58796.82,11264.07,0,0
2025-03-08,Mixer Grinder,Home Appliances,West,Store D,5,3773.17,20,15092.7,2183.28,0,0
2025-03-09,Laptop,Electronics,East,Store A,12,55566.58,0,666798.99,237731.84,0,0
2025-03-09,Smartphone,Electronics,South,Store D,9,26342.57,0,237083.17,63625.93,0,0
2025-03-09,Headphones,Electronics,East,Store B,10,2553.0,0,25529.96,10316.36,0,0
2025-03-09,Office Chair,Furniture,South,Store E,8,7227.91,0,57823.3,16621.6,0,0
2025-03-09,Study Table,Furniture,North,Store B,6,12366.63,15,63069.79,16883.48,0,0
2025-03-09,T-Shirt,Fashion,North,Store D,16,844.33,10,12158.41,3597.72,0,0
2025-03-09,Jeans,Fashion,South,Store A,9,1797.3,10,14558.12,4078.67,0,0
2025-03-09,Shoes,Fashion,South,Store C,12,2667.61,10,28810.21,10744.27,1,0
2025-03-09,Coffee Maker,Home Appliances,East,Store E,8,4729.7,0,37837.64,15057.82,0,0
2025-03-09,Mixer Grinder,Home Appliances,North,Store D,10,3392.01,0,33920.05,8610.36,0,0
2025-03-10,Laptop,Electronics,East,Store D,7,57652.07,0,403564.52,133750.58,0,0
2025-03-10,Smartphone,Electronics,East,Store B,13,26717.83,5,329965.21,123066.29,1,0
2025-03-10,Headphones,Electronics,East,Store A,9,2463.06,0,22167.55,8567.22,0,0
2025-03-10,Office Chair,Furniture,West,Store E,7,7337.86,15,43660.24,9013.51,1,0
2025-03-10,Study Table,Furniture,North,Store C,7,11920.11,0,83440.8,30157.18,0,0
2025-03-10,T-Shirt,Fashion,West,Store A,14,806.62,5,10728.01,2708.71,0,0
2025-03-10,Jeans,Fashion,East,Store C,20,1829.18,0,36583.59,9388.42,1,0
2025-03-10,Shoes,Fashion,South,Store C,7,2649.16,0,18544.13,6546.41,0,0
2025-03-10,Coffee Maker,Home Appliances,West,Store C,6,4419.52,15,22539.53,4342.73,0,0
2025-03-10,Mixer Grinder,Home Appliances,North,Store A,5,3507.23,0,17536.13,6274.83,0,0
2025-03-11,Laptop,Electronics,East,Store B,9,57630.49,5,492740.65,110260.88,1,0
2025-03-11,Smartphone,Electronics,West,Store C,4,25263.37,15,85895.47,11624.49,0,0
2025-03-11,Headphones,Electronics,South,Store C,11,2570.81,10,25450.98,8677.79,1,0
2025-03-11,Office Chair,Furniture,South,Store B,12,7172.05,0,86064.6,16251.81,1,0
2025-03-11,Study Table,Furniture,East,Store C,10,12305.49,5,116902.17,28282.05,0,0
2025-03-11,T-Shirt,Fashion,West,Store B,10,759.76,0,7597.6,2019.37,0,0
2025-03-11,Jeans,Fashion,West,Store A,19,1798.57,0,34172.85,13223.54,1,0
2025-03-11,Shoes,Fashion,North,Store C,11,2575.11,10,25493.55,8828.62,0,0
2025-03-11,Coffee Maker,Home Appliances,East,Store E,5,4720.73,20,18882.92,2787.86,0,0
2025-03-11,Mixer Grinder,Home Appliances,East,Store D,12,3703.15,10,39994.07,12336.9,0,0
2025-03-12,Laptop,Electronics,North,Store A,11,55115.37,15,515328.74,64819.63,1,0
2025-03-12,Smartphone,Electronics,South,Store E,13,26520.92,5,327533.38,100070.62,1,0
2025-03-12,Headphones,Electronics,East,Store D,4,2427.98,0,9711.9,2251.3,1,0
2025-03-12,Office Chair,Furniture,North,Store C,7,7851.4,5,52211.81,14359.85,0,0
2025-03-12,Study Table,Furniture,West,Store C,8,12572.1,0,100576.83,35601.12,0,0
2025-03-12,T-Shirt,Fashion,North,Store D,16,759.28,0,12148.46,3417.25,1,0
2025-03-12,Jeans,Fashion,South,Store A,7,1919.8,0,13438.63,4187.25,0,0
2025-03-12,Shoes,Fashion,West,Store E,19,2480.91,0,47137.25,14548.65,1,0
2025-03-12,Coffee Maker,Home Appliances,South,Store C,9,4669.06,0,42021.51,11259.67,0,0
2025-03-12,Mixer Grinder,Home Appliances,North,Store A,8,3771.91,15,25648.99,7983.37,0,0
2025-03-13,Laptop,Electronics,East,Store B,14,57921.54,15,689266.36,164992.07,1,0
2025-03-13,Smartphone,Electronics,North,Store C,14,26865.83,0,376121.62,157155.35,1,0
2025-03-13,Headphones,Electronics,South,Store B,13,2670.39,10,31243.59,11222.28,1,0
2025-03-13,Office Chair,Furniture,West,Store B,7,7296.02,20,40857.71,7492.14,0,0
2025-03-13,Study Table,Furniture,South,Store C,8,11721.97,5,89087.0,14238.78,0,0
2025-03-13,T-Shirt,Fashion,South,Store D,13,799.13,0,10388.75,2482.35,0,0
2025-03-13,Jeans,Fashion,North,Store C,12,1791.81,5,20426.68,4928.26,1,0
2025-03-13,Shoes,Fashion,West,Store B,12,2434.75,5,27756.2,7344.73,0,0
2025-03-13,Coffee Maker,Home Appliances,West,Store D,6,4729.65,15,24121.22,3071.34,0,0
2025-03-13,Mixer Grinder,Home Appliances,East,Store B,13,3480.34,10,40720.01,9987.54,1,0
2025-03-14,Laptop,Electronics,East,Store A,13,58641.99,10,686111.32,233167.39,0,0
2025-03-14,Smartphone,Electronics,East,Store A,3,24190.39,20,58056.92,901.28,0,0
2025-03-14,Headphones,Electronics,West,Store D,12,2606.26,10,28147.59,6670.91,0,0
2025-03-14,Office Chair,Furniture,West,Store A,5,7390.93,0,36954.67,8984.16,0,0
2025-03-14,Study Table,Furniture,South,Store C,8,12012.01,5,91291.29,32584.24,0,0
2025-03-14,T-Shirt,Fashion,North,Store B,7,783.09,5,5207.54,1101.24,0,0
2025-03-14,Jeans,Fashion,East,Store A,6,1817.0,10,9811.82,1991.15,0,0
2025-03-14,Shoes,Fashion,North,Store D,11,2589.14,10,25632.45,6747.13,0,0
2025-03-14,Coffee Maker,Home Appliances,East,Store A,2,4411.39,0,8822.77,1803.37,0,0
2025-03-14,Mixer Grinder,Home Appliances,East,Store B,8,3661.25,5,27825.49,6008.2,0,0
2025-03-15,Laptop,Electronics,South,Store E,20,58573.25,10,1054318.55,251670.81,1,0
2025-03-15,Smartphone,Electronics,West,Store D,21,24949.27,0,523934.7,158353.68,1,0
2025-03-15,Headphones,Electronics,West,Store C,12,2396.7,0,28760.37,5778.81,0,0
2025-03-15,Office Chair,Furniture,West,Store E,3,8077.25,10,21808.58,5282.61,0,0
2025-03-15,Study Table,Furniture,South,Store C,10,12377.4,5,117585.34,42507.66,0,0
2025-03-15,T-Shirt,Fashion,North,Store B,14,779.53,20,8730.69,167.97,0,0
2025-03-15,Jeans,Fashion,East,Store A,13,1781.16,5,21997.27,5031.23,0,0
2025-03-15,Shoes,Fashion,North,Store B,10,2656.86,0,26568.62,10867.83,0,0
2025-03-15,Coffee Maker,Home Appliances,South,Store D,7,4438.04,5,29512.98,5260.15,0,0
2025-03-15,Mixer Grinder,Home Appliances,West,Store B,12,3514.78,15,35850.72,6624.35,1,0
2025-03-16,Laptop,Electronics,North,Store C,20,53681.7,10,966270.52,218620.22,1,0
2025-03-16,Smartphone,Electronics,East,Store A,16,25533.7,0,408539.21,107427.55,0,0
2025-03-16,Headphones,Electronics,East,Store E,7,2405.69,0,16839.83,3399.12,0,0
2025-03-16,Office Chair,Furniture,South,Store D,9,7298.64,5,62403.35,11727.22,0,0
2025-03-16,Study Table,Furniture,North,Store A,7,12772.31,10,80465.58,26942.47,0,0
2025-03-16,T-Shirt,Fashion,North,Store B,7,784.85,15,4669.88,1087.87,1,0
2025-03-16,Jeans,Fashion,North,Store D,12,1910.83,15,19490.42,6073.84,0,0
2025-03-16,Shoes,Fashion,North,Store C,8,2485.02,0,19880.13,7265.92,0,0
2025-03-16,Coffee Maker,Home Appliances,North,Store E,9,4553.95,0,40985.51,10106.71,0,0
2025-03-16,Mixer Grinder,Home Appliances,West,Store C,6,3372.49,0,20234.95,5619.31,0,0
2025-03-17,Laptop,Electronics,East,Store D,8,55879.99,20,357631.9,27193.92,0,0
2025-03-17,Smartphone,Electronics,North,Store A,11,26051.7,0,286568.67,83254.06,1,0
2025-03-17,Headphones,Electronics,East,Store B,14,2485.47,20,27837.3,2232.08,1,0
2025-03-17,Office Chair,Furniture,South,Store A,5,7958.99,10,35815.46,12682.61,0,0
2025-03-17,Study Table,Furniture,West,Store B,7,11961.0,15,71167.93,19021.44,0,0
2025-03-17,T-Shirt,Fashion,South,Store C,10,769.29,10,6923.58,868.95,0,0
2025-03-17,Jeans,Fashion,South,Store C,16,1812.14,5,27544.52,8735.46,1,0
2025-03-17,Shoes,Fashion,North,Store E,11,2686.62,10,26597.55,9187.78,0,0
2025-03-17,Coffee Maker,Home Appliances,East,Store B,7,4548.18,5,30245.43,10591.09,0,0
2025-03-17,Mixer Grinder,Home Appliances,South,Store C,7,3619.38,5,24068.87,7109.58,0,0
2025-03-18,Laptop,Electronics,West,Store A,10,56078.54,10,504706.85,151799.89,1,0
2025-03-18,Smartphone,Electronics,West,Store C,13,24922.78,10,291596.51,55991.68,1,0
2025-03-18,Headphones,Electronics,East,Store E,10,2378.97,5,22600.21,4009.41,0,0
2025-03-18,Office Chair,Furniture,North,Store D,6,7592.67,5,43278.21,8577.55,0,0
2025-03-18,Study Table,Furniture,South,Store A,7,12752.02,0,89264.12,36477.67,0,0
2025-03-18,T-Shirt,Fashion,West,Store E,10,796.69,15,6771.85,750.59,0,0
2025-03-18,Jeans,Fashion,East,Store A,17,1748.51,15,25265.97,2965.17,0,0
2025-03-18,Shoes,Fashion,East,Store A,11,2649.23,0,29141.54,10565.28,0,0
2025-03-18,Coffee Maker,Home Appliances,South,Store A,9,4560.59,0,41045.35,11034.31,0,0
2025-03-18,Mixer Grinder,Home Appliances,West,Store E,3,3631.9,0,10895.69,3483.91,0,0
2025-03-19,Laptop,Electronics,North,Store C,9,59301.03,0,533709.24,181963.06,1,0
2025-03-19,Smartphone,Electronics,West,Store A,6,25369.3,5,144605.02,48503.67,0,0
2025-03-19,Headphones,Electronics,East,Store D,9,2581.99,5,22075.99,5172.65,0,0
2025-03-19,Office Chair,Furniture,North,Store A,7,7620.75,10,48010.75,9610.38,0,0
2025-03-19,Study Table,Furniture,East,Store C,7,12539.83,10,79000.93,22955.87,1,0
2025-03-19,T-Shirt,Fashion,West,Store C,16,836.9,10,12051.42,2546.23,0,0
2025-03-19,Jeans,Fashion,West,Store C,13,1786.13,10,20897.77,3661.89,0,0
2025-03-19,Shoes,Fashion,West,Store A,13,2435.73,10,28498.06,8551.66,0,0
2025-03-19,Coffee Maker,Home Appliances,South,Store A,4,4700.12,15,15980.41,2687.17,0,0
2025-03-19,Mixer Grinder,Home Appliances,North,Store D,9,3363.44,0,30270.99,8783.99,0,0
2025-03-20,Laptop,Electronics,South,Store A,23,53664.21,0,1234276.81,379764.83,1,0
2025-03-20,Smartphone,Electronics,North,Store B,9,26748.35,10,216661.67,70472.3,0,0
2025-03-20,Headphones,Electronics,South,Store E,13,2572.33,0,33440.29,11481.06,0,0
2025-03-20,Office Chair,Furniture,East,Store E,4,7948.18,0,31792.73,8622.88,0,0
2025-03-20,Study Table,Furniture,South,Store D,7,11913.76,15,70886.9,8811.07,0,0
2025-03-20,T-Shirt,Fashion,South,Store B,10,770.76,5,7322.25,2311.27,0,0
2025-03-20,Jeans,Fashion,North,Store C,11,1831.45,5,19138.64,5163.92,0,0
2025-03-20,Shoes,Fashion,West,Store C,9,2696.49,0,24268.42,7580.46,0,0
2025-03-20,Coffee Maker,Home Appliances,North,Store E,13,4594.62,0,59730.0,14177.15,1,0
2025-03-20,Mixer Grinder,Home Appliances,North,Store B,8,3359.28,0,26874.27,7648.26,0,0
2025-03-21,Laptop,Electronics,East,Store D,13,58938.18,0,766196.35,239576.07,1,0
2025-03-21,Smartphone,Electronics,South,Store D,9,26937.54,10,218194.07,66168.38,0,0
2025-03-21,Headphones,Electronics,East,Store A,15,2567.03,10,34654.89,5454.97,1,0
2025-03-21,Office Chair,Furniture,East,Store D,5,8032.55,20,32130.22,5627.17,0,0
2025-03-21,Study Table,Furniture,North,Store A,8,11798.42,15,80229.28,13764.16,0,0
2025-03-21,T-Shirt,Fashion,South,Store B,11,810.07,10,8019.67,2409.19,0,0
2025-03-21,Jeans,Fashion,East,Store A,8,1830.02,0,14640.18,4789.82,0,0
2025-03-21,Shoes,Fashion,West,Store E,15,2380.7,20,28568.46,5470.79,1,0
2025-03-21,Coffee Maker,Home Appliances,South,Store C,10,4707.61,20,37660.88,8932.07,0,0
2025-03-21,Mixer Grinder,Home Appliances,North,Store C,7,3628.69,5,24130.78,5356.84,1,0
2025-03-22,Laptop,Electronics,North,Store C,14,53138.12,0,743933.66,256759.44,0,0
2025-03-22,Smartphone,Electronics,South,Store B,13,24661.98,0,320605.75,78269.27,1,0
2025-03-22,Headphones,Electronics,North,Store C,8,2429.3,10,17490.93,3806.37,0,0
2025-03-22,Office Chair,Furniture,North,Store A,7,8024.73,5,53364.45,12465.91,0,0
2025-03-22,Study Table,Furniture,South,Store C,10,11870.85,0,118708.51,29802.02,1,0
2025-03-22,T-Shirt,Fashion,North,Store C,15,762.69,5,10868.37,2234.39,0,0
2025-03-22,Jeans,Fashion,North,Store C,12,1842.93,10,19903.65,6586.22,1,0
2025-03-22,Shoes,Fashion,South,Store A,13,2606.6,0,33885.8,12859.71,1,0
2025-03-22,Coffee Maker,Home Appliances,East,Store E,7,4399.71,10,27718.2,3907.54,0,0
2025-03-22,Mixer Grinder,Home Appliances,East,Store C,13,3538.35,15,39098.81,6283.42,1,0
2025-03-23,Laptop,Electronics,South,Store D,9,53496.02,0,481464.2,150802.62,0,0
2025-03-23,Smartphone,Electronics,South,Store E,14,26138.48,10,329344.9,103732.48,1,0
2025-03-23,Headphones,Electronics,North,Store E,11,2424.17,0,26665.85,9109.69,1,0
2025-03-23,Office Chair,Furniture,South,Store C,5,7629.68,5,36240.98,9479.89,0,0
2025-03-23,Study Table,Furniture,South,Store D,2,12777.93,20,20444.69,3781.69,0,0
2025-03-23,T-Shirt,Fashion,East,Store C,15,859.1,0,12886.52,4872.23,0,0
2025-03-23,Jeans,Fashion,South,Store E,14,1844.21,15,21946.13,2950.52,0,0
2025-03-23,Shoes,Fashion,West,Store E,13,2499.01,10,29238.4,7749.21,0,0
2025-03-23,Coffee Maker,Home Appliances,South,Store B,11,4698.79,5,49102.31,18599.61,0,0
2025-03-23,Mixer Grinder,Home Appliances,East,Store D,7,3335.04,0,23345.31,6431.59,1,0
2025-03-24,Laptop,Electronics,West,Store E,8,55028.06,5,418213.24,140324.82,0,0
2025-03-24,Smartphone,Electronics,South,Store A,6,25463.79,15,129865.31,38409.66,0,0
2025-03-24,Headphones,Electronics,West,Store C,5,2481.14,10,11165.15,2877.26,0,0
2025-03-24,Office Chair,Furniture,East,Store A,10,7441.32,0,74413.23,19244.04,0,0
2025-03-24,Study Table,Furniture,South,Store B,7,11802.08,0,82614.55,26855.88,1,0
2025-03-24,T-Shirt,Fashion,East,Store C,9,829.1,10,6715.74,1823.22,0,0
2025-03-24,Jeans,Fashion,North,Store A,13,1938.18,15,21416.9,6569.57,1,0
2025-03-24,Shoes,Fashion,East,Store E,11,2402.01,20,21137.65,1262.58,0,0
2025-03-24,Coffee Maker,Home Appliances,North,Store E,12,4653.51,5,53049.97,12801.34,0,0
2025-03-24,Mixer Grinder,Home Appliances,South,Store C,10,3372.45,0,33724.5,10098.5,1,0
2025-03-25,Laptop,Electronics,North,Store A,15,58488.36,0,877325.46,272062.26,1,0
2025-03-25,Smartphone,Electronics,South,Store E,13,24504.89,10,286707.23,90081.44,0,0
2025-03-25,Headphones,Electronics,North,Store D,9,2440.94,5,20870.0,5822.55,1,0
2025-03-25,Office Chair,Furniture,West,Store C,13,7900.94,20,82169.73,7154.65,1,0
2025-03-25,Study Table,Furniture,East,Store D,4,11944.35,0,47777.42,18441.13,0,0
2025-03-25,T-Shirt,Fashion,North,Store E,8,811.63,15,5519.06,814.56,0,0
2025-03-25,Jeans,Fashion,West,Store A,5,1778.42,5,8447.48,1566.43,0,0
2025-03-25,Shoes,Fashion,North,Store E,19,2650.33,0,50356.18,21040.37,1,0
2025-03-25,Coffee Maker,Home Appliances,North,Store D,5,4623.6,0,23118.0,8716.36,0,0
2025-03-25,Mixer Grinder,Home Appliances,West,Store E,6,3760.17,0,22561.04,9615.93,1,0
2025-03-26,Laptop,Electronics,West,Store D,11,55955.79,10,553962.34,170277.75,0,0
2025-03-26,Smartphone,Electronics,North,Store B,13,24754.7,5,305720.56,63233.1,0,0
2025-03-26,Headphones,Electronics,West,Store E,9,2385.31,10,19321.02,5712.42,0,0
2025-03-26,Office Chair,Furniture,North,Store E,8,7524.85,5,57188.83,12854.05,0,0
2025-03-26,Study Table,Furniture,West,Store E,11,11735.16,20,103269.4,14198.06,0,0
2025-03-26,T-Shirt,Fashion,South,Store A,17,782.08,0,13295.29,4532.75,1,0
2025-03-26,Jeans,Fashion,West,Store B,8,1714.96,10,12347.71,1365.77,0,0
2025-03-26,Shoes,Fashion,East,Store A,13,2633.25,0,34232.31,14716.01,1,0
2025-03-26,Coffee Maker,Home Appliances,West,Store D,8,4452.4,0,35619.17,13348.85,0,0
2025-03-26,Mixer Grinder,Home Appliances,East,Store C,7,3419.08,5,22736.88,3902.22,0,0
2025-03-27,Laptop,Electronics,North,Store D,12,55804.75,0,669657.05,187529.99,1,0
2025-03-27,Smartphone,Electronics,North,Store C,10,25105.5,15,213396.73,18886.12,0,0
2025-03-27,Headphones,Electronics,East,Store E,10,2608.41,0,26084.1,9822.37,0,0
2025-03-27,Office Chair,Furniture,East,Store D,7,7957.66,0,55703.61,15350.86,0,0
2025-03-27,Study Table,Furniture,South,Store A,5,12907.07,20,51628.29,7129.67,0,0
2025-03-27,T-Shirt,Fashion,South,Store D,6,783.86,20,3762.52,42.38,0,0
2025-03-27,Jeans,Fashion,East,Store D,11,1888.18,0,20769.97,8188.48,0,0
2025-03-27,Shoes,Fashion,West,Store D,9,2624.61,0,23621.49,8420.09,0,0
2025-03-27,Coffee Maker,Home Appliances,North,Store C,6,4373.88,0,26243.31,6400.06,1,0
2025-03-27,Mixer Grinder,Home Appliances,West,Store C,10,3706.26,0,37062.61,10067.25,1,0
2025-03-28,Laptop,Electronics,West,Store D,9,59046.62,5,504848.57,143011.42,0,0
2025-03-28,Smartphone,Electronics,South,Store D,3,26610.74,0,79832.23,25492.45,0,0
2025-03-28,Headphones,Electronics,North,Store C,10,2486.0,5,23617.01,6546.84,1,0
2025-03-28,Office Chair,Furniture,South,Store B,6,7301.17,5,41616.69,13810.12,1,0
2025-03-28,Study Table,Furniture,East,Store D,12,11627.54,5,132553.94,45128.15,0,0
2025-03-28,T-Shirt,Fashion,East,Store B,11,785.71,0,8642.84,3274.34,0,0
2025-03-28,Jeans,Fashion,South,Store A,12,1903.52,15,19415.88,3089.57,0,0
2025-03-28,Shoes,Fashion,West,Store C,4,2587.53,15,8797.59,1034.93,0,0
2025-03-28,Coffee Maker,Home Appliances,West,Store C,2,4540.1,10,8172.18,1469.0,0,0
2025-03-28,Mixer Grinder,Home Appliances,West,Store B,8,3396.15,0,27169.21,7002.33,1,0
2025-03-29,Laptop,Electronics,West,Store C,16,53968.11,0,863489.68,331766.21,0,0
2025-03-29,Smartphone,Electronics,South,Store B,6,24927.73,0,149566.41,50979.28,0,0
2025-03-29,Headphones,Electronics,South,Store D,9,2629.57,5,22482.85,5118.0,0,0
2025-03-29,Office Chair,Furniture,North,Store D,7,7738.2,20,43333.91,8695.62,0,0
2025-03-29,Study Table,Furniture,North,Store D,9,12139.83,5,103795.51,27649.08,1,0
2025-03-29,T-Shirt,Fashion,West,Store E,14,825.03,15,9817.86,1556.92,0,0
2025-03-29,Jeans,Fashion,North,Store D,14,1876.87,20,21020.95,5318.64,0,0
2025-03-29,Shoes,Fashion,West,Store C,18,2519.28,20,36277.67,8637.98,1,0
2025-03-29,Coffee Maker,Home Appliances,East,Store B,16,4366.95,0,69871.18,20701.86,1,0
2025-03-29,Mixer Grinder,Home Appliances,South,Store E,10,3431.86,5,32602.65,5631.69,0,0
2025-03-30,Laptop,Electronics,North,Store C,9,52488.63,10,425157.87,84244.03,0,0
2025-03-30,Smartphone,Electronics,North,Store B,11,24737.86,0,272116.46,107004.86,0,0
2025-03-30,Headphones,Electronics,South,Store A,13,2542.63,5,31401.54,8711.23,0,0
2025-03-30,Office Chair,Furniture,West,Store E,7,7579.83,0,53058.8,13664.11,0,0
2025-03-30,Study Table,Furniture,East,Store C,11,12325.16,0,135576.78,54380.55,0,0
2025-03-30,T-Shirt,Fashion,South,Store E,19,768.39,5,13869.39,2786.73,0,0
2025-03-30,Jeans,Fashion,South,Store D,14,1754.92,0,24568.92,5457.19,0,0
2025-03-30,Shoes,Fashion,South,Store E,15,2572.77,0,38591.56,10390.47,0,0
2025-03-30,Coffee Maker,Home Appliances,West,Store C,5,4723.91,15,20076.61,2702.19,0,0
2025-03-30,Mixer Grinder,Home Appliances,East,Store A,8,3343.37,5,25409.59,7561.31,0,0
2025-03-31,Laptop,Electronics,West,Store D,5,52680.11,5,250230.52,83540.5,0,0
2025-03-31,Smartphone,Electronics,North,Store C,5,24331.48,10,109491.67,33001.92,0,0
2025-03-31,Headphones,Electronics,South,Store D,15,2535.27,0,38029.09,15173.63,1,0
2025-03-31,Office Chair,Furniture,West,Store A,8,7495.83,0,59966.66,14602.24,1,0
2025-03-31,Study Table,Furniture,West,Store C,6,11937.67,10,64463.39,9263.3,0,0
2025-03-31,T-Shirt,Fashion,West,Store C,18,854.33,15,13071.19,3860.86,1,0
2025-03-31,Jeans,Fashion,West,Store B,10,1851.44,10,16662.98,2880.78,0,0
2025-03-31,Shoes,Fashion,East,Store A,14,2386.5,20,26728.82,2435.36,0,0
2025-03-31,Coffee Maker,Home Appliances,North,Store B,10,4511.08,0,45110.79,14721.12,1,0
2025-03-31,Mixer Grinder,Home Appliances,East,Store B,6,3586.22,20,17213.86,4158.44,0,0
2025-04-01,Laptop,Electronics,West,Store D,14,54338.45,0,760738.35,256051.09,1,0
2025-04-01,Smartphone,Electronics,South,Store D,9,25594.38,5,218831.96,74643.31,1,0
2025-04-01,Headphones,Electronics,West,Store D,6,2438.58,5,13899.89,3740.92,1,0
2025-04-01,Office Chair,Furniture,East,Store A,8,7546.37,5,57352.42,11851.69,0,0
2025-04-01,Study Table,Furniture,West,Store B,10,12517.94,0,125179.43,52669.53,1,0
2025-04-01,T-Shirt,Fashion,West,Store A,12,856.12,5,9759.76,2345.04,0,0
2025-04-01,Jeans,Fashion,East,Store B,6,1787.56,15,9116.57,1489.37,0,0
2025-04-01,Shoes,Fashion,South,Store B,14,2458.62,15,29257.54,6131.37,1,0
2025-04-01,Coffee Maker,Home Appliances,South,Store E,10,4586.48,15,38985.09,11496.99,1,0
2025-04-01,Mixer Grinder,Home Appliances,South,Store D,7,3748.31,0,26238.19,8855.23,1,0
2025-04-02,Laptop,Electronics,West,Store C,10,52634.72,5,500029.85,154963.37,0,0
2025-04-02,Smartphone,Electronics,West,Store E,9,26290.6,10,212953.88,77675.11,0,0
2025-04-02,Headphones,Electronics,North,Store D,10,2517.98,0,25179.77,5964.89,0,0
2025-04-02,Office Chair,Furniture,West,Store D,8,7946.41,5,60392.68,20114.32,0,0
2025-04-02,Study Table,Furniture,East,Store E,9,11821.1,10,95750.91,19018.7,0,0
2025-04-02,T-Shirt,Fashion,North,Store E,12,762.8,0,9153.62,2908.92,1,0
2025-04-02,Jeans,Fashion,West,Store E,13,1713.92,20,17824.81,218.6,1,0
2025-04-02,Shoes,Fashion,West,Store A,7,2690.66,0,18834.64,5826.24,0,0
2025-04-02,Coffee Maker,Home Appliances,West,Store C,4,4499.84,5,17099.39,3416.79,0,0
2025-04-02,Mixer Grinder,Home Appliances,West,Store C,6,3368.91,15,17181.44,4257.8,1,0
2025-04-03,Laptop,Electronics,North,Store B,9,52601.12,5,449739.58,121736.89,0,0
2025-04-03,Smartphone,Electronics,South,Store C,6,25468.94,15,129891.57,14633.21,1,0
2025-04-03,Headphones,Electronics,East,Store A,14,2377.71,5,31623.57,10346.81,1,0
2025-04-03,Office Chair,Furniture,North,Store B,7,7672.89,10,48339.2,11623.85,0,0
2025-04-03,Study Table,Furniture,South,Store E,3,11990.92,15,30576.85,3375.93,0,0
2025-04-03,T-Shirt,Fashion,East,Store B,20,779.42,0,15588.47,3504.38,1,0
2025-04-03,Jeans,Fashion,North,Store D,11,1770.14,5,18498.01,6292.08,0,0
2025-04-03,Shoes,Fashion,South,Store B,15,2617.24,0,39258.64,16593.88,0,0
2025-04-03,Coffee Maker,Home Appliances,West,Store D,9,4720.39,0,42483.54,12306.46,0,0
2025-04-03,Mixer Grinder,Home Appliances,North,Store D,7,3621.63,0,25351.43,6626.28,0,0
2025-04-04,Laptop,Electronics,South,Store E,7,57366.61,15,341331.3,89261.93,0,0
2025-04-04,Smartphone,Electronics,West,Store C,14,26560.24,0,371843.33,140233.96,0,0
2025-04-04,Headphones,Electronics,East,Store B,6,2443.47,10,13194.73,2766.0,0,0
2025-04-04,Office Chair,Furniture,North,Store E,8,7325.79,15,49815.36,7242.21,1,0
2025-04-04,Study Table,Furniture,West,Store C,6,11974.07,10,64660.0,16131.54,0,0
2025-04-04,T-Shirt,Fashion,East,Store E,13,800.75,10,9368.81,2995.37,0,0
2025-04-04,Jeans,Fashion,North,Store D,17,1715.12,5,27699.2,6389.79,0,0
2025-04-04,Shoes,Fashion,South,Store A,11,2616.34,0,28779.74,10368.48,0,0
2025-04-04,Coffee Maker,Home Appliances,North,Store C,7,4843.6,15,28819.4,7254.72,0,0
2025-04-04,Mixer Grinder,Home Appliances,South,Store E,10,3425.83,0,34258.28,12288.65,0,0
2025-04-05,Laptop,Electronics,South,Store D,14,56454.14,20,632286.38,156424.23,0,0
2025-04-05,Smartphone,Electronics,East,Store D,7,26356.6,15,156821.8,38893.32,0,0
2025-04-05,Headphones,Electronics,East,Store E,9,2398.58,0,21587.25,4615.26,1,0
2025-04-05,Office Chair,Furniture,North,Store B,9,7803.19,0,70228.72,21752.67,0,0
2025-04-05,Study Table,Furniture,South,Store B,13,12942.76,10,151430.34,38591.18,0,0
2025-04-05,T-Shirt,Fashion,South,Store A,12,823.42,15,8398.84,2160.01,0,0
2025-04-05,Jeans,Fashion,West,Store A,10,1716.33,0,17163.33,4760.7,0,0
2025-04-05,Shoes,Fashion,West,Store B,16,2398.31,5,36454.29,11041.42,1,0
2025-04-05,Coffee Maker,Home Appliances,North,Store D,9,4403.65,10,35669.56,7448.74,0,0
2025-04-05,Mixer Grinder,Home Appliances,East,Store C,8,3337.3,5,25363.47,3829.92,0,0
2025-04-06,Laptop,Electronics,South,Store D,10,53111.54,15,451448.07,78890.88,0,0
2025-04-06,Smartphone,Electronics,West,Store B,9,24137.74,10,195515.67,25819.15,0,0
2025-04-06,Headphones,Electronics,East,Store B,13,2581.67,15,28527.49,4801.5,1,0
2025-04-06,Office Chair,Furniture,South,Store D,9,7544.1,20,54317.55,6871.06,0,0
2025-04-06,Study Table,Furniture,West,Store E,7,11688.03,15,69543.77,6008.82,0,0
2025-04-06,T-Shirt,Fashion,South,Store A,10,778.82,0,7788.21,1952.23,0,0
2025-04-06,Jeans,Fashion,East,Store A,18,1893.94,15,28977.32,9385.52,0,0
2025-04-06,Shoes,Fashion,West,Store D,15,2383.53,0,35752.91,11697.59,0,0
2025-04-06,Coffee Maker,Home Appliances,South,Store A,6,4735.65,0,28413.87,11002.51,0,0
2025-04-06,Mixer Grinder,Home Appliances,West,Store C,9,3765.17,10,30497.88,7658.04,1,0
2025-04-07,Laptop,Electronics,West,Store B,14,59181.33,0,828538.63,238172.56,0,0
2025-04-07,Smartphone,Electronics,East,Store B,21,24378.92,0,511957.26,166488.87,0,0
2025-04-07,Headphones,Electronics,East,Store A,10,2520.44,15,21423.73,3465.83,1,0
2025-04-07,Office Chair,Furniture,South,Store D,4,7150.87,10,25743.13,5319.73,1,0
2025-04-07,Study Table,Furniture,North,Store D,9,11776.17,15,90087.69,16071.41,1,0
2025-04-07,T-Shirt,Fashion,East,Store A,11,847.52,10,8390.42,2479.72,1,0
2025-04-07,Jeans,Fashion,East,Store A,12,1885.23,10,20360.46,6902.75,0,0
2025-04-07,Shoes,Fashion,East,Store A,8,2695.26,0,21562.07,9254.28,0,0
2025-04-07,Coffee Maker,Home Appliances,West,Store E,5,4686.71,15,19918.51,2596.18,0,0
2025-04-07,Mixer Grinder,Home Appliances,North,Store C,7,3682.74,5,24490.25,9225.37,0,0
2025-04-08,Laptop,Electronics,East,Store A,7,56748.18,5,377375.39,117200.95,0,0
2025-04-08,Smartphone,Electronics,North,Store B,10,25751.22,5,244636.6,76113.21,1,0
2025-04-08,Headphones,Electronics,East,Store E,8,2635.38,0,21083.05,8472.23,1,0
2025-04-08,Office Chair,Furniture,West,Store B,3,7173.7,10,19368.98,2313.69,0,0
2025-04-08,Study Table,Furniture,West,Store E,6,12705.41,0,76232.43,27451.4,0,0
2025-04-08,T-Shirt,Fashion,North,Store E,7,784.7,0,5492.92,1914.41,0,0
2025-04-08,Jeans,Fashion,South,Store B,9,1752.05,20,12614.77,315.83,0,0
2025-04-08,Shoes,Fashion,North,Store C,12,2632.67,5,30012.47,7642.76,0,0
2025-04-08,Coffee Maker,Home Appliances,East,Store B,8,4762.55,0,38100.38,16087.76,1,0
2025-04-08,Mixer Grinder,Home Appliances,North,Store A,12,3592.54,10,38799.43,8874.81,0,0
2025-04-09,Laptop,Electronics,East,Store C,8,56282.1,10,405231.13,123135.86,0,0
2025-04-09,Smartphone,Electronics,West,Store B,16,25012.01,10,360172.87,92660.63,0,0
2025-04-09,Headphones,Electronics,West,Store C,5,2434.39,0,12171.96,2566.98,0,0
2025-04-09,Office Chair,Furniture,East,Store C,10,7265.19,0,72651.85,21316.0,1,0
2025-04-09,Study Table,Furniture,West,Store E,8,11671.35,5,88702.27,27943.01,1,0
2025-04-09,T-Shirt,Fashion,North,Store A,12,769.27,0,9231.26,1788.38,0,0
2025-04-09,Jeans,Fashion,West,Store C,10,1895.05,5,18003.0,5593.92,1,0
2025-04-09,Shoes,Fashion,South,Store B,7,2418.6,0,16930.18,3290.11,0,0
2025-04-09,Coffee Maker,Home Appliances,South,Store E,5,4333.57,5,20584.44,3885.02,0,0
2025-04-09,Mixer Grinder,Home Appliances,North,Store B,10,3327.27,10,29945.43,5577.38,1,0
2025-04-10,Laptop,Electronics,West,Store E,10,58785.82,0,587858.25,238987.8,0,0
2025-04-10,Smartphone,Electronics,South,Store B,11,24642.64,0,271069.08,76141.13,0,0
2025-04-10,Headphones,Electronics,East,Store C,8,2471.67,0,19773.39,5301.9,0,0
2025-04-10,Office Chair,Furniture,North,Store D,4,7605.86,5,28902.28,7724.88,0,0
2025-04-10,Study Table,Furniture,West,Store C,4,11728.67,10,42223.22,5587.11,0,0
2025-04-10,T-Shirt,Fashion,South,Store A,16,775.63,5,11789.52,4052.77,1,0
2025-04-10,Jeans,Fashion,West,Store C,11,1798.45,0,19783.0,6824.23,0,0
2025-04-10,Shoes,Fashion,South,Store D,14,2437.48,5,32418.48,10265.56,1,0
2025-04-10,Coffee Maker,Home Appliances,West,Store B,5,4360.52,10,19622.32,2613.57,0,0
2025-04-10,Mixer Grinder,Home Appliances,East,Store B,7,3575.86,10,22527.91,5007.16,0,0
2025-04-11,Laptop,Electronics,West,Store E,10,58672.28,0,586722.83,178242.77,0,0
2025-04-11,Smartphone,Electronics,South,Store E,10,25627.89,20,205023.12,46385.2,1,0
2025-04-11,Headphones,Electronics,North,Store A,7,2533.14,20,14185.6,636.37,0,0
2025-04-11,Office Chair,Furniture,North,Store A,6,7279.91,15,37127.53,4909.54,0,0
2025-04-11,Study Table,Furniture,North,Store A,10,11699.66,10,105296.9,13188.16,0,0
2025-04-11,T-Shirt,Fashion,South,Store A,14,845.99,0,11843.82,4642.12,0,0
2025-04-11,Jeans,Fashion,South,Store C,9,1770.86,5,15140.82,3052.73,0,0
2025-04-11,Shoes,Fashion,West,Store B,7,2641.4,5,17565.3,4042.17,0,0
2025-04-11,Coffee Maker,Home Appliances,West,Store B,4,4697.95,5,17852.22,5195.95,0,0
2025-04-11,Mixer Grinder,Home Appliances,West,Store E,10,3602.58,0,36025.84,9732.56,0,0
2025-04-12,Laptop,Electronics,West,Store B,14,57789.23,15,687691.85,182929.88,0,0
2025-04-12,Smartphone,Electronics,East,Store E,7,23815.42,0,166707.93,32397.52,0,0
2025-04-12,Headphones,Electronics,East,Store A,11,2406.64,5,25149.41,5127.9,1,0
2025-04-12,Office Chair,Furniture,East,Store D,7,8075.89,10,50878.09,18913.21,0,0
2025-04-12,Study Table,Furniture,East,Store D,17,12660.52,0,215228.78,60339.23,1,0
2025-04-12,T-Shirt,Fashion,East,Store E,13,819.66,0,10655.54,3798.52,0,0
2025-04-12,Jeans,Fashion,South,Store B,9,1811.32,5,15486.81,5265.65,0,0
2025-04-12,Shoes,Fashion,East,Store C,8,2394.28,0,19154.2,5466.08,0,0
2025-04-12,Coffee Maker,Home Appliances,North,Store D,7,4851.56,0,33960.92,11730.67,1,0
2025-04-12,Mixer Grinder,Home Appliances,East,Store D,7,3493.87,0,24457.08,7590.69,0,0
2025-04-13,Laptop,Electronics,North,Store B,13,54145.83,15,598311.43,159116.33,1,0
2025-04-13,Smartphone,Electronics,West,Store D,10,25122.68,5,238665.44,61954.93,0,0
2025-04-13,Headphones,Electronics,South,Store E,17,2550.77,0,43363.03,14009.85,1,0
2025-04-13,Office Chair,Furniture,North,Store C,4,7295.28,0,29181.13,10389.53,0,0
2025-04-13,Study Table,Furniture,North,Store E,4,12039.48,0,48157.94,11888.1,0,0
2025-04-13,T-Shirt,Fashion,West,Store B,9,846.15,0,7615.31,2440.96,0,0
2025-04-13,Jeans,Fashion,South,Store A,23,1792.59,0,41229.62,12018.21,1,0
2025-04-13,Shoes,Fashion,North,Store B,7,2565.55,10,16162.97,4670.48,0,0
2025-04-13,Coffee Maker,Home Appliances,West,Store E,6,4545.88,0,27275.27,8781.77,0,0
2025-04-13,Mixer Grinder,Home Appliances,South,Store C,16,3486.34,0,55781.51,14319.64,0,0
2025-04-14,Laptop,Electronics,South,Store B,12,58388.33,10,630594.01,138083.43,1,0
2025-04-14,Smartphone,Electronics,East,Store B,14,25145.6,0,352038.37,106533.86,1,0
2025-04-14,Headphones,Electronics,South,Store B,5,2408.45,10,10838.04,2794.88,0,0
2025-04-14,Office Chair,Furniture,South,Store D,7,7185.71,5,47784.97,12834.78,0,0
2025-04-14,Study Table,Furniture,West,Store C,7,12657.79,20,70883.62,11418.32,0,0
2025-04-14,T-Shirt,Fashion,North,Store D,14,791.83,15,9422.78,2608.59,0,0
2025-04-14,Jeans,Fashion,South,Store E,8,1762.51,15,11985.06,2670.34,1,0
2025-04-14,Shoes,Fashion,North,Store B,15,2547.96,20,30575.55,5772.38,1,0
2025-04-14,Coffee Maker,Home Appliances,East,Store A,5,4313.56,15,18332.61,817.06,0,0
2025-04-14,Mixer Grinder,Home Appliances,East,Store A,7,3776.81,5,25115.75,8516.52,1,0
2025-04-15,Laptop,Electronics,South,Store B,8,54937.61,10,395550.77,52916.91,0,0
2025-04-15,Smartphone,Electronics,East,Store E,8,26379.51,0,211036.06,66809.47,0,0
2025-04-15,Headphones,Electronics,South,Store B,6,2606.4,0,15638.37,6236.4,0,0
2025-04-15,Office Chair,Furniture,South,Store B,4,7353.21,0,29412.85,7168.28,0,0
2025-04-15,Study Table,Furniture,South,Store E,4,11947.12,5,45399.05,12047.74,0,0
2025-04-15,T-Shirt,Fashion,West,Store C,10,849.01,15,7216.63,1937.94,0,0
2025-04-15,Jeans,Fashion,West,Store B,8,1775.08,5,13490.59,4018.59,0,0
2025-04-15,Shoes,Fashion,West,Store E,7,2609.15,5,17350.84,6516.98,0,0
2025-04-15,Coffee Maker,Home Appliances,South,Store D,9,4657.02,5,39817.51,8516.67,1,0
2025-04-15,Mixer Grinder,Home Appliances,West,Store B,6,3533.08,5,20138.57,5612.4,0,0
2025-04-16,Laptop,Electronics,East,Store E,8,52481.34,10,377865.66,92715.36,0,0
2025-04-16,Smartphone,Electronics,North,Store C,10,26609.51,0,266095.06,79027.34,0,0
2025-04-16,Headphones,Electronics,East,Store E,13,2497.14,5,30839.63,8446.29,1,0
2025-04-16,Office Chair,Furniture,South,Store E,15,8096.31,0,121444.63,50120.82,1,0
2025-04-16,Study Table,Furniture,East,Store A,5,11638.16,5,55281.26,14610.55,0,0
2025-04-16,T-Shirt,Fashion,East,Store D,6,776.86,5,4428.12,839.28,0,0
2025-04-16,Jeans,Fashion,West,Store E,7,1752.07,0,12264.5,4161.63,0,0
2025-04-16,Shoes,Fashion,South,Store B,16,2695.96,5,40978.62,15844.97,0,0
2025-04-16,Coffee Maker,Home Appliances,East,Store D,9,4751.36,5,40624.13,12400.74,0,0
2025-04-16,Mixer Grinder,Home Appliances,North,Store E,4,3426.36,5,13020.17,2661.86,0,0
2025-04-17,Laptop,Electronics,West,Store C,13,56736.38,10,663815.61,111714.14,0,0
2025-04-17,Smartphone,Electronics,East,Store E,13,26033.82,20,270751.74,34514.48,0,0
2025-04-17,Headphones,Electronics,South,Store D,7,2580.2,10,16255.25,4419.15,0,0
2025-04-17,Office Chair,Furniture,East,Store A,5,8039.23,5,38186.36,13783.22,0,0
2025-04-17,Study Table,Furniture,North,Store C,6,12179.13,20,58459.84,3753.14,0,0
2025-04-17,T-Shirt,Fashion,East,Store A,7,849.27,15,5053.14,740.39,0,0
2025-04-17,Jeans,Fashion,South,Store B,5,1855.24,0,9276.21,2771.52,0,0
2025-04-17,Shoes,Fashion,South,Store B,11,2656.31,5,27758.39,9528.62,1,0
2025-04-17,Coffee Maker,Home Appliances,North,Store A,7,4735.85,0,33150.97,10211.62,1,0
2025-04-17,Mixer Grinder,Home Appliances,East,Store D,7,3729.56,0,26106.89,9228.83,0,0
2025-04-18,Laptop,Electronics,North,Store A,9,55294.02,0,497646.15,134705.06,0,0
2025-04-18,Smartphone,Electronics,South,Store D,5,24823.35,10,111705.05,34583.36,0,0
2025-04-18,Headphones,Electronics,South,Store E,15,2414.33,0,36214.95,10015.66,0,0
2025-04-18,Office Chair,Furniture,East,Store A,2,7638.35,10,13749.02,4517.97,0,0
2025-04-18,Study Table,Furniture,South,Store E,5,11857.87,10,53360.4,16124.55,0,0
2025-04-18,T-Shirt,Fashion,East,Store A,12,832.59,10,8991.96,2435.38,0,0
2025-04-18,Jeans,Fashion,North,Store A,16,1854.67,10,26707.24,8075.56,0,0
2025-04-18,Shoes,Fashion,East,Store E,10,2642.5,5,25103.72,9665.02,0,0
2025-04-18,Coffee Maker,Home Appliances,North,Store A,4,4563.15,5,17339.97,4196.6,0,0
2025-04-18,Mixer Grinder,Home Appliances,West,Store A,8,3480.54,0,27844.33,10515.76,1,0
2025-04-19,Laptop,Electronics,East,Store A,16,58673.43,10,844897.46,260229.54,1,0
2025-04-19,Smartphone,Electronics,North,Store C,13,24894.94,15,275089.05,42595.39,0,0
2025-04-19,Headphones,Electronics,South,Store D,11,2471.34,20,21747.78,2899.17,0,0
2025-04-19,Office Chair,Furniture,West,Store B,7,7535.25,10,47472.09,15172.7,0,0
2025-04-19,Study Table,Furniture,East,Store E,10,12511.68,0,125116.83,34389.03,1,0
2025-04-19,T-Shirt,Fashion,South,Store A,7,787.51,0,5512.59,1516.36,0,0
2025-04-19,Jeans,Fashion,North,Store D,15,1833.9,5,26133.12,7706.42,1,0
2025-04-19,Shoes,Fashion,South,Store D,12,2394.8,0,28737.61,10442.26,0,0
2025-04-19,Coffee Maker,Home Appliances,South,Store C,10,4627.02,5,43956.68,10808.42,0,0
2025-04-19,Mixer Grinder,Home Appliances,North,Store D,11,3498.88,5,36563.3,8618.08,0,0
2025-04-20,Laptop,Electronics,West,Store C,11,54542.39,5,569967.98,164596.61,0,0
2025-04-20,Smartphone,Electronics,South,Store B,10,24300.91,20,194407.24,34653.5,0,0
2025-04-20,Headphones,Electronics,South,Store A,8,2398.35,10,17268.09,5008.53,0,0
2025-04-20,Office Chair,Furniture,West,Store C,11,7827.45,5,81796.83,22914.79,1,0
2025-04-20,Study Table,Furniture,North,Store D,6,11769.75,20,56494.79,5212.79,0,0
2025-04-20,T-Shirt,Fashion,East,Store E,18,842.12,20,12126.56,2357.99,0,0
2025-04-20,Jeans,Fashion,North,Store A,22,1928.04,10,38175.15,10291.18,1,0
2025-04-20,Shoes,Fashion,East,Store E,24,2432.82,10,52548.88,12103.44,1,0
2025-04-20,Coffee Maker,Home Appliances,East,Store D,3,4731.94,15,12066.43,1975.14,0,0
2025-04-20,Mixer Grinder,Home Appliances,East,Store B,5,3551.26,0,17756.3,6161.68,0,0
2025-04-21,Laptop,Electronics,East,Store E,10,56405.79,5,535854.98,110023.44,0,0
2025-04-21,Smartphone,Electronics,North,Store B,14,24667.34,0,345342.79,80121.22,1,0
2025-04-21,Headphones,Electronics,West,Store C,10,2625.1,20,21000.83,5890.62,0,0
2025-04-21,Office Chair,Furniture,South,Store D,5,7694.22,10,34623.99,10993.44,1,0
2025-04-21,Study Table,Furniture,South,Store C,10,12496.14,0,124961.36,47744.22,0,0
2025-04-21,T-Shirt,Fashion,South,Store E,12,821.01,5,9359.51,2148.33,0,0
2025-04-21,Jeans,Fashion,North,Store C,14,1770.52,0,24787.3,9012.44,1,0
2025-04-21,Shoes,Fashion,South,Store C,8,2415.33,20,15458.13,2597.51,1,0
2025-04-21,Coffee Maker,Home Appliances,East,Store A,13,4425.8,0,57535.39,16707.69,0,0
2025-04-21,Mixer Grinder,Home Appliances,West,Store E,9,3539.64,0,31856.78,9920.63,0,0
2025-04-22,Laptop,Electronics,East,Store E,8,55959.54,5,425292.52,147652.3,0,0
2025-04-22,Smartphone,Electronics,East,Store A,15,23825.91,0,357388.65,127849.78,1,0
2025-04-22,Headphones,Electronics,South,Store C,9,2656.24,20,19124.93,2075.19,0,0
2025-04-22,Office Chair,Furniture,North,Store B,7,7932.17,15,47196.38,14480.24,0,0
2025-04-22,Study Table,Furniture,North,Store C,5,12804.78,15,54420.31,11272.5,0,0
2025-04-22,T-Shirt,Fashion,South,Store B,13,791.48,15,8745.82,1255.79,1,0
2025-04-22,Jeans,Fashion,West,Store A,10,1831.58,0,18315.79,5695.25,0,0
2025-04-22,Shoes,Fashion,East,Store A,10,2529.26,20,20234.09,1040.67,0,0
2025-04-22,Coffee Maker,Home Appliances,East,Store E,8,4734.09,0,37872.68,13257.68,0,0
2025-04-22,Mixer Grinder,Home Appliances,South,Store E,9,3684.07,0,33156.67,9457.88,0,0
2025-04-23,Laptop,Electronics,North,Store A,10,56317.29,0,563172.93,200565.82,0,0
2025-04-23,Smartphone,Electronics,South,Store C,6,24211.85,5,138007.57,39045.74,1,0
2025-04-23,Headphones,Electronics,West,Store E,15,2384.91,10,32196.35,3056.88,1,0
2025-04-23,Office Chair,Furniture,South,Store B,4,7502.32,0,30009.29,11203.88,0,0
2025-04-23,Study Table,Furniture,North,Store B,10,12706.76,0,127067.58,43543.35,0,0
2025-04-23,T-Shirt,Fashion,West,Store D,5,852.66,10,3836.98,1209.67,0,0
2025-04-23,Jeans,Fashion,North,Store B,11,1863.39,5,19472.44,6629.77,0,0
2025-04-23,Shoes,Fashion,South,Store E,8,2399.22,0,19193.75,3769.44,0,0
2025-04-23,Coffee Maker,Home Appliances,North,Store B,7,4329.17,20,24243.37,2912.52,0,0
2025-04-23,Mixer Grinder,Home Appliances,East,Store B,9,3491.23,20,25136.83,3645.62,1,0
2025-04-24,Laptop,Electronics,East,Store C,7,52976.77,10,333753.63,37168.2,0,0
2025-04-24,Smartphone,Electronics,West,Store C,17,24061.79,5,388597.84,112621.96,1,0
2025-04-24,Headphones,Electronics,South,Store A,5,2528.95,0,12644.73,4952.87,0,0
2025-04-24,Office Chair,Furniture,North,Store A,3,7600.46,10,20521.23,6921.99,0,0
2025-04-24,Study Table,Furniture,South,Store C,5,11911.44,5,56579.36,11616.73,0,0
2025-04-24,T-Shirt,Fashion,South,Store E,11,859.7,0,9456.71,4038.22,0,0
2025-04-24,Jeans,Fashion,South,Store C,18,1913.79,10,31003.47,5817.99,0,0
2025-04-24,Shoes,Fashion,West,Store D,11,2472.42,0,27196.64,9544.57,0,0
2025-04-24,Coffee Maker,Home Appliances,West,Store D,2,4285.38,0,8570.76,2457.3,0,0
2025-04-24,Mixer Grinder,Home Appliances,South,Store A,4,3487.13,0,13948.54,4328.88,0,0
2025-04-25,Laptop,Electronics,East,Store C,12,59019.52,0,708234.29,213346.91,0,0
2025-04-25,Smartphone,Electronics,North,Store D,8,26238.23,0,209905.87,78918.79,1,0
2025-04-25,Headphones,Electronics,West,Store D,8,2661.63,0,21293.08,8460.68,0,0
2025-04-25,Office Chair,Furniture,North,Store B,7,7177.21,0,50240.5,15908.45,0,0
2025-04-25,Study Table,Furniture,West,Store B,6,11449.38,5,65261.49,13775.61,0,0
2025-04-25,T-Shirt,Fashion,North,Store D,7,796.78,5,5298.62,1580.27,0,0
2025-04-25,Jeans,Fashion,West,Store D,11,1879.27,0,20671.98,8702.3,0,0
2025-04-25,Shoes,Fashion,North,Store D,9,2510.87,10,20338.05,3046.48,0,0
2025-04-25,Coffee Maker,Home Appliances,East,Store B,6,4365.45,0,26192.7,6653.17,0,0
2025-04-25,Mixer Grinder,Home Appliances,North,Store D,5,3483.01,5,16544.29,4291.12,0,0
2025-04-26,Laptop,Electronics,South,Store C,13,58968.49,0,766590.4,311746.44,0,0
2025-04-26,Smartphone,Electronics,West,Store B,12,24220.46,0,290645.5,107758.15,0,0
2025-04-26,Headphones,Electronics,North,Store A,10,2653.36,0,26533.58,8057.82,0,0
2025-04-26,Office Chair,Furniture,South,Store B,5,7281.52,5,34587.24,10870.34,0,0
2025-04-26,Study Table,Furniture,South,Store E,5,11668.26,10,52507.19,7802.05,0,0
2025-04-26,T-Shirt,Fashion,North,Store A,9,862.36,0,7761.22,2960.11,0,0
2025-04-26,Jeans,Fashion,East,Store D,9,1741.19,0,15670.68,3838.27,0,0
2025-04-26,Shoes,Fashion,East,Store D,10,2483.31,0,24833.13,5947.75,0,0
2025-04-26,Coffee Maker,Home Appliances,North,Store B,11,4705.83,10,46587.72,13509.16,1,0
2025-04-26,Mixer Grinder,Home Appliances,North,Store B,8,3627.3,5,27567.47,7869.6,1,0
2025-04-27,Laptop,Electronics,South,Store A,7,58032.36,0,406226.53,135640.93,0,0
2025-04-27,Smartphone,Electronics,East,Store D,15,25104.81,0,376572.21,125380.19,0,0
2025-04-27,Headphones,Electronics,South,Store A,16,2382.81,15,32406.18,3614.8,0,0
2025-04-27,Office Chair,Furniture,West,Store E,8,7701.75,10,55452.6,10941.38,0,0
2025-04-27,Study Table,Furniture,West,Store B,5,12012.39,10,54055.76,8659.42,0,0
2025-04-27,T-Shirt,Fashion,East,Store E,8,838.3,0,6706.41,2049.66,0,0
2025-04-27,Jeans,Fashion,North,Store C,10,1836.79,10,16531.07,4364.63,0,0
2025-04-27,Shoes,Fashion,North,Store E,10,2512.7,0,25127.01,8087.17,0,0
2025-04-27,Coffee Maker,Home Appliances,West,Store A,8,4850.5,0,38804.0,16945.79,0,0
2025-04-27,Mixer Grinder,Home Appliances,West,Store D,9,3561.79,10,28850.53,8739.96,1,0
2025-04-28,Laptop,Electronics,South,Store B,6,52744.52,0,316467.13,93180.27,0,0
2025-04-28,Smartphone,Electronics,West,Store C,15,23776.52,0,356647.82,85219.86,1,0
2025-04-28,Headphones,Electronics,North,Store A,9,2593.56,10,21007.8,3826.49,1,0
2025-04-28,Office Chair,Furniture,East,Store C,5,7778.26,5,36946.73,12946.21,1,0
2025-04-28,Study Table,Furniture,North,Store D,8,12579.09,10,90569.44,27998.19,1,0
2025-04-28,T-Shirt,Fashion,West,Store E,10,855.82,5,8130.25,2634.92,0,0
2025-04-28,Jeans,Fashion,West,Store B,16,1835.72,0,29371.45,10092.85,0,0
2025-04-28,Shoes,Fashion,East,Store B,9,2442.44,0,21981.93,5243.2,0,0
2025-04-28,Coffee Maker,Home Appliances,East,Store E,8,4651.29,5,35349.82,13435.09,0,0
2025-04-28,Mixer Grinder,Home Appliances,North,Store E,11,3766.82,10,37291.54,12298.81,1,0
2025-04-29,Laptop,Electronics,East,Store B,5,53807.58,0,269037.89,97569.25,0,0
2025-04-29,Smartphone,Electronics,South,Store E,18,24203.64,0,435665.48,165621.52,1,0
2025-04-29,Headphones,Electronics,East,Store D,4,2388.34,0,9553.37,2276.16,0,0
2025-04-29,Office Chair,Furniture,South,Store A,12,7857.75,5,89578.32,24574.64,0,0
2025-04-29,Study Table,Furniture,East,Store C,4,12553.58,20,40171.45,11192.48,1,0
2025-04-29,T-Shirt,Fashion,East,Store E,13,803.96,20,8361.17,728.69,0,0
2025-04-29,Jeans,Fashion,East,Store B,15,1858.92,0,27883.78,8067.8,1,0
2025-04-29,Shoes,Fashion,East,Store B,12,2429.88,5,27700.59,8259.57,1,0
2025-04-29,Coffee Maker,Home Appliances,North,Store B,9,4587.65,15,35095.53,9398.94,0,0
2025-04-29,Mixer Grinder,Home Appliances,South,Store A,10,3707.91,5,35225.18,11077.74,0,0
2025-04-30,Laptop,Electronics,West,Store D,7,52606.18,5,349831.12,111955.16,0,0
2025-04-30,Smartphone,Electronics,North,Store E,12,23801.95,5,271342.27,51120.25,0,0
2025-04-30,Headphones,Electronics,North,Store C,7,2648.41,10,16685.01,5777.06,0,0
2025-04-30,Office Chair,Furniture,South,Store B,6,7844.45,15,40006.68,10231.51,0,0
2025-04-30,Study Table,Furniture,South,Store D,5,12486.83,10,56190.72,10239.98,0,0
2025-04-30,T-Shirt,Fashion,North,Store C,6,858.33,20,4119.99,536.41,0,0
2025-04-30,Jeans,Fashion,North,Store E,13,1813.72,20,18862.66,3505.73,1,0
2025-04-30,Shoes,Fashion,North,Store A,17,2532.53,10,38747.69,8776.99,0,0
2025-04-30,Coffee Maker,Home Appliances,West,Store B,6,4613.3,10,24911.8,6473.51,0,0
2025-04-30,Mixer Grinder,Home Appliances,South,Store C,6,3582.16,0,21492.95,7479.96,0,0
2025-05-01,Laptop,Electronics,South,Store E,8,55099.72,0,440797.79,97832.39,1,0
2025-05-01,Smartphone,Electronics,South,Store E,7,26298.49,0,184089.42,77724.39,0,0
2025-05-01,Headphones,Electronics,North,Store A,18,2509.75,5,42916.79,13704.53,1,0
2025-05-01,Office Chair,Furniture,West,Store A,6,7162.24,0,42973.43,9760.4,0,0
2025-05-01,Study Table,Furniture,West,Store D,6,12682.47,10,68485.35,15344.0,0,0
2025-05-01,T-Shirt,Fashion,South,Store D,5,844.68,10,3801.06,1150.58,0,0
2025-05-01,Jeans,Fashion,East,Store E,11,1727.99,0,19007.93,4335.1,1,0
2025-05-01,Shoes,Fashion,East,Store D,11,2534.42,0,27878.61,7125.19,0,0
2025-05-01,Coffee Maker,Home Appliances,West,Store C,4,4635.12,0,18540.47,5556.99,0,0
2025-05-01,Mixer Grinder,Home Appliances,East,Store C,12,3332.13,10,35986.99,9365.95,1,0
2025-05-02,Laptop,Electronics,North,Store D,11,52998.05,10,524680.66,155588.26,0,0
2025-05-02,Smartphone,Electronics,South,Store A,11,24944.82,0,274393.04,107591.11,1,0
2025-05-02,Headphones,Electronics,East,Store C,13,2463.75,0,32028.75,7622.84,0,0
2025-05-02,Office Chair,Furniture,North,Store D,7,7597.33,5,50522.26,13170.0,0,0
2025-05-02,Study Table,Furniture,South,Store B,8,11969.14,0,95753.09,31109.76,1,0
2025-05-02,T-Shirt,Fashion,West,Store C,15,781.65,10,10552.28,2233.16,1,0
2025-05-02,Jeans,Fashion,West,Store A,12,1777.74,15,18132.92,3999.81,0,0
2025-05-02,Shoes,Fashion,North,Store C,6,2534.91,0,15209.43,4559.48,0,0
2025-05-02,Coffee Maker,Home Appliances,West,Store E,4,4639.46,5,17629.95,3879.67,0,0
2025-05-02,Mixer Grinder,Home Appliances,North,Store C,9,3672.64,10,29748.4,10251.48,0,0
2025-05-03,Laptop,Electronics,East,Store A,8,56342.13,5,428200.22,135848.59,0,0
2025-05-03,Smartphone,Electronics,West,Store B,12,26666.07,0,319992.81,128418.85,0,0
2025-05-03,Headphones,Electronics,North,Store E,14,2679.05,15,31880.75,6134.83,0,0
2025-05-03,Office Chair,Furniture,West,Store C,4,7515.98,15,25554.35,6295.18,0,0
2025-05-03,Study Table,Furniture,South,Store C,4,11536.46,5,43838.56,11556.7,0,0
2025-05-03,T-Shirt,Fashion,West,Store E,9,762.61,0,6863.53,1436.07,0,0
2025-05-03,Jeans,Fashion,North,Store A,15,1796.57,10,24253.76,3444.37,0,0
2025-05-03,Shoes,Fashion,East,Store E,11,2536.51,0,27901.56,6798.52,0,0
2025-05-03,Coffee Maker,Home Appliances,East,Store E,11,4356.17,0,47917.89,12478.16,0,0
2025-05-03,Mixer Grinder,Home Appliances,East,Store E,6,3640.18,0,21841.05,7826.07,1,0
2025-05-04,Laptop,Electronics,South,Store D,9,56685.76,5,484663.24,118450.14,0,0
2025-05-04,Smartphone,Electronics,East,Store C,15,25439.17,0,381587.53,110348.6,0,0
2025-05-04,Headphones,Electronics,South,Store D,6,2418.02,20,11606.49,1745.37,0,0
2025-05-04,Office Chair,Furniture,West,Store E,9,7227.27,0,65045.42,19063.55,0,0
2025-05-04,Study Table,Furniture,North,Store B,7,11876.54,20,66508.6,13340.25,0,0
2025-05-04,T-Shirt,Fashion,South,Store D,11,771.26,5,8059.66,2155.57,0,0
2025-05-04,Jeans,Fashion,South,Store C,17,1759.3,0,29908.13,6635.46,0,0
2025-05-04,Shoes,Fashion,West,Store D,19,2589.55,10,44281.35,10299.34,1,0
2025-05-04,Coffee Maker,Home Appliances,North,Store A,10,4329.42,15,36800.04,6999.59,0,0
2025-05-04,Mixer Grinder,Home Appliances,West,Store D,12,3355.8,15,34229.11,8911.45,0,0
2025-05-05,Laptop,Electronics,South,Store D,10,58833.94,0,588339.37,161457.07,0,0
2025-05-05,Smartphone,Electronics,North,Store E,12,26456.68,0,317480.14,86832.14,1,0
2025-05-05,Headphones,Electronics,South,Store B,13,2513.76,0,32678.84,7980.21,0,0
2025-05-05,Office Chair,Furniture,North,Store D,2,7569.29,0,15138.58,3668.46,0,0
2025-05-05,Study Table,Furniture,South,Store E,4,11737.82,0,46951.29,14938.18,0,0
2025-05-05,T-Shirt,Fashion,East,Store D,13,786.35,10,9200.26,1483.65,0,0
2025-05-05,Jeans,Fashion,West,Store C,15,1843.68,5,26272.4,8112.89,0,0
2025-05-05,Shoes,Fashion,South,Store D,8,2416.43,10,17398.28,4322.6,0,0
2025-05-05,Coffee Maker,Home Appliances,West,Store C,9,4729.83,0,42568.45,16688.42,1,0
2025-05-05,Mixer Grinder,Home Appliances,South,Store D,7,3612.81,15,21496.23,4935.68,0,0
2025-05-06,Laptop,Electronics,West,Store A,12,54087.72,0,649052.61,177739.42,1,0
2025-05-06,Smartphone,Electronics,East,Store C,9,26272.61,10,212808.16,64421.24,0,0
2025-05-06,Headphones,Electronics,East,Store B,9,2383.22,0,21449.02,4255.09,0,0
2025-05-06,Office Chair,Furniture,West,Store D,5,7632.31,10,34345.38,5783.46,0,0
2025-05-06,Study Table,Furniture,West,Store E,6,12548.59,5,71526.99,16216.26,1,0
2025-05-06,T-Shirt,Fashion,South,Store B,14,809.1,5,10761.05,2036.88,0,0
2025-05-06,Jeans,Fashion,South,Store E,12,1712.61,5,19523.74,6147.89,1,0
2025-05-06,Shoes,Fashion,West,Store B,11,2567.51,0,28242.57,8972.74,0,0
2025-05-06,Coffee Maker,Home Appliances,South,Store E,4,4650.98,10,16743.54,4265.77,1,0
2025-05-06,Mixer Grinder,Home Appliances,South,Store D,6,3557.89,5,20279.96,5178.95,0,0
2025-05-07,Laptop,Electronics,West,Store D,12,58653.16,10,633454.15,151401.56,1,0
2025-05-07,Smartphone,Electronics,South,Store D,7,24422.13,20,136763.94,21161.53,1,0
2025-05-07,Headphones,Electronics,West,Store C,6,2690.8,10,14530.34,3202.68,0,0
2025-05-07,Office Chair,Furniture,North,Store A,13,7736.86,0,100579.12,25622.62,1,0
2025-05-07,Study Table,Furniture,North,Store B,5,12619.02,0,63095.08,26786.06,0,0
2025-05-07,T-Shirt,Fashion,East,Store C,13,767.26,10,8976.92,2526.43,1,0
2025-05-07,Jeans,Fashion,West,Store A,13,1932.66,0,25124.54,7513.22,0,0
2025-05-07,Shoes,Fashion,West,Store D,6,2625.5,5,14965.34,5171.24,0,0
2025-05-07,Coffee Maker,Home Appliances,West,Store B,2,4631.67,20,7410.68,1863.74,0,0
2025-05-07,Mixer Grinder,Home Appliances,East,Store B,12,3473.27,10,37511.35,9777.92,1,0
2025-05-08,Laptop,Electronics,South,Store C,7,59083.1,0,413581.69,174935.33,0,0
2025-05-08,Smartphone,Electronics,East,Store B,17,25494.09,5,411729.51,82150.74,1,0
2025-05-08,Headphones,Electronics,West,Store C,11,2687.69,0,29564.63,8391.91,1,0
2025-05-08,Office Chair,Furniture,East,Store B,7,7771.76,0,54402.31,16747.83,1,0
2025-05-08,Study Table,Furniture,West,Store A,7,11843.89,0,82907.21,26686.73,0,0
2025-05-08,T-Shirt,Fashion,West,Store C,14,817.02,0,11438.26,3229.92,1,0
2025-05-08,Jeans,Fashion,East,Store A,14,1780.62,0,24928.73,8440.57,0,0
2025-05-08,Shoes,Fashion,South,Store D,10,2535.36,5,24085.91,8907.78,0,0
2025-05-08,Coffee Maker,Home Appliances,South,Store C,5,4818.73,15,20479.59,3578.72,0,0
2025-05-08,Mixer Grinder,Home Appliances,West,Store D,3,3441.33,15,8775.4,2376.57,0,0
2025-05-09,Laptop,Electronics,East,Store D,9,57862.77,5,494726.68,115151.17,1,0
2025-05-09,Smartphone,Electronics,South,Store C,10,24030.37,20,192242.98,7460.8,1,0
2025-05-09,Headphones,Electronics,East,Store A,11,2449.23,5,25594.45,6730.82,0,0
2025-05-09,Office Chair,Furniture,East,Store D,8,7156.45,10,51526.42,5475.24,0,0
2025-05-09,Study Table,Furniture,North,Store A,7,11637.99,5,77392.65,18105.61,0,0
2025-05-09,T-Shirt,Fashion,North,Store D,19,824.69,5,14885.59,5050.84,1,0
2025-05-09,Jeans,Fashion,South,Store C,12,1731.12,15,17657.42,1284.43,1,0
2025-05-09,Shoes,Fashion,North,Store E,12,2385.35,20,22899.33,1107.45,0,0
2025-05-09,Coffee Maker,Home Appliances,South,Store C,11,4494.05,5,46962.77,11025.11,1,0
2025-05-09,Mixer Grinder,Home Appliances,West,Store B,6,3615.17,10,19521.9,3946.83,0,0
2025-05-10,Laptop,Electronics,West,Store D,12,56115.54,0,673386.54,231725.81,0,0
2025-05-10,Smartphone,Electronics,West,Store A,10,26178.39,5,248694.67,84303.45,0,0
2025-05-10,Headphones,Electronics,South,Store C,13,2400.22,5,29642.69,7773.62,1,0
2025-05-10,Office Chair,Furniture,North,Store E,5,7490.31,10,33706.38,4764.71,0,0
2025-05-10,Study Table,Furniture,South,Store E,15,11953.95,10,161378.33,25346.49,0,0
2025-05-10,T-Shirt,Fashion,East,Store B,16,838.23,0,13411.63,3905.67,0,0
2025-05-10,Jeans,Fashion,East,Store A,9,1865.85,0,16792.63,6305.44,0,0
2025-05-10,Shoes,Fashion,West,Store D,8,2574.96,10,18539.68,5740.22,0,0
2025-05-10,Coffee Maker,Home Appliances,North,Store D,5,4767.49,0,23837.43,8656.45,0,0
2025-05-10,Mixer Grinder,Home Appliances,East,Store D,8,3362.68,5,25556.39,6788.12,0,0
2025-05-11,Laptop,Electronics,West,Store D,3,58860.68,10,158923.83,51851.32,0,0
2025-05-11,Smartphone,Electronics,North,Store A,11,26322.27,20,231636.01,66475.52,0,0
2025-05-11,Headphones,Electronics,East,Store C,6,2596.65,10,14021.92,2657.72,0,0
2025-05-11,Office Chair,Furniture,East,Store E,9,7700.39,20,55442.8,9810.63,1,0
2025-05-11,Study Table,Furniture,East,Store C,9,12151.77,15,92961.0,18076.02,1,0
2025-05-11,T-Shirt,Fashion,North,Store A,10,824.47,10,7420.22,2140.28,0,0
2025-05-11,Jeans,Fashion,West,Store D,14,1906.21,0,26686.98,9897.55,0,0
2025-05-11,Shoes,Fashion,East,Store E,11,2395.47,5,25032.66,7437.05,0,0
2025-05-11,Coffee Maker,Home Appliances,South,Store B,7,4545.51,5,30227.65,10556.98,0,0
2025-05-11,Mixer Grinder,Home Appliances,North,Store E,5,3454.61,10,15545.75,3511.29,0,0
2025-05-12,Laptop,Electronics,East,Store D,18,55006.0,10,891097.12,187879.48,1,0
2025-05-12,Smartphone,Electronics,South,Store E,15,24373.52,20,292482.19,43896.44,0,0
2025-05-12,Headphones,Electronics,East,Store A,8,2672.13,0,21377.02,7136.31,0,0
2025-05-12,Office Chair,Furniture,South,Store A,8,7850.42,15,53382.86,11184.5,0,0
2025-05-12,Study Table,Furniture,North,Store B,6,12022.69,5,68529.35,14648.31,0,0
2025-05-12,T-Shirt,Fashion,West,Store C,5,812.89,15,3454.77,552.92,0,0
2025-05-12,Jeans,Fashion,West,Store A,14,1753.84,5,23326.14,7510.98,0,0
2025-05-12,Shoes,Fashion,North,Store B,15,2451.12,10,33090.14,8420.36,1,0
2025-05-12,Coffee Maker,Home Appliances,West,Store D,7,4591.68,0,32141.76,10780.59,1,0
2025-05-12,Mixer Grinder,Home Appliances,North,Store B,4,3578.6,0,14314.41,4159.3,0,0
2025-05-13,Laptop,Electronics,South,Store C,6,54128.78,20,259818.17,24197.29,0,0
2025-05-13,Smartphone,Electronics,West,Store E,10,26339.62,0,263396.2,90288.5,0,0
2025-05-13,Headphones,Electronics,East,Store D,9,2507.47,0,22567.25,7947.3,1,0
2025-05-13,Office Chair,Furniture,North,Store B,10,7657.3,0,76572.98,20290.69,0,0
2025-05-13,Study Table,Furniture,North,Store E,3,11714.82,5,33387.23,5995.38,0,0
2025-05-13,T-Shirt,Fashion,East,Store E,8,860.96,5,6543.28,2268.57,0,0
2025-05-13,Jeans,Fashion,East,Store E,10,1838.19,15,15624.58,3314.33,0,0
2025-05-13,Shoes,Fashion,West,Store E,10,2572.97,20,20583.74,4715.23,0,0
2025-05-13,Coffee Maker,Home Appliances,North,Store B,4,4351.19,5,16534.53,5237.23,0,0
2025-05-13,Mixer Grinder,Home Appliances,North,Store A,6,3698.66,0,22191.97,7218.47,0,0
2025-05-14,Laptop,Electronics,South,Store B,15,53043.67,5,755872.36,141503.78,0,0
2025-05-14,Smartphone,Electronics,South,Store C,11,25111.18,10,248600.64,67605.65,0,0
2025-05-14,Headphones,Electronics,West,Store C,8,2454.12,0,19632.94,7342.14,0,0
2025-05-14,Office Chair,Furniture,North,Store E,3,7168.04,0,21504.11,6201.48,1,0
2025-05-14,Study Table,Furniture,South,Store C,6,12782.92,5,72862.62,28075.37,0,0
2025-05-14,T-Shirt,Fashion,South,Store E,11,861.36,10,8527.44,2987.96,0,0
2025-05-14,Jeans,Fashion,West,Store E,14,1774.64,5,23602.65,6175.38,1,0
2025-05-14,Shoes,Fashion,South,Store A,13,2490.87,20,25905.04,1944.36,0,0
2025-05-14,Coffee Maker,Home Appliances,North,Store E,8,4601.85,15,31292.6,7280.54,0,0
2025-05-14,Mixer Grinder,Home Appliances,West,Store B,10,3691.7,20,29533.61,6445.56,1,0
2025-05-15,Laptop,Electronics,South,Store E,14,55938.89,20,626515.53,132919.43,1,0
2025-05-15,Smartphone,Electronics,North,Store C,10,26205.53,0,262055.26,76332.44,0,0
2025-05-15,Headphones,Electronics,West,Store D,15,2401.07,15,30613.67,3669.12,0,0
2025-05-15,Office Chair,Furniture,West,Store A,6,7676.89,5,43758.3,9255.32,0,0
2025-05-15,Study Table,Furniture,South,Store C,13,12024.88,5,148507.23,50111.01,1,0
2025-05-15,T-Shirt,Fashion,North,Store A,11,760.63,15,7111.85,509.61,1,0
2025-05-15,Jeans,Fashion,North,Store E,7,1712.1,0,11984.73,3447.28,0,0
2025-05-15,Shoes,Fashion,North,Store B,11,2415.5,0,26570.5,7018.65,0,0
2025-05-15,Coffee Maker,Home Appliances,East,Store C,4,4740.93,10,17067.36,4242.13,0,0
2025-05-15,Mixer Grinder,Home Appliances,North,Store B,7,3418.47,0,23929.31,7399.3,0,0
2025-05-16,Laptop,Electronics,South,Store D,7,57599.95,5,383039.68,140208.47,0,0
2025-05-16,Smartphone,Electronics,North,Store A,12,25704.39,15,262184.81,77284.63,1,0
2025-05-16,Headphones,Electronics,South,Store A,5,2614.89,20,10459.55,871.87,0,0
2025-05-16,Office Chair,Furniture,North,Store B,6,7743.14,0,46458.82,19357.83,0,0
2025-05-16,Study Table,Furniture,North,Store A,9,12567.01,5,107447.9,39899.36,0,0
2025-05-16,T-Shirt,Fashion,South,Store A,12,772.56,5,8807.19,2005.81,0,0
2025-05-16,Jeans,Fashion,West,Store B,14,1862.96,5,24777.33,6656.64,0,0
2025-05-16,Shoes,Fashion,East,Store D,8,2540.62,0,20324.93,6522.01,0,0
2025-05-16,Coffee Maker,Home Appliances,North,Store D,7,4383.36,10,27615.19,8172.52,0,0
2025-05-16,Mixer Grinder,Home Appliances,West,Store E,11,3671.55,0,40387.07,15375.34,1,0
2025-05-17,Laptop,Electronics,East,Store B,9,57130.89,10,462760.2,156523.19,1,0
2025-05-17,Smartphone,Electronics,West,Store D,9,24223.02,0,218007.18,51959.9,0,0
2025-05-17,Headphones,Electronics,North,Store E,10,2380.0,10,21419.99,2332.83,0,0
2025-05-17,Office Chair,Furniture,North,Store D,8,7842.59,0,62740.69,25645.95,0,0
2025-05-17,Study Table,Furniture,West,Store C,9,11743.93,10,95125.85,19966.04,0,0
2025-05-17,T-Shirt,Fashion,West,Store B,23,809.61,0,18620.92,7353.61,1,0
2025-05-17,Jeans,Fashion,South,Store E,17,1815.93,0,30870.73,8489.73,0,0
2025-05-17,Shoes,Fashion,East,Store D,17,2513.33,15,36317.62,7014.58,0,0
2025-05-17,Coffee Maker,Home Appliances,West,Store E,5,4657.58,10,20959.11,5311.98,0,0
2025-05-17,Mixer Grinder,Home Appliances,North,Store C,12,3419.27,10,36928.15,4795.56,0,0
2025-05-18,Laptop,Electronics,West,Store A,17,58107.51,10,889044.84,311470.55,1,0
2025-05-18,Smartphone,Electronics,North,Store D,12,26248.23,5,299229.77,93544.67,0,0
2025-05-18,Headphones,Electronics,South,Store E,17,2538.48,10,38838.72,7129.66,1,0
2025-05-18,Office Chair,Furniture,West,Store C,16,7396.76,10,106513.34,30159.32,0,0
2025-05-18,Study Table,Furniture,West,Store B,8,12855.69,5,97703.26,29088.71,0,0
2025-05-18,T-Shirt,Fashion,North,Store D,12,814.35,0,9772.25,2598.05,0,0
2025-05-18,Jeans,Fashion,South,Store B,10,1803.17,10,16228.51,3890.6,0,0
2025-05-18,Shoes,Fashion,North,Store E,14,2410.02,0,33740.24,10691.62,0,0
2025-05-18,Coffee Maker,Home Appliances,North,Store D,15,4501.73,15,57397.1,6719.53,1,0
2025-05-18,Mixer Grinder,Home Appliances,North,Store A,13,3654.25,10,42754.68,12262.06,1,0
2025-05-19,Laptop,Electronics,East,Store A,7,59106.85,10,372373.17,73300.87,0,0
2025-05-19,Smartphone,Electronics,East,Store A,7,24173.38,20,135370.93,2820.74,1,0
2025-05-19,Headphones,Electronics,West,Store B,14,2452.64,0,34336.91,8900.32,1,0
2025-05-19,Office Chair,Furniture,South,Store C,16,7509.7,5,114147.39,30595.62,1,0
2025-05-19,Study Table,Furniture,West,Store B,6,12229.18,5,69706.31,20736.83,0,0
2025-05-19,T-Shirt,Fashion,West,Store D,15,799.6,0,11994.03,3085.74,1,0
2025-05-19,Jeans,Fashion,West,Store B,13,1747.08,0,22712.03,6406.94,1,0
2025-05-19,Shoes,Fashion,South,Store C,13,2662.27,0,34609.56,11444.85,0,0
2025-05-19,Coffee Maker,Home Appliances,West,Store C,2,4609.98,0,9219.96,2311.6,0,0
2025-05-19,Mixer Grinder,Home Appliances,East,Store A,5,3777.84,15,16055.8,2826.6,0,0
2025-05-20,Laptop,Electronics,North,Store A,12,55503.13,10,599433.84,125713.96,0,0
2025-05-20,Smartphone,Electronics,West,Store A,11,24789.81,15,231784.72,51875.05,0,0
2025-05-20,Headphones,Electronics,North,Store D,11,2400.82,10,23768.08,3752.86,0,0
2025-05-20,Office Chair,Furniture,East,Store A,6,7697.15,10,41564.63,7199.24,0,0
2025-05-20,Study Table,Furniture,West,Store E,9,12746.29,5,108980.76,36491.74,1,0
2025-05-20,T-Shirt,Fashion,North,Store A,11,842.26,15,7875.15,2154.62,0,0
2025-05-20,Jeans,Fashion,South,Store D,7,1850.16,0,12951.15,3533.72,0,0
2025-05-20,Shoes,Fashion,West,Store A,13,2425.14,0,31526.81,11945.58,0,0
2025-05-20,Coffee Maker,Home Appliances,East,Store E,6,4392.11,20,21082.12,4313.71,0,0
2025-05-20,Mixer Grinder,Home Appliances,North,Store D,3,3402.79,0,10208.36,3491.48,0,0
2025-05-21,Laptop,Electronics,East,Store A,14,55401.25,0,775617.51,249855.14,1,0
2025-05-21,Smartphone,Electronics,North,Store D,10,23873.33,0,238733.29,87691.38,0,0
2025-05-21,Headphones,Electronics,East,Store C,7,2514.88,15,14963.54,2086.03,0,0
2025-05-21,Office Chair,Furniture,West,Store E,10,7540.42,0,75404.21,20098.91,0,0
2025-05-21,Study Table,Furniture,South,Store A,4,12612.27,10,45404.15,15925.6,0,0
2025-05-21,T-Shirt,Fashion,South,Store B,7,813.25,10,5123.44,782.36,0,0
2025-05-21,Jeans,Fashion,North,Store D,8,1867.75,20,11953.61,2919.91,1,0
2025-05-21,Shoes,Fashion,West,Store A,17,2691.59,10,41181.27,10294.41,1,0
2025-05-21,Coffee Maker,Home Appliances,South,Store A,11,4734.84,0,52083.29,21811.81,1,0
2025-05-21,Mixer Grinder,Home Appliances,East,Store E,8,3760.37,10,27074.7,6351.57,0,0
2025-05-22,Laptop,Electronics,West,Store A,9,54524.42,10,441647.8,72219.83,0,0
2025-05-22,Smartphone,Electronics,East,Store B,6,23865.87,0,143195.21,41560.29,0,0
2025-05-22,Headphones,Electronics,West,Store C,9,2649.02,20,19072.97,3457.37,0,0
2025-05-22,Office Chair,Furniture,South,Store B,4,7835.15,5,29773.57,9142.08,0,0
2025-05-22,Study Table,Furniture,North,Store C,9,11463.74,10,92856.3,19285.82,0,0
2025-05-22,T-Shirt,Fashion,North,Store A,10,796.69,5,7568.55,1539.94,0,0
2025-05-22,Jeans,Fashion,East,Store B,16,1744.05,0,27904.78,6761.41,0,0
2025-05-22,Shoes,Fashion,North,Store A,19,2583.69,5,46635.67,10555.89,0,0
2025-05-22,Coffee Maker,Home Appliances,East,Store B,4,4521.24,5,17180.69,4211.97,0,0
2025-05-22,Mixer Grinder,Home Appliances,West,Store C,3,3437.5,5,9796.86,2683.4,0,0
2025-05-23,Laptop,Electronics,North,Store A,6,58731.2,0,352387.21,109676.64,0,0
2025-05-23,Smartphone,Electronics,West,Store E,9,26699.75,10,216268.0,73975.94,0,0
2025-05-23,Headphones,Electronics,East,Store A,9,2672.13,0,24049.19,7685.53,1,0
2025-05-23,Office Chair,Furniture,South,Store D,5,7930.83,10,35688.73,6971.01,0,0
2025-05-23,Study Table,Furniture,South,Store C,6,11594.77,5,66090.16,18247.21,0,0
2025-05-23,T-Shirt,Fashion,East,Store D,9,862.13,5,7371.23,2896.74,0,0
2025-05-23,Jeans,Fashion,East,Store D,15,1840.9,5,26232.87,9625.22,1,0
2025-05-23,Shoes,Fashion,North,Store C,10,2619.05,5,24880.99,5709.8,0,0
2025-05-23,Coffee Maker,Home Appliances,North,Store C,1,4322.7,10,3890.43,874.38,0,0
2025-05-23,Mixer Grinder,Home Appliances,North,Store B,2,3776.82,0,7553.64,3256.46,1,0
2025-05-24,Laptop,Electronics,South,Store C,8,53075.99,0,424607.95,159228.76,0,0
2025-05-24,Smartphone,Electronics,West,Store E,6,24480.56,10,132195.05,27563.61,0,0
2025-05-24,Headphones,Electronics,North,Store E,11,2520.11,0,27721.16,8038.75,0,0
2025-05-24,Office Chair,Furniture,North,Store A,12,7503.22,15,76532.89,9405.75,0,0
2025-05-24,Study Table,Furniture,South,Store C,14,12839.41,10,161776.56,45978.45,1,0
2025-05-24,T-Shirt,Fashion,North,Store B,13,821.39,5,10144.17,3849.98,0,0
2025-05-24,Jeans,Fashion,West,Store E,8,1863.67,10,13418.41,3887.55,0,0
2025-05-24,Shoes,Fashion,South,Store A,16,2571.55,0,41144.77,10929.91,0,0
2025-05-24,Coffee Maker,Home Appliances,South,Store A,8,4605.47,0,36843.76,10700.36,0,0
2025-05-24,Mixer Grinder,Home Appliances,East,Store B,6,3538.81,10,19109.58,5873.1,0,0
2025-05-25,Laptop,Electronics,East,Store C,10,56569.48,0,565694.81,184486.38,0,0
2025-05-25,Smartphone,Electronics,West,Store C,5,26375.67,5,125284.44,44752.87,0,0
2025-05-25,Headphones,Electronics,North,Store D,14,2482.3,0,34752.2,12514.17,0,0
2025-05-25,Office Chair,Furniture,North,Store E,6,7984.31,5,45510.58,15124.81,0,0
2025-05-25,Study Table,Furniture,North,Store E,8,12505.71,20,80036.52,9123.4,0,0
2025-05-25,T-Shirt,Fashion,West,Store B,17,766.21,0,13025.58,3419.04,1,0
2025-05-25,Jeans,Fashion,East,Store B,18,1751.16,5,29944.87,7123.51,1,0
2025-05-25,Shoes,Fashion,West,Store C,8,2572.37,5,19549.99,4241.26,0,0
2025-05-25,Coffee Maker,Home Appliances,South,Store B,7,4285.16,5,28496.31,7939.75,0,0
2025-05-25,Mixer Grinder,Home Appliances,East,Store A,13,3591.24,0,46686.07,11481.17,0,0
2025-05-26,Laptop,Electronics,East,Store C,9,56760.01,0,510840.05,196081.55,0,0
2025-05-26,Smartphone,Electronics,East,Store A,16,24222.06,0,387552.95,139171.85,1,0
2025-05-26,Headphones,Electronics,South,Store A,9,2660.11,10,21546.92,4159.73,0,0
2025-05-26,Office Chair,Furniture,East,Store C,9,7614.48,5,65103.79,15637.5,1,0
2025-05-26,Study Table,Furniture,West,Store B,10,11733.96,0,117339.57,41730.67,0,0
2025-05-26,T-Shirt,Fashion,North,Store D,9,815.35,0,7338.19,2798.98,0,0
2025-05-26,Jeans,Fashion,East,Store A,10,1806.96,0,18069.61,4401.91,0,0
2025-05-26,Shoes,Fashion,North,Store E,11,2663.26,0,29295.89,11466.06,0,0
2025-05-26,Coffee Maker,Home Appliances,South,Store D,10,4812.58,0,48125.78,14918.24,0,0
2025-05-26,Mixer Grinder,Home Appliances,West,Store A,4,3464.89,5,13166.6,2644.43,0,0
2025-05-27,Laptop,Electronics,West,Store B,11,54009.86,10,534697.62,113540.81,0,0
2025-05-27,Smartphone,Electronics,West,Store D,7,24167.72,5,160715.36,44377.74,0,0
2025-05-27,Headphones,Electronics,East,Store A,10,2571.57,5,24429.92,9173.41,0,0
2025-05-27,Office Chair,Furniture,West,Store C,11,7573.0,0,83302.95,24245.14,0,0
2025-05-27,Study Table,Furniture,East,Store A,9,12858.54,0,115726.86,42108.64,0,0
2025-05-27,T-Shirt,Fashion,North,Store C,8,859.38,5,6531.28,2350.37,1,0
2025-05-27,Jeans,Fashion,South,Store E,14,1876.11,10,23638.98,4179.43,0,0
2025-05-27,Shoes,Fashion,West,Store D,9,2379.3,5,20343.01,6228.71,0,0
2025-05-27,Coffee Maker,Home Appliances,North,Store D,12,4275.98,15,43615.0,7839.1,1,0
2025-05-27,Mixer Grinder,Home Appliances,North,Store E,3,3659.47,15,9331.66,1980.08,0,0
2025-05-28,Laptop,Electronics,East,Store B,15,55274.61,15,704751.31,125675.51,1,0
2025-05-28,Smartphone,Electronics,West,Store C,9,25615.88,5,219015.78,76079.62,0,0
2025-05-28,Headphones,Electronics,West,Store D,9,2391.28,0,21521.51,7476.8,0,0
2025-05-28,Office Chair,Furniture,North,Store B,6,7377.51,0,44265.06,15187.67,0,0
2025-05-28,Study Table,Furniture,East,Store D,3,12733.87,0,38201.62,15210.66,0,0
2025-05-28,T-Shirt,Fashion,South,Store A,15,807.63,15,10297.27,1416.74,0,0
2025-05-28,Jeans,Fashion,West,Store B,9,1738.5,0,15646.49,4068.92,1,0
2025-05-28,Shoes,Fashion,East,Store A,14,2696.73,5,35866.49,13665.87,0,0
2025-05-28,Coffee Maker,Home Appliances,North,Store D,9,4684.55,10,37944.89,12829.53,0,0
2025-05-28,Mixer Grinder,Home Appliances,East,Store E,10,3423.68,5,32524.94,8492.44,1,0
2025-05-29,Laptop,Electronics,West,Store A,7,52578.95,0,368052.65,85436.48,0,0
2025-05-29,Smartphone,Electronics,South,Store E,7,25812.55,0,180687.87,74317.61,0,0
2025-05-29,Headphones,Electronics,East,Store B,7,2506.02,5,16665.04,5272.5,0,0
2025-05-29,Office Chair,Furniture,East,Store A,7,7673.37,0,53713.56,15276.35,0,0
2025-05-29,Study Table,Furniture,South,Store C,1,12436.4,5,11814.58,3940.56,0,0
2025-05-29,T-Shirt,Fashion,West,Store A,21,825.71,0,17339.85,6297.3,1,0
2025-05-29,Jeans,Fashion,South,Store B,12,1937.56,10,20925.66,7870.82,0,0
2025-05-29,Shoes,Fashion,North,Store B,10,2572.06,10,23148.57,4264.9,0,0
2025-05-29,Coffee Maker,Home Appliances,East,Store A,5,4392.56,10,19766.5,2896.97,0,0
2025-05-29,Mixer Grinder,Home Appliances,North,Store C,11,3526.51,0,38791.6,10735.86,0,0
2025-05-30,Laptop,Electronics,East,Store D,6,56859.08,15,289981.32,56013.04,0,0
2025-05-30,Smartphone,Electronics,North,Store C,11,24687.66,10,244407.79,38047.78,1,0
2025-05-30,Headphones,Electronics,South,Store E,1,2567.68,5,2439.29,910.72,0,0
2025-05-30,Office Chair,Furniture,South,Store C,9,7932.01,15,60679.84,12012.91,0,0
2025-05-30,Study Table,Furniture,East,Store A,7,12878.94,0,90152.58,29337.94,0,0
2025-05-30,T-Shirt,Fashion,West,Store A,7,848.64,15,5049.42,1686.68,0,0
2025-05-30,Jeans,Fashion,East,Store E,11,1711.51,20,15061.29,2239.23,0,0
2025-05-30,Shoes,Fashion,West,Store A,12,2603.79,5,29683.16,10906.57,0,0
2025-05-30,Coffee Maker,Home Appliances,South,Store E,11,4593.31,20,40421.11,1891.18,1,0
2025-05-30,Mixer Grinder,Home Appliances,North,Store C,8,3406.66,15,23165.28,4225.35,0,0
2025-05-31,Laptop,Electronics,South,Store E,16,52621.02,5,799839.52,168740.92,1,0
2025-05-31,Smartphone,Electronics,North,Store B,13,25916.47,5,320068.34,66714.19,1,0
2025-05-31,Headphones,Electronics,West,Store E,8,2525.39,0,20203.13,6576.22,0,0
2025-05-31,Office Chair,Furniture,East,Store A,9,7421.33,0,66791.98,15730.95,0,0
2025-05-31,Study Table,Furniture,East,Store B,8,11936.2,15,81166.16,9797.33,0,0
2025-05-31,T-Shirt,Fashion,South,Store B,17,837.12,10,12807.99,2773.32,0,0
2025-05-31,Jeans,Fashion,East,Store A,16,1827.32,0,29237.1,9980.98,1,0
2025-05-31,Shoes,Fashion,West,Store C,12,2446.86,10,26426.06,4576.75,0,0
2025-05-31,Coffee Maker,Home Appliances,West,Store D,12,4762.69,15,48579.45,14933.07,0,0
2025-05-31,Mixer Grinder,Home Appliances,North,Store D,3,3663.57,15,9342.12,1301.78,0,0
2025-06-01,Laptop,Electronics,South,Store A,17,56206.67,0,955513.34,357985.97,0,0
2025-06-01,Smartphone,Electronics,West,Store E,14,24873.07,5,330811.81,105988.28,0,0
2025-06-01,Headphones,Electronics,East,Store A,7,2681.09,10,16890.87,5649.51,0,0
2025-06-01,Office Chair,Furniture,North,Store E,9,7196.72,10,58293.44,10036.84,0,0
2025-06-01,Study Table,Furniture,West,Store B,5,11675.03,0,58375.16,13003.27,0,0
2025-06-01,T-Shirt,Fashion,South,Store A,16,767.25,0,12276.0,3280.43,0,0
2025-06-01,Jeans,Fashion,North,Store D,13,1864.26,10,21811.85,5818.09,0,0
2025-06-01,Shoes,Fashion,South,Store B,18,2612.7,0,47028.6,19459.27,0,0
2025-06-01,Coffee Maker,Home Appliances,West,Store C,5,4569.94,0,22849.72,9261.97,0,0
2025-06-01,Mixer Grinder,Home Appliances,South,Store A,10,3369.96,5,32014.65,10131.44,0,0
2025-06-02,Laptop,Electronics,North,Store D,12,57863.79,10,624928.98,121461.92,0,0
2025-06-02,Smartphone,Electronics,South,Store E,7,26319.94,5,175027.61,66092.7,0,0
2025-06-02,Headphones,Electronics,West,Store D,8,2422.28,15,16471.52,972.23,0,0
2025-06-02,Office Chair,Furniture,South,Store D,6,7416.33,5,42273.07,11218.17,0,0
2025-06-02,Study Table,Furniture,South,Store A,4,11859.03,0,47436.13,15054.23,0,0
2025-06-02,T-Shirt,Fashion,North,Store B,8,848.07,20,5427.67,1115.85,0,0
2025-06-02,Jeans,Fashion,South,Store B,8,1852.66,0,14821.25,4011.02,0,0
2025-06-02,Shoes,Fashion,South,Store D,13,2651.49,0,34469.36,10026.48,0,0
2025-06-02,Coffee Maker,Home Appliances,East,Store B,7,4793.43,5,31876.29,11824.4,0,0
2025-06-02,Mixer Grinder,Home Appliances,West,Store E,7,3663.94,5,24365.17,8740.1,1,0
2025-06-03,Laptop,Electronics,South,Store A,8,57398.22,0,459185.74,165750.58,0,0
2025-06-03,Smartphone,Electronics,North,Store A,9,23993.29,0,215939.63,63034.38,0,0
2025-06-03,Headphones,Electronics,West,Store D,12,2576.28,10,27823.79,8186.87,1,0
2025-06-03,Office Chair,Furniture,East,Store B,4,7750.57,10,27902.07,7055.17,0,0
2025-06-03,Study Table,Furniture,North,Store D,7,12780.87,15,76046.21,12978.03,1,0
2025-06-03,T-Shirt,Fashion,East,Store D,9,802.34,15,6137.88,1109.88,0,0
2025-06-03,Jeans,Fashion,North,Store D,11,1736.68,5,18148.32,3691.01,0,0
2025-06-03,Shoes,Fashion,South,Store B,12,2547.27,5,29038.87,5898.27,0,0
2025-06-03,Coffee Maker,Home Appliances,South,Store B,8,4568.43,0,36547.48,11512.39,1,0
2025-06-03,Mixer Grinder,Home Appliances,West,Store E,9,3484.33,5,29790.99,10814.52,0,0
2025-06-04,Laptop,Electronics,West,Store D,8,58692.89,20,375634.5,69968.67,0,0
2025-06-04,Smartphone,Electronics,East,Store A,8,26037.46,10,187469.71,46796.91,1,0
2025-06-04,Headphones,Electronics,West,Store C,11,2570.53,0,28275.78,9391.63,0,0
2025-06-04,Office Chair,Furniture,North,Store B,3,7798.0,5,22224.31,5431.78,0,0
2025-06-04,Study Table,Furniture,East,Store A,6,12674.08,20,60835.59,9506.29,1,0
2025-06-04,T-Shirt,Fashion,West,Store C,16,821.74,15,11175.71,2283.83,1,0
2025-06-04,Jeans,Fashion,East,Store E,13,1751.21,0,22765.72,7867.08,0,0
2025-06-04,Shoes,Fashion,West,Store E,24,2468.38,5,56279.15,12148.48,1,0
2025-06-04,Coffee Maker,Home Appliances,South,Store C,10,4286.84,10,38581.52,11440.9,1,0
2025-06-04,Mixer Grinder,Home Appliances,East,Store A,5,3416.14,15,14518.57,1155.5,0,0
2025-06-05,Laptop,Electronics,East,Store C,4,58494.67,5,222279.73,83113.99,0,0
2025-06-05,Smartphone,Electronics,East,Store B,12,25394.69,0,304736.24,117545.07,0,0
2025-06-05,Headphones,Electronics,North,Store A,16,2481.3,10,35730.67,11275.87,1,0
2025-06-05,Office Chair,Furniture,West,Store C,12,7478.51,5,85255.07,25124.53,1,0
2025-06-05,Study Table,Furniture,South,Store A,5,12539.18,15,53291.5,13984.53,0,0
2025-06-05,T-Shirt,Fashion,East,Store E,14,792.34,10,9983.51,3023.65,0,0
2025-06-05,Jeans,Fashion,West,Store B,11,1863.31,15,17421.95,2653.03,1,0
2025-06-05,Shoes,Fashion,South,Store D,17,2602.84,0,44248.33,14597.51,0,0
2025-06-05,Coffee Maker,Home Appliances,West,Store B,8,4457.19,5,33874.65,9933.27,0,0
2025-06-05,Mixer Grinder,Home Appliances,East,Store E,7,3343.66,5,22235.34,4740.25,0,0
2025-06-06,Laptop,Electronics,South,Store B,10,53656.21,5,509734.03,117592.49,1,0
2025-06-06,Smartphone,Electronics,East,Store C,7,25954.49,0,181681.45,52274.56,0,0
2025-06-06,Headphones,Electronics,South,Store D,6,2569.38,20,12333.05,2007.37,0,0
2025-06-06,Office Chair,Furniture,North,Store D,10,7758.73,10,69828.61,22146.6,1,0
2025-06-06,Study Table,Furniture,South,Store C,6,11882.23,10,64164.02,17762.17,0,0
2025-06-06,T-Shirt,Fashion,South,Store A,8,861.39,15,5857.46,1483.82,0,0
2025-06-06,Jeans,Fashion,South,Store B,5,1900.87,5,9029.15,3142.83,0,0
2025-06-06,Shoes,Fashion,North,Store B,9,2483.15,0,22348.33,6498.39,0,0
2025-06-06,Coffee Maker,Home Appliances,East,Store E,3,4692.39,10,12669.46,4137.71,0,0
2025-06-06,Mixer Grinder,Home Appliances,West,Store E,10,3335.53,10,30019.73,5761.88,0,0
2025-06-07,Laptop,Electronics,East,Store D,9,56391.29,0,507521.6,131632.24,0,0
2025-06-07,Smartphone,Electronics,North,Store B,10,26126.19,5,248198.76,86470.4,0,0
2025-06-07,Headphones,Electronics,East,Store A,12,2469.47,15,25188.55,3133.32,0,0
2025-06-07,Office Chair,Furniture,East,Store D,10,7374.21,5,70054.96,14633.61,0,0
2025-06-07,Study Table,Furniture,North,Store B,3,12801.07,5,36483.04,10100.46,0,0
2025-06-07,T-Shirt,Fashion,East,Store D,5,834.66,5,3964.64,948.63,0,0
2025-06-07,Jeans,Fashion,South,Store C,11,1836.0,10,18176.42,3308.73,0,0
2025-06-07,Shoes,Fashion,North,Store C,10,2395.3,5,22755.33,3279.15,0,0
2025-06-07,Coffee Maker,Home Appliances,South,Store A,6,4593.36,15,23426.11,5566.41,0,0
2025-06-07,Mixer Grinder,Home Appliances,South,Store E,2,3687.47,0,7374.94,2924.04,0,0
2025-06-08,Laptop,Electronics,East,Store C,10,54328.46,10,488956.15,107909.38,0,0
2025-06-08,Smartphone,Electronics,West,Store A,9,23833.55,0,214501.95,64404.96,0,0
2025-06-08,Headphones,Electronics,East,Store B,23,2544.42,0,58521.7,19354.73,1,0
2025-06-08,Office Chair,Furniture,North,Store C,8,7299.0,5,55472.44,10613.95,0,0
2025-06-08,Study Table,Furniture,East,Store D,13,11668.22,0,151686.87,35068.41,1,0
2025-06-08,T-Shirt,Fashion,North,Store A,22,778.41,5,16268.73,2908.13,1,0
2025-06-08,Jeans,Fashion,East,Store E,7,1794.77,0,12563.38,4127.57,0,0
2025-06-08,Shoes,Fashion,West,Store B,25,2447.07,10,55059.09,7961.28,1,0
2025-06-08,Coffee Maker,Home Appliances,North,Store B,9,4635.76,20,33377.47,8012.72,0,0
2025-06-08,Mixer Grinder,Home Appliances,East,Store A,11,3675.45,0,40429.93,16211.88,0,0
2025-06-09,Laptop,Electronics,West,Store D,12,55834.32,10,603010.63,148739.3,0,0
2025-06-09,Smartphone,Electronics,West,Store E,4,25536.02,5,97036.89,26387.93,0,0
2025-06-09,Headphones,Electronics,South,Store C,7,2608.1,15,15518.2,3782.59,0,0
2025-06-09,Office Chair,Furniture,North,Store E,7,7273.89,0,50917.24,13443.7,1,0
2025-06-09,Study Table,Furniture,North,Store C,8,11753.87,15,79926.33,9802.87,0,0
2025-06-09,T-Shirt,Fashion,West,Store B,12,789.85,5,9004.33,2271.47,0,0
2025-06-09,Jeans,Fashion,South,Store B,10,1884.26,0,18842.63,6261.4,0,0
2025-06-09,Shoes,Fashion,West,Store A,13,2397.14,10,28046.55,4852.68,0,0
2025-06-09,Coffee Maker,Home Appliances,East,Store D,3,4402.61,0,13207.82,3567.26,0,0
2025-06-09,Mixer Grinder,Home Appliances,South,Store A,13,3576.13,5,44165.16,12232.67,1,0
2025-06-10,Laptop,Electronics,North,Store A,3,52816.41,0,158449.22,39716.15,0,0
2025-06-10,Smartphone,Electronics,South,Store D,12,26014.19,5,296561.78,111989.23,0,0
2025-06-10,Headphones,Electronics,North,Store E,9,2603.48,0,23431.29,7025.56,0,0
2025-06-10,Office Chair,Furniture,East,Store C,9,7612.93,0,68516.34,21852.04,0,0
2025-06-10,Study Table,Furniture,North,Store D,2,12741.17,10,22934.1,7015.39,0,0
2025-06-10,T-Shirt,Fashion,South,Store B,8,850.07,10,6120.5,1357.07,0,0
2025-06-10,Jeans,Fashion,East,Store B,12,1846.09,5,21045.47,6967.66,1,0
2025-06-10,Shoes,Fashion,East,Store C,11,2450.17,0,26951.82,8911.84,1,0
2025-06-10,Coffee Maker,Home Appliances,West,Store D,14,4732.67,20,53005.94,5478.58,1,0
2025-06-10,Mixer Grinder,Home Appliances,South,Store E,10,3450.78,5,32782.37,9782.6,1,0
2025-06-11,Laptop,Electronics,West,Store A,14,59152.53,0,828135.4,319223.23,1,0
2025-06-11,Smartphone,Electronics,East,Store B,12,25042.58,0,300510.94,80225.49,0,0
2025-06-11,Headphones,Electronics,North,Store A,6,2514.73,0,15088.41,5494.09,1,0
2025-06-11,Office Chair,Furniture,South,Store A,1,7926.58,15,6737.59,937.55,0,0
2025-06-11,Study Table,Furniture,South,Store A,7,12758.14,0,89306.98,26692.93,0,0
2025-06-11,T-Shirt,Fashion,West,Store D,11,795.35,10,7873.99,1794.46,0,0
2025-06-11,Jeans,Fashion,East,Store B,16,1841.2,0,29459.2,10626.51,1,0
2025-06-11,Shoes,Fashion,West,Store B,17,2643.28,10,40442.22,13718.94,1,0
2025-06-11,Coffee Maker,Home Appliances,South,Store A,8,4502.2,5,34216.71,7702.89,0,0
2025-06-11,Mixer Grinder,Home Appliances,West,Store C,7,3555.0,10,22396.51,7166.07,1,0
2025-06-12,Laptop,Electronics,North,Store D,7,56142.47,0,392997.32,106978.23,0,0
2025-06-12,Smartphone,Electronics,North,Store B,14,24784.76,10,312288.02,53985.33,1,0
2025-06-12,Headphones,Electronics,East,Store D,9,2659.9,10,21545.2,5611.28,1,0
2025-06-12,Office Chair,Furniture,North,Store E,4,7397.7,10,26631.71,4430.34,0,0
2025-06-12,Study Table,Furniture,South,Store D,6,11923.69,0,71542.15,22261.74,0,0
2025-06-12,T-Shirt,Fashion,South,Store C,13,825.21,0,10727.73,2668.97,0,0
2025-06-12,Jeans,Fashion,West,Store E,6,1853.54,10,10009.13,1775.0,0,0
2025-06-12,Shoes,Fashion,East,Store E,11,2487.24,5,25991.69,5319.89,0,0
2025-06-12,Coffee Maker,Home Appliances,West,Store D,4,4437.42,0,17749.67,6009.22,0,0
2025-06-12,Mixer Grinder,Home Appliances,East,Store A,3,3583.58,5,10213.22,3459.78,0,0
2025-06-13,Laptop,Electronics,East,Store C,12,58357.93,5,665280.38,153322.98,0,0
2025-06-13,Smartphone,Electronics,West,Store A,9,24428.42,5,208863.01,71932.92,0,0
2025-06-13,Headphones,Electronics,East,Store E,16,2683.83,0,42941.32,15932.08,1,0
2025-06-13,Office Chair,Furniture,East,Store A,7,7357.01,20,41199.28,9334.59,0,0
2025-06-13,Study Table,Furniture,North,Store A,6,12831.42,0,76988.53,21598.02,1,0
2025-06-13,T-Shirt,Fashion,West,Store B,12,798.63,10,8625.25,1992.4,1,0
2025-06-13,Jeans,Fashion,West,Store C,11,1898.58,15,17751.69,2540.5,1,0
2025-06-13,Shoes,Fashion,North,Store C,12,2522.46,5,28756.03,9330.45,0,0
2025-06-13,Coffee Maker,Home Appliances,West,Store B,7,4483.09,10,28243.44,4181.25,1,0
2025-06-13,Mixer Grinder,Home Appliances,East,Store D,9,3520.49,0,31684.44,12572.72,0,0
2025-06-14,Laptop,Electronics,South,Store D,18,53505.34,15,818631.75,88443.52,1,0
2025-06-14,Smartphone,Electronics,North,Store D,8,24445.75,5,185787.67,51739.45,0,0
2025-06-14,Headphones,Electronics,West,Store A,21,2501.09,20,42018.38,9433.42,1,0
2025-06-14,Office Chair,Furniture,North,Store D,15,7311.8,15,93225.42,12924.95,1,0
2025-06-14,Study Table,Furniture,West,Store D,8,12860.01,15,87448.06,27615.98,0,0
2025-06-14,T-Shirt,Fashion,North,Store A,7,777.29,5,5168.97,1574.02,0,0
2025-06-14,Jeans,Fashion,East,Store E,7,1770.8,10,11156.06,1571.85,0,0
2025-06-14,Shoes,Fashion,West,Store B,14,2518.11,5,33490.81,9660.69,0,0
2025-06-14,Coffee Maker,Home Appliances,South,Store C,10,4589.29,0,45892.85,17390.99,0,0
2025-06-14,Mixer Grinder,Home Appliances,East,Store D,12,3416.86,15,34851.98,7999.2,1,0
2025-06-15,Laptop,Electronics,South,Store E,15,58386.8,5,832011.85,269913.11,1,0
2025-06-15,Smartphone,Electronics,East,Store D,13,24538.56,0,319001.3,70921.32,0,0
2025-06-15,Headphones,Electronics,East,Store C,14,2545.47,0,35636.62,9408.56,1,0
2025-06-15,Office Chair,Furniture,West,Store D,10,7155.54,5,67977.67,18205.1,0,0
2025-06-15,Study Table,Furniture,West,Store C,5,11408.85,0,57044.25,11691.11,0,0
2025-06-15,T-Shirt,Fashion,East,Store E,15,779.89,5,11113.4,2288.35,0,0
2025-06-15,Jeans,Fashion,North,Store C,16,1755.39,5,26681.92,7543.39,0,0
2025-06-15,Shoes,Fashion,South,Store D,13,2515.1,0,32696.34,8800.43,0,0
2025-06-15,Coffee Maker,Home Appliances,North,Store A,11,4685.58,10,46387.26,16622.48,1,0
2025-06-15,Mixer Grinder,Home Appliances,North,Store B,5,3749.99,10,16874.95,3462.35,0,0
2025-06-16,Laptop,Electronics,East,Store B,4,52442.68,5,199282.17,37132.94,0,0
2025-06-16,Smartphone,Electronics,West,Store E,7,24689.49,15,146902.47,40840.22,1,0
2025-06-16,Headphones,Electronics,North,Store E,7,2656.46,10,16735.67,6010.22,1,0
2025-06-16,Office Chair,Furniture,North,Store D,5,7623.96,20,30495.84,3068.48,1,0
2025-06-16,Study Table,Furniture,South,Store B,4,12831.53,20,41060.88,11259.04,0,0
2025-06-16,T-Shirt,Fashion,North,Store A,13,793.51,0,10315.63,4066.19,1,0
2025-06-16,Jeans,Fashion,East,Store D,9,1731.49,10,14025.04,3887.3,0,0
2025-06-16,Shoes,Fashion,South,Store A,10,2686.07,0,26860.74,11623.08,0,0
2025-06-16,Coffee Maker,Home Appliances,East,Store B,7,4571.61,15,27201.1,7683.29,0,0
2025-06-16,Mixer Grinder,Home Appliances,South,Store C,16,3640.42,15,49509.76,13478.55,1,0
2025-06-17,Laptop,Electronics,South,Store D,11,55554.34,0,611097.77,164758.39,0,0
2025-06-17,Smartphone,Electronics,North,Store E,13,25543.87,5,315466.8,119503.86,1,0
2025-06-17,Headphones,Electronics,East,Store B,8,2402.56,0,19220.49,4758.93,0,0
2025-06-17,Office Chair,Furniture,West,Store E,6,7473.32,0,44839.94,9903.19,0,0
2025-06-17,Study Table,Furniture,North,Store D,10,12795.93,5,121561.34,34307.52,1,0
2025-06-17,T-Shirt,Fashion,West,Store B,13,855.84,10,10013.33,3282.44,0,0
2025-06-17,Jeans,Fashion,South,Store C,19,1838.15,5,33178.56,11652.53,0,0
2025-06-17,Shoes,Fashion,North,Store B,13,2664.16,15,29438.92,4359.1,0,0
2025-06-17,Coffee Maker,Home Appliances,South,Store D,8,4408.18,5,33502.15,9985.8,0,0
2025-06-17,Mixer Grinder,Home Appliances,North,Store B,6,3466.94,20,16641.31,3330.83,0,0
2025-06-18,Laptop,Electronics,North,Store B,9,58448.38,0,526035.42,142771.06,1,0
2025-06-18,Smartphone,Electronics,East,Store B,16,26799.01,5,407344.98,141721.24,1,0
2025-06-18,Headphones,Electronics,West,Store B,4,2414.45,15,8209.12,881.3,0,0
2025-06-18,Office Chair,Furniture,North,Store E,1,7778.81,5,7389.87,1962.07,0,0
2025-06-18,Study Table,Furniture,South,Store D,8,12155.28,0,97242.21,25069.8,1,0
2025-06-18,T-Shirt,Fashion,North,Store C,8,763.31,20,4885.18,824.42,0,0
2025-06-18,Jeans,Fashion,North,Store A,13,1893.52,0,24615.78,7112.58,0,0
2025-06-18,Shoes,Fashion,South,Store B,17,2574.43,10,39388.76,9786.79,1,0
2025-06-18,Coffee Maker,Home Appliances,South,Store C,6,4692.98,0,28157.85,11264.13,0,0
2025-06-18,Mixer Grinder,Home Appliances,North,Store A,12,3713.64,5,42335.52,16848.62,0,0
2025-06-19,Laptop,Electronics,East,Store A,10,55058.95,10,495530.58,126424.11,0,0
2025-06-19,Smartphone,Electronics,West,Store D,15,25497.04,10,344210.1,69120.72,0,0
2025-06-19,Headphones,Electronics,West,Store D,11,2545.94,15,23804.51,4240.12,0,0
2025-06-19,Office Chair,Furniture,East,Store A,6,7871.37,0,47228.19,12212.04,0,0
2025-06-19,Study Table,Furniture,South,Store A,4,11947.52,0,47790.08,16539.69,0,0
2025-06-19,T-Shirt,Fashion,South,Store B,15,841.84,0,12627.63,3916.93,1,0
2025-06-19,Jeans,Fashion,East,Store A,12,1857.74,5,21178.18,4603.44,0,0
2025-06-19,Shoes,Fashion,South,Store E,8,2382.91,10,17156.95,2888.3,0,0
2025-06-19,Coffee Maker,Home Appliances,South,Store C,4,4751.23,5,18054.66,5060.76,0,0
2025-06-19,Mixer Grinder,Home Appliances,South,Store A,5,3617.85,5,17184.81,3814.63,0,0
2025-06-20,Laptop,Electronics,East,Store C,11,56882.66,0,625709.28,219387.16,0,0
2025-06-20,Smartphone,Electronics,West,Store C,13,26065.68,0,338853.89,89803.67,0,0
2025-06-20,Headphones,Electronics,South,Store C,9,2583.33,5,22087.45,7703.34,0,0
2025-06-20,Office Chair,Furniture,North,Store E,8,7642.79,5,58085.22,13198.25,0,0
2025-06-20,Study Table,Furniture,South,Store A,5,12500.45,0,62502.26,24900.19,0,0
2025-06-20,T-Shirt,Fashion,South,Store A,15,861.63,0,12924.5,4867.68,1,0
2025-06-20,Jeans,Fashion,East,Store C,9,1880.45,5,16077.88,4390.64,0,0
2025-06-20,Shoes,Fashion,North,Store D,16,2402.8,15,32678.03,6938.58,0,0
2025-06-20,Coffee Maker,Home Appliances,South,Store E,9,4343.91,10,35185.71,9939.63,0,0
2025-06-20,Mixer Grinder,Home Appliances,East,Store B,7,3499.8,10,22048.72,3722.75,0,0
2025-06-21,Laptop,Electronics,South,Store D,12,58369.34,10,630388.84,123212.98,0,0
2025-06-21,Smartphone,Electronics,East,Store A,11,26085.48,0,286940.3,97371.4,0,0
2025-06-21,Headphones,Electronics,West,Store E,14,2456.92,10,30957.22,8140.76,1,0
2025-06-21,Office Chair,Furniture,East,Store D,9,7979.86,0,71818.78,19952.38,1,0
2025-06-21,Study Table,Furniture,West,Store D,9,11539.32,15,88275.79,18485.72,0,0
2025-06-21,T-Shirt,Fashion,South,Store D,19,764.86,5,13805.64,3545.77,0,0
2025-06-21,Jeans,Fashion,East,Store B,12,1768.31,0,21219.78,5443.42,0,0
2025-06-21,Shoes,Fashion,East,Store C,11,2654.46,0,29199.08,11208.63,0,0
2025-06-21,Coffee Maker,Home Appliances,East,Store E,13,4360.01,0,56680.1,19223.16,1,0
2025-06-21,Mixer Grinder,Home Appliances,East,Store C,18,3449.53,0,62091.57,24025.88,1,0
2025-06-22,Laptop,Electronics,North,Store A,15,56816.75,15,724413.6,110207.4,0,0
2025-06-22,Smartphone,Electronics,North,Store B,11,25187.95,0,277067.45,98663.93,1,0
2025-06-22,Headphones,Electronics,West,Store A,18,2658.41,0,47851.44,14031.25,1,0
2025-06-22,Office Chair,Furniture,East,Store D,8,7364.04,10,53021.07,7955.88,0,0
2025-06-22,Study Table,Furniture,North,Store C,6,11445.12,5,65237.16,16063.96,0,0
2025-06-22,T-Shirt,Fashion,East,Store C,10,821.75,10,7395.77,1561.65,0,0
2025-06-22,Jeans,Fashion,West,Store E,10,1786.64,5,16973.07,4524.37,1,0
2025-06-22,Shoes,Fashion,South,Store C,13,2443.46,20,25411.97,966.81,0,0
2025-06-22,Coffee Maker,Home Appliances,North,Store A,10,4562.87,10,41065.81,7604.73,0,0
2025-06-22,Mixer Grinder,Home Appliances,South,Store B,8,3350.54,10,24123.87,6092.0,0,0
2025-06-23,Laptop,Electronics,East,Store B,7,53728.87,15,319686.76,24938.5,0,0
2025-06-23,Smartphone,Electronics,West,Store B,11,24596.91,5,257037.73,76049.24,1,0
2025-06-23,Headphones,Electronics,South,Store A,12,2406.88,20,23106.02,389.97,0,0
2025-06-23,Office Chair,Furniture,North,Store D,5,7359.44,15,31277.61,3210.41,1,0
2025-06-23,Study Table,Furniture,East,Store A,11,12058.88,5,126015.29,42284.92,0,0
2025-06-23,T-Shirt,Fashion,North,Store A,9,772.14,10,6254.32,1257.4,0,0
2025-06-23,Jeans,Fashion,West,Store B,14,1905.7,0,26679.8,10768.73,1,0
2025-06-23,Shoes,Fashion,South,Store B,10,2473.56,10,22262.08,4577.68,0,0
2025-06-23,Coffee Maker,Home Appliances,West,Store A,5,4455.17,5,21162.04,6900.1,0,0
2025-06-23,Mixer Grinder,Home Appliances,South,Store C,3,3529.95,20,8471.88,2042.5,0,0
2025-06-24,Laptop,Electronics,East,Store E,15,55655.26,10,751346.0,164312.12,1,0
2025-06-24,Smartphone,Electronics,West,Store D,13,24803.79,0,322449.23,73366.29,1,0
2025-06-24,Headphones,Electronics,East,Store E,7,2510.96,0,17576.71,5285.34,0,0
2025-06-24,Office Chair,Furniture,North,Store E,10,7758.77,20,62070.17,8855.69,0,0
2025-06-24,Study Table,Furniture,West,Store E,8,11931.83,0,95454.65,25560.47,0,0
2025-06-24,T-Shirt,Fashion,South,Store A,6,858.53,10,4636.07,1736.62,0,0
2025-06-24,Jeans,Fashion,West,Store C,11,1758.32,5,18374.45,4294.55,0,0
2025-06-24,Shoes,Fashion,South,Store E,10,2569.52,5,24410.41,8650.98,0,0
2025-06-24,Coffee Maker,Home Appliances,East,Store B,5,4771.14,5,22662.93,6820.61,0,0
2025-06-24,Mixer Grinder,Home Appliances,South,Store A,4,3745.15,5,14231.59,4738.25,0,0
2025-06-25,Laptop,Electronics,North,Store A,9,52265.27,0,470387.46,85680.74,0,0
2025-06-25,Smartphone,Electronics,North,Store A,12,24748.14,15,252431.04,52828.0,0,0
2025-06-25,Headphones,Electronics,West,Store C,6,2433.96,5,13873.55,2770.53,0,0
2025-06-25,Office Chair,Furniture,East,Store D,8,7705.87,15,52399.9,10291.26,0,0
2025-06-25,Study Table,Furniture,South,Store E,10,11500.84,0,115008.39,34585.37,0,0
2025-06-25,T-Shirt,Fashion,East,Store C,10,792.49,0,7924.88,2161.17,0,0
2025-06-25,Jeans,Fashion,North,Store A,7,1753.81,0,12276.67,4204.9,0,0
2025-06-25,Shoes,Fashion,North,Store E,15,2572.43,15,32798.43,8212.74,1,0
2025-06-25,Coffee Maker,Home Appliances,North,Store C,4,4488.56,10,16158.81,3186.6,0,0
2025-06-25,Mixer Grinder,Home Appliances,East,Store A,9,3383.46,10,27406.01,5209.95,0,0
2025-06-26,Laptop,Electronics,South,Store D,7,54978.86,15,327124.21,43865.49,1,0
2025-06-26,Smartphone,Electronics,South,Store B,8,24499.94,20,156799.6,22692.58,0,0
2025-06-26,Headphones,Electronics,North,Store A,12,2577.4,15,26289.46,5847.96,0,0
2025-06-26,Office Chair,Furniture,East,Store E,5,7249.67,10,32623.51,3754.66,0,0
2025-06-26,Study Table,Furniture,North,Store A,11,11903.81,10,117847.7,30509.24,0,0
2025-06-26,T-Shirt,Fashion,West,Store E,10,765.76,5,7274.72,1980.15,0,0
2025-06-26,Jeans,Fashion,East,Store D,14,1748.68,15,20809.35,4121.86,1,0
2025-06-26,Shoes,Fashion,South,Store E,7,2527.78,0,17694.49,6834.51,0,0
2025-06-26,Coffee Maker,Home Appliances,West,Store E,8,4425.01,5,33630.09,11506.32,0,0
2025-06-26,Mixer Grinder,Home Appliances,North,Store C,5,3505.74,15,14899.38,1591.86,0,0
2025-06-27,Laptop,Electronics,North,Store B,9,56536.38,0,508827.43,173099.18,1,0
2025-06-27,Smartphone,Electronics,North,Store A,8,26675.24,10,192061.7,48599.83,0,0
2025-06-27,Headphones,Electronics,West,Store C,13,2596.24,10,30376.06,10511.03,0,0
2025-06-27,Office Chair,Furniture,South,Store E,8,7645.63,5,58106.75,11471.14,1,0
2025-06-27,Study Table,Furniture,East,Store D,5,12251.92,0,61259.61,16933.12,0,0
2025-06-27,T-Shirt,Fashion,East,Store B,14,821.29,0,11498.1,2778.5,0,0
2025-06-27,Jeans,Fashion,West,Store B,14,1716.47,5,22829.01,3454.04,0,0
2025-06-27,Shoes,Fashion,West,Store D,15,2493.39,5,35530.84,9562.85,1,0
2025-06-27,Coffee Maker,Home Appliances,North,Store A,4,4638.09,5,17624.76,6808.78,0,0
2025-06-27,Mixer Grinder,Home Appliances,North,Store C,7,3460.59,5,23012.91,5539.17,1,0
2025-06-28,Laptop,Electronics,East,Store A,15,55701.34,10,751968.08,208401.17,1,0
2025-06-28,Smartphone,Electronics,West,Store B,10,24723.3,0,247233.04,75213.77,0,0
2025-06-28,Headphones,Electronics,West,Store E,20,2480.01,0,49600.22,11789.38,1,0
2025-06-28,Office Chair,Furniture,North,Store A,11,7319.89,5,76492.85,15438.81,0,0
2025-06-28,Study Table,Furniture,East,Store E,10,11688.64,5,111042.1,37611.29,0,0
2025-06-28,T-Shirt,Fashion,West,Store E,19,844.0,10,14432.48,3812.9,0,0
2025-06-28,Jeans,Fashion,South,Store E,15,1871.29,0,28069.37,10185.86,0,0
2025-06-28,Shoes,Fashion,East,Store A,16,2657.31,0,42517.02,17013.82,0,0
2025-06-28,Coffee Maker,Home Appliances,North,Store E,5,4313.26,10,19409.69,5286.52,0,0
2025-06-28,Mixer Grinder,Home Appliances,South,Store B,8,3448.97,0,27591.73,7070.88,0,0
2025-06-29,Laptop,Electronics,East,Store C,11,57961.05,5,605693.01,217733.26,0,0
2025-06-29,Smartphone,Electronics,North,Store B,15,26596.27,5,378996.82,146402.85,0,0
2025-06-29,Headphones,Electronics,East,Store D,8,2438.13,10,17554.55,5151.48,0,0
2025-06-29,Office Chair,Furniture,East,Store D,8,7283.08,0,58264.66,18641.09,0,0
2025-06-29,Study Table,Furniture,West,Store C,8,11991.09,5,91132.28,22281.37,1,0
2025-06-29,T-Shirt,Fashion,West,Store B,13,853.79,15,9434.41,2418.02,0,0
2025-06-29,Jeans,Fashion,North,Store E,15,1830.74,0,27461.17,9517.76,0,0
2025-06-29,Shoes,Fashion,East,Store B,19,2574.0,0,48906.09,13347.59,1,0
2025-06-29,Coffee Maker,Home Appliances,West,Store D,11,4673.76,15,43699.62,6506.24,1,0
2025-06-29,Mixer Grinder,Home Appliances,South,Store E,8,3690.81,0,29526.51,10047.89,0,0
2025-06-30,Laptop,Electronics,South,Store D,7,52591.45,0,368140.13,92910.45,0,0
2025-06-30,Smartphone,Electronics,West,Store B,4,24036.15,5,91337.37,20915.62,0,0
2025-06-30,Headphones,Electronics,East,Store E,14,2638.06,10,33239.52,11977.45,0,0
2025-06-30,Office Chair,Furniture,West,Store A,5,7471.82,0,37359.09,12645.18,0,0
2025-06-30,Study Table,Furniture,North,Store B,6,11779.74,10,63610.58,17054.35,0,0
2025-06-30,T-Shirt,Fashion,South,Store B,8,822.47,10,5921.8,1676.83,0,0
2025-06-30,Jeans,Fashion,West,Store B,15,1939.24,10,26179.78,7398.64,0,0
2025-06-30,Shoes,Fashion,North,Store E,10,2498.39,15,21236.32,1990.17,0,0
2025-06-30,Coffee Maker,Home Appliances,West,Store A,5,4798.32,0,23991.59,8391.7,0,0
2025-06-30,Mixer Grinder,Home Appliances,North,Store A,8,3662.76,5,27836.97,10112.23,0,0
2025-07-01,Laptop,Electronics,West,Store D,10,55837.45,20,446699.61,29742.57,0,0
2025-07-01,Smartphone,Electronics,North,Store B,11,25407.41,15,237559.24,55484.26,1,0
2025-07-01,Headphones,Electronics,South,Store D,7,2583.2,20,14465.94,1835.46,0,0
2025-07-01,Office Chair,Furniture,South,Store E,7,7228.39,5,48068.77,11277.17,0,0
2025-07-01,Study Table,Furniture,North,Store C,5,12313.27,5,58488.03,13819.92,0,0
2025-07-01,T-Shirt,Fashion,South,Store C,16,831.57,15,11309.3,1821.27,1,0
2025-07-01,Jeans,Fashion,South,Store B,7,1847.64,10,11640.1,2790.11,0,0
2025-07-01,Shoes,Fashion,East,Store B,19,2636.77,5,47593.78,17304.56,1,0
2025-07-01,Coffee Maker,Home Appliances,West,Store A,10,4525.22,5,42989.57,11916.61,1,0
2025-07-01,Mixer Grinder,Home Appliances,East,Store E,9,3582.84,10,29021.01,4510.5,0,0
2025-07-02,Laptop,Electronics,South,Store E,8,54854.43,15,373010.1,73901.8,0,0
2025-07-02,Smartphone,Electronics,North,Store B,5,26765.07,20,107060.27,18714.26,0,0
2025-07-02,Headphones,Electronics,South,Store B,10,2522.48,5,23963.58,5505.94,0,0
2025-07-02,Office Chair,Furniture,East,Store B,8,7823.64,10,56330.24,9566.65,0,0
2025-07-02,Study Table,Furniture,North,Store B,4,12328.54,20,39451.33,6715.73,0,0
2025-07-02,T-Shirt,Fashion,East,Store B,10,761.21,0,7612.09,2596.45,0,0
2025-07-02,Jeans,Fashion,North,Store E,16,1890.89,0,30254.31,8925.09,0,0
2025-07-02,Shoes,Fashion,South,Store B,11,2499.11,5,26115.72,8237.59,0,0
2025-07-02,Coffee Maker,Home Appliances,West,Store D,6,4838.79,5,27581.08,8674.8,0,0
2025-07-02,Mixer Grinder,Home Appliances,West,Store E,5,3606.4,20,14425.61,3647.31,0,0
2025-07-03,Laptop,Electronics,East,Store A,4,53384.32,0,213537.3,81115.23,0,0
2025-07-03,Smartphone,Electronics,West,Store A,3,25574.83,10,69052.05,17651.25,0,0
2025-07-03,Headphones,Electronics,South,Store B,6,2501.36,10,13507.33,2468.71,0,0
2025-07-03,Office Chair,Furniture,North,Store D,3,7179.83,0,21539.5,5598.34,0,0
2025-07-03,Study Table,Furniture,South,Store E,12,12459.82,15,127090.19,16134.01,1,0
2025-07-03,T-Shirt,Fashion,East,Store B,19,824.34,0,15662.53,4706.83,1,0
2025-07-03,Jeans,Fashion,West,Store D,15,1810.41,15,23082.69,4780.66,1,0
2025-07-03,Shoes,Fashion,West,Store D,23,2615.57,0,60158.15,25051.54,1,0
2025-07-03,Coffee Maker,Home Appliances,East,Store B,9,4283.56,5,36624.42,5416.73,1,0
2025-07-03,Mixer Grinder,Home Appliances,South,Store C,9,3664.78,0,32983.06,10483.64,1,0
2025-07-04,Laptop,Electronics,North,Store A,11,55064.69,5,575425.98,171535.36,0,0
2025-07-04,Smartphone,Electronics,East,Store B,4,25633.46,0,102533.85,34448.34,0,0
2025-07-04,Headphones,Electronics,South,Store A,7,2530.41,0,17712.87,6882.0,0,0
2025-07-04,Office Chair,Furniture,West,Store A,6,7684.88,0,46109.3,17108.56,0,0
2025-07-04,Study Table,Furniture,North,Store D,3,12741.29,0,38223.88,13793.01,0,0
2025-07-04,T-Shirt,Fashion,East,Store C,9,801.27,20,5769.18,942.51,0,0
2025-07-04,Jeans,Fashion,North,Store E,5,1842.41,10,8290.83,1525.41,0,0
2025-07-04,Shoes,Fashion,East,Store D,9,2603.33,0,23429.94,8593.87,0,0
2025-07-04,Coffee Maker,Home Appliances,East,Store A,6,4507.69,15,22989.23,5634.46,0,0
2025-07-04,Mixer Grinder,Home Appliances,South,Store A,8,3493.47,5,26550.38,6229.16,0,0
2025-07-05,Laptop,Electronics,West,Store A,12,55636.9,5,634260.6,164250.64,0,0
2025-07-05,Smartphone,Electronics,West,Store C,13,26069.75,0,338906.79,137768.46,0,0
2025-07-05,Headphones,Electronics,West,Store A,12,2518.31,0,30219.67,10537.11,0,0
2025-07-05,Office Chair,Furniture,North,Store E,14,7441.65,5,98973.97,21123.53,1,0
2025-07-05,Study Table,Furniture,West,Store E,9,11754.18,0,105787.59,34209.82,0,0
2025-07-05,T-Shirt,Fashion,North,Store C,13,859.26,5,10611.88,4354.74,0,0
2025-07-05,Jeans,Fashion,East,Store A,13,1727.3,0,22454.85,8081.78,1,0
2025-07-05,Shoes,Fashion,North,Store B,11,2690.32,5,28113.89,9917.73,0,0
2025-07-05,Coffee Maker,Home Appliances,East,Store E,10,4338.94,5,41219.96,12698.26,0,0
2025-07-05,Mixer Grinder,Home Appliances,West,Store A,12,3653.6,15,37266.68,8556.77,0,0
2025-07-06,Laptop,Electronics,West,Store E,14,58854.47,0,823962.59,308680.08,1,0
2025-07-06,Smartphone,Electronics,North,Store B,11,26154.38,10,258928.32,52502.34,0,0
2025-07-06,Headphones,Electronics,East,Store E,11,2468.41,0,27152.53,7588.31,0,0
2025-07-06,Office Chair,Furniture,East,Store A,11,7463.77,15,69786.24,17366.71,0,0
2025-07-06,Study Table,Furniture,South,Store D,9,12791.83,20,92101.2,15123.98,0,0
2025-07-06,T-Shirt,Fashion,East,Store A,14,790.24,10,9957.06,1892.99,0,0
2025-07-06,Jeans,Fashion,West,Store E,9,1729.24,15,13228.71,856.69,0,0
2025-07-06,Shoes,Fashion,South,Store B,12,2641.14,5,30108.94,8966.06,0,0
2025-07-06,Coffee Maker,Home Appliances,East,Store C,7,4294.99,15,25555.19,3892.81,1,0
2025-07-06,Mixer Grinder,Home Appliances,South,Store B,7,3573.19,0,25012.32,9863.69,0,0
2025-07-07,Laptop,Electronics,South,Store A,8,52777.88,5,401111.89,136038.56,1,0
2025-07-07,Smartphone,Electronics,West,Store B,10,26167.76,10,235509.87,54702.67,0,0
2025-07-07,Headphones,Electronics,South,Store B,9,2665.76,5,22792.25,5762.41,0,0
2025-07-07,Office Chair,Furniture,East,Store D,2,8032.61,20,12852.17,1926.36,0,0
2025-07-07,Study Table,Furniture,South,Store E,2,12327.05,10,22188.7,4757.98,0,0
2025-07-07,T-Shirt,Fashion,North,Store D,14,773.81,5,10291.74,3391.89,0,0
2025-07-07,Jeans,Fashion,East,Store E,14,1775.95,15,21133.76,3801.33,1,0
2025-07-07,Shoes,Fashion,East,Store C,10,2453.38,0,24533.78,7877.58,0,0
2025-07-07,Coffee Maker,Home Appliances,North,Store E,11,4655.27,0,51208.02,17550.85,1,0
2025-07-07,Mixer Grinder,Home Appliances,South,Store C,10,3607.83,5,34274.39,8849.73,1,0
2025-07-08,Laptop,Electronics,North,Store C,12,52411.8,15,534600.4,87897.13,1,0
2025-07-08,Smartphone,Electronics,East,Store E,12,26667.34,10,288007.31,58043.63,0,0
2025-07-08,Headphones,Electronics,North,Store C,12,2390.59,0,28687.08,10432.03,0,0
2025-07-08,Office Chair,Furniture,West,Store B,3,7239.61,20,17375.06,3357.53,0,0
2025-07-08,Study Table,Furniture,East,Store A,1,12816.68,5,12175.84,4375.17,0,0
2025-07-08,T-Shirt,Fashion,South,Store C,10,841.66,0,8416.65,2809.71,0,0
2025-07-08,Jeans,Fashion,East,Store C,6,1846.31,10,9970.07,2858.85,0,0
2025-07-08,Shoes,Fashion,East,Store A,6,2562.14,0,15372.85,3863.3,0,0
2025-07-08,Coffee Maker,Home Appliances,South,Store E,3,4737.93,10,12792.42,4180.88,0,0
2025-07-08,Mixer Grinder,Home Appliances,South,Store B,8,3384.9,0,27079.18,9092.16,0,0
2025-07-09,Laptop,Electronics,East,Store D,7,55146.24,10,347421.33,104437.01,0,0
2025-07-09,Smartphone,Electronics,West,Store A,3,24495.58,0,73486.73,21757.07,0,0
2025-07-09,Headphones,Electronics,West,Store A,8,2424.99,5,18429.96,3242.94,0,0
2025-07-09,Office Chair,Furniture,East,Store C,11,7707.27,0,84780.01,20664.5,1,0
2025-07-09,Study Table,Furniture,South,Store C,6,11872.95,15,60552.05,9565.88,0,0
2025-07-09,T-Shirt,Fashion,East,Store C,13,811.96,10,9499.97,1645.37,0,0
2025-07-09,Jeans,Fashion,North,Store A,14,1919.49,15,22841.91,4006.9,1,0
2025-07-09,Shoes,Fashion,South,Store D,11,2605.02,0,28655.2,11967.01,0,0
2025-07-09,Coffee Maker,Home Appliances,North,Store C,7,4367.4,0,30571.83,8196.22,0,0
2025-07-09,Mixer Grinder,Home Appliances,East,Store B,13,3520.93,0,45772.11,13400.46,1,0
2025-07-10,Laptop,Electronics,East,Store C,4,52282.29,20,167303.34,-3282.89,0,0
2025-07-10,Smartphone,Electronics,North,Store B,11,26467.45,5,276584.89,110100.24,0,0
2025-07-10,Headphones,Electronics,North,Store E,14,2562.14,0,35870.02,12611.02,0,0
2025-07-10,Office Chair,Furniture,West,Store B,13,7844.02,10,91775.0,28628.83,1,0
2025-07-10,Study Table,Furniture,South,Store C,7,12805.74,10,80676.15,19376.71,1,0
2025-07-10,T-Shirt,Fashion,South,Store B,9,776.21,0,6985.87,1726.44,1,0
2025-07-10,Jeans,Fashion,East,Store D,8,1837.03,5,13961.43,4262.98,0,0
2025-07-10,Shoes,Fashion,East,Store D,7,2451.22,15,14584.73,3545.7,0,0
2025-07-10,Coffee Maker,Home Appliances,North,Store D,12,4841.39,0,58096.64,21950.74,0,0
2025-07-10,Mixer Grinder,Home Appliances,North,Store D,9,3619.83,0,32578.45,8258.98,0,0
2025-07-11,Laptop,Electronics,North,Store B,18,58900.13,10,954182.12,261920.85,1,0
2025-07-11,Smartphone,Electronics,East,Store E,11,26946.46,5,281590.52,81249.96,1,0
2025-07-11,Headphones,Electronics,East,Store B,12,2658.82,15,27119.92,5251.57,1,0
2025-07-11,Office Chair,Furniture,East,Store A,8,7569.4,5,57527.45,11541.92,1,0
2025-07-11,Study Table,Furniture,South,Store C,6,11651.34,5,66412.64,16306.6,0,0
2025-07-11,T-Shirt,Fashion,North,Store C,11,765.53,0,8420.87,1894.24,0,0
2025-07-11,Jeans,Fashion,North,Store C,12,1724.91,0,20698.88,4366.03,0,0
2025-07-11,Shoes,Fashion,West,Store B,10,2375.6,20,19004.83,2771.52,0,0
2025-07-11,Coffee Maker,Home Appliances,West,Store D,9,4537.69,0,40839.25,14254.27,0,0
2025-07-11,Mixer Grinder,Home Appliances,West,Store E,13,3610.75,0,46939.74,16360.99,1,0
2025-07-12,Laptop,Electronics,West,Store A,10,55425.78,0,554257.85,179399.08,0,0
2025-07-12,Smartphone,Electronics,East,Store B,10,24380.43,10,219423.9,68806.28,0,0
2025-07-12,Headphones,Electronics,North,Store D,11,2475.6,5,25870.01,5751.95,1,0
2025-07-12,Office Chair,Furniture,South,Store A,4,7746.44,0,30985.77,8406.01,0,0
2025-07-12,Study Table,Furniture,East,Store B,7,12949.63,10,81582.69,20480.47,0,0
2025-07-12,T-Shirt,Fashion,West,Store A,24,811.73,0,19481.56,5742.65,1,0
2025-07-12,Jeans,Fashion,South,Store C,25,1739.41,10,39136.75,8967.48,1,0
2025-07-12,Shoes,Fashion,East,Store D,19,2674.16,5,48268.64,11381.27,0,0
2025-07-12,Coffee Maker,Home Appliances,South,Store D,9,4785.8,15,36611.4,8521.04,0,0
2025-07-12,Mixer Grinder,Home Appliances,West,Store D,12,3399.85,20,32638.6,6194.31,1,0
2025-07-13,Laptop,Electronics,South,Store B,10,54213.71,10,487923.41,74544.6,0,0
2025-07-13,Smartphone,Electronics,South,Store E,18,26916.83,0,484503.02,197570.1,1,0
2025-07-13,Headphones,Electronics,North,Store A,10,2453.34,0,24533.42,6297.12,0,0
2025-07-13,Office Chair,Furniture,North,Store C,7,7243.41,0,50703.88,17050.48,0,0
2025-07-13,Study Table,Furniture,South,Store B,9,12253.65,10,99254.56,24084.22,1,0
2025-07-13,T-Shirt,Fashion,North,Store B,14,858.92,10,10822.44,2483.66,0,0
2025-07-13,Jeans,Fashion,South,Store C,17,1754.06,0,29819.06,9317.84,1,0
2025-07-13,Shoes,Fashion,West,Store E,16,2394.39,0,38310.24,9722.43,0,0
2025-07-13,Coffee Maker,Home Appliances,East,Store E,8,4695.42,15,31928.85,8267.7,1,0
2025-07-13,Mixer Grinder,Home Appliances,North,Store B,10,3344.75,10,30102.78,5691.15,1,0
2025-07-14,Laptop,Electronics,West,Store E,21,58498.85,5,1167052.13,431660.0,1,0
2025-07-14,Smartphone,Electronics,East,Store C,7,25147.84,0,176034.86,40124.14,0,0
2025-07-14,Headphones,Electronics,South,Store A,11,2611.75,10,25856.35,4791.95,0,0
2025-07-14,Office Chair,Furniture,West,Store E,6,7689.92,0,46139.53,13439.45,1,0
2025-07-14,Study Table,Furniture,East,Store A,4,12721.81,10,45798.5,12574.9,0,0
2025-07-14,T-Shirt,Fashion,West,Store A,13,835.48,10,9775.15,2030.52,0,0
2025-07-14,Jeans,Fashion,North,Store C,15,1925.12,5,27432.93,9228.81,0,0
2025-07-14,Shoes,Fashion,West,Store C,8,2446.78,10,17616.82,3546.01,0,0
2025-07-14,Coffee Maker,Home Appliances,North,Store B,7,4739.53,5,31517.85,12275.31,0,0
2025-07-14,Mixer Grinder,Home Appliances,South,Store D,8,3639.67,15,24749.74,3026.3,0,0
2025-07-15,Laptop,Electronics,West,Store A,14,52675.75,0,737460.53,274747.02,1,0
2025-07-15,Smartphone,Electronics,North,Store A,11,25054.26,5,261817.04,89724.45,0,0
2025-07-15,Headphones,Electronics,West,Store E,18,2639.68,5,45138.53,11960.65,0,0
2025-07-15,Office Chair,Furniture,East,Store C,6,7769.18,10,41953.56,12957.42,0,0
2025-07-15,Study Table,Furniture,East,Store E,5,11594.42,5,55073.5,9019.57,1,0
2025-07-15,T-Shirt,Fashion,East,Store A,21,859.3,10,16240.71,4466.97,1,0
2025-07-15,Jeans,Fashion,South,Store E,15,1790.9,5,25520.37,8517.61,1,0
2025-07-15,Shoes,Fashion,East,Store E,7,2492.95,10,15705.57,3034.1,0,0
2025-07-15,Coffee Maker,Home Appliances,East,Store A,8,4773.03,10,34365.84,8474.69,0,0
2025-07-15,Mixer Grinder,Home Appliances,East,Store E,6,3363.42,10,18162.45,4914.55,0,0
2025-07-16,Laptop,Electronics,North,Store A,4,54392.86,5,206692.85,67446.52,0,0
2025-07-16,Smartphone,Electronics,East,Store A,12,26855.11,5,306148.3,117314.75,1,0
2025-07-16,Headphones,Electronics,East,Store B,13,2460.42,5,30386.14,6663.78,0,0
2025-07-16,Office Chair,Furniture,North,Store D,4,7861.93,5,29875.32,6704.27,0,0
2025-07-16,Study Table,Furniture,North,Store B,15,12096.18,0,181442.68,50942.01,1,0
2025-07-16,T-Shirt,Fashion,North,Store A,13,830.94,0,10802.27,4207.02,0,0
2025-07-16,Jeans,Fashion,North,Store B,17,1928.85,15,27871.82,7997.19,0,0
2025-07-16,Shoes,Fashion,South,Store C,11,2503.74,0,27541.14,7813.04,0,0
2025-07-16,Coffee Maker,Home Appliances,North,Store A,7,4496.36,0,31474.54,11909.44,0,0
2025-07-16,Mixer Grinder,Home Appliances,East,Store C,7,3357.91,5,22330.11,7535.79,0,0
2025-07-17,Laptop,Electronics,South,Store B,11,55160.62,10,546090.14,141574.96,1,0
2025-07-17,Smartphone,Electronics,West,Store C,8,24419.61,5,185589.02,30147.34,0,0
2025-07-17,Headphones,Electronics,North,Store A,10,2595.86,0,25958.6,6541.79,1,0
2025-07-17,Office Chair,Furniture,South,Store E,2,7840.77,20,12545.23,3040.44,0,0
2025-07-17,Study Table,Furniture,South,Store A,7,12064.93,0,84454.53,31173.34,0,0
2025-07-17,T-Shirt,Fashion,East,Store D,9,824.8,0,7423.22,2798.58,0,0
2025-07-17,Jeans,Fashion,West,Store E,14,1861.79,10,23458.52,5186.31,0,0
2025-07-17,Shoes,Fashion,North,Store C,8,2669.86,10,19222.98,7129.35,0,0
2025-07-17,Coffee Maker,Home Appliances,West,Store C,8,4476.17,0,35809.37,13825.5,0,0
2025-07-17,Mixer Grinder,Home Appliances,North,Store B,4,3352.43,0,13409.7,4172.87,0,0
2025-07-18,Laptop,Electronics,East,Store E,6,53338.99,20,256027.16,16022.88,0,0
2025-07-18,Smartphone,Electronics,North,Store C,11,24648.54,0,271133.9,92721.01,0,0
2025-07-18,Headphones,Electronics,North,Store B,11,2651.66,15,24793.0,3632.23,0,0
2025-07-18,Office Chair,Furniture,West,Store C,6,7251.93,10,39160.42,11927.5,0,0
2025-07-18,Study Table,Furniture,South,Store E,13,12018.22,15,132801.36,14688.68,1,0
2025-07-18,T-Shirt,Fashion,West,Store A,8,761.39,20,4872.89,857.28,0,0
2025-07-18,Jeans,Fashion,South,Store C,13,1850.69,0,24059.0,6463.61,0,0
2025-07-18,Shoes,Fashion,East,Store C,11,2434.57,0,26780.29,5600.32,0,0
2025-07-18,Coffee Maker,Home Appliances,South,Store E,10,4518.59,15,38408.03,5294.63,0,0
2025-07-18,Mixer Grinder,Home Appliances,North,Store C,10,3619.34,15,30764.38,4327.69,0,0
2025-07-19,Laptop,Electronics,East,Store E,7,52353.95,0,366477.66,97894.15,0,0
2025-07-19,Smartphone,Electronics,East,Store C,15,26050.92,0,390763.83,102082.59,1,0
2025-07-19,Headphones,Electronics,West,Store B,9,2587.28,20,18628.39,4791.23,0,0
2025-07-19,Office Chair,Furniture,West,Store D,9,7883.53,5,67404.21,19718.21,0,0
2025-07-19,Study Table,Furniture,South,Store E,7,12665.37,10,79791.85,22773.6,1,0
2025-07-19,T-Shirt,Fashion,East,Store B,20,789.96,5,15009.31,2790.01,1,0
2025-07-19,Jeans,Fashion,North,Store A,15,1888.18,15,24074.25,3458.94,1,0
2025-07-19,Shoes,Fashion,East,Store B,13,2604.66,5,32167.61,8985.99,0,0
2025-07-19,Coffee Maker,Home Appliances,North,Store E,14,4334.61,20,48547.66,3519.46,0,0
2025-07-19,Mixer Grinder,Home Appliances,East,Store E,6,3727.42,20,17891.59,2799.79,1,0
2025-07-20,Laptop,Electronics,East,Store E,12,56042.24,0,672506.86,252746.34,0,0
2025-07-20,Smartphone,Electronics,North,Store A,15,24206.45,10,326787.04,76522.29,1,0
2025-07-20,Headphones,Electronics,North,Store D,17,2430.19,10,37181.85,6055.12,1,0
2025-07-20,Office Chair,Furniture,East,Store D,15,7709.75,0,115646.27,41166.48,1,0
2025-07-20,Study Table,Furniture,North,Store E,4,11403.53,5,43333.41,14415.06,0,0
2025-07-20,T-Shirt,Fashion,South,Store B,15,788.12,10,10639.61,1416.72,0,0
2025-07-20,Jeans,Fashion,West,Store C,16,1782.44,20,22815.18,5212.49,0,0
2025-07-20,Shoes,Fashion,West,Store D,16,2424.21,10,34908.66,8203.15,0,0
2025-07-20,Coffee Maker,Home Appliances,South,Store A,9,4502.84,10,36472.99,11154.69,0,0
2025-07-20,Mixer Grinder,Home Appliances,North,Store B,12,3484.45,10,37632.06,10749.73,0,0
2025-07-21,Laptop,Electronics,South,Store C,6,55549.73,0,333298.38,120484.9,0,0
2025-07-21,Smartphone,Electronics,West,Store C,7,25638.26,5,170494.42,44650.58,0,0
2025-07-21,Headphones,Electronics,East,Store D,8,2502.73,0,20021.87,5144.22,0,0
2025-07-21,Office Chair,Furniture,South,Store E,6,7415.0,0,44489.98,13553.15,0,0
2025-07-21,Study Table,Furniture,West,Store E,7,12056.81,15,71738.01,9061.02,0,0
2025-07-21,T-Shirt,Fashion,North,Store B,12,830.38,15,8469.87,1185.19,0,0
2025-07-21,Jeans,Fashion,East,Store A,10,1809.91,10,16289.23,3427.59,0,0
2025-07-21,Shoes,Fashion,South,Store A,6,2533.84,0,15203.03,6147.39,0,0
2025-07-21,Coffee Maker,Home Appliances,South,Store C,10,4813.38,0,48133.81,15800.93,0,0
2025-07-21,Mixer Grinder,Home Appliances,West,Store B,10,3468.92,5,32954.76,11549.65,1,0
2025-07-22,Laptop,Electronics,West,Store A,7,54870.37,10,345683.36,91981.09,0,0
2025-07-22,Smartphone,Electronics,North,Store A,9,26139.56,5,223493.25,86881.29,1,0
2025-07-22,Headphones,Electronics,South,Store B,6,2697.46,10,14566.26,2924.85,0,0
2025-07-22,Office Chair,Furniture,East,Store A,3,7513.91,0,22541.73,7984.64,0,0
2025-07-22,Study Table,Furniture,East,Store E,3,12210.62,15,31137.09,8136.48,0,0
2025-07-22,T-Shirt,Fashion,West,Store C,7,833.31,10,5249.87,1121.42,0,0
2025-07-22,Jeans,Fashion,South,Store D,4,1896.11,15,6446.76,1669.61,0,0
2025-07-22,Shoes,Fashion,North,Store E,18,2407.27,10,38997.75,11767.84,1,0
2025-07-22,Coffee Maker,Home Appliances,East,Store C,10,4732.21,0,47322.06,13058.42,1,0
2025-07-22,Mixer Grinder,Home Appliances,East,Store A,7,3557.43,10,22411.83,4717.8,0,0
2025-07-23,Laptop,Electronics,North,Store D,12,55587.23,5,633694.41,186943.02,1,0
2025-07-23,Smartphone,Electronics,South,Store C,14,24965.21,10,314561.7,76947.92,1,0
2025-07-23,Headphones,Electronics,West,Store D,4,2573.75,10,9265.5,1879.01,0,0
2025-07-23,Office Chair,Furniture,North,Store A,3,7570.63,5,21576.29,4591.03,0,0
2025-07-23,Study Table,Furniture,East,Store E,9,12144.5,15,92905.43,15596.37,1,0
2025-07-23,T-Shirt,Fashion,West,Store A,9,844.68,5,7222.02,1802.72,0,0
2025-07-23,Jeans,Fashion,North,Store A,12,1878.69,10,20289.87,4001.02,0,0
2025-07-23,Shoes,Fashion,East,Store C,7,2375.35,10,14964.7,3949.83,0,0
2025-07-23,Coffee Maker,Home Appliances,North,Store A,7,4499.96,0,31499.72,8574.75,0,0
2025-07-23,Mixer Grinder,Home Appliances,East,Store A,6,3760.18,20,18048.86,3336.76,1,0
2025-07-24,Laptop,Electronics,North,Store B,7,53015.68,5,352554.28,88777.16,0,0
2025-07-24,Smartphone,Electronics,South,Store D,10,25578.42,10,230205.81,65339.63,0,0
2025-07-24,Headphones,Electronics,South,Store B,5,2615.38,5,12423.07,4239.13,0,0
2025-07-24,Office Chair,Furniture,East,Store A,10,7470.67,5,70971.34,17421.81,1,0
2025-07-24,Study Table,Furniture,East,Store C,2,11774.86,0,23549.71,6977.46,0,0
2025-07-24,T-Shirt,Fashion,North,Store E,9,768.39,5,6569.76,2135.39,0,0
2025-07-24,Jeans,Fashion,South,Store E,9,1921.99,10,15568.16,3365.83,0,0
2025-07-24,Shoes,Fashion,North,Store E,5,2422.8,15,10296.9,2008.82,0,0
2025-07-24,Coffee Maker,Home Appliances,West,Store B,6,4291.31,15,21885.69,3137.72,0,0
2025-07-24,Mixer Grinder,Home Appliances,North,Store C,6,3510.8,20,16851.86,3827.89,0,0
2025-07-25,Laptop,Electronics,West,Store A,7,54703.65,10,344632.97,93333.35,0,0
2025-07-25,Smartphone,Electronics,North,Store A,10,24227.18,0,242271.75,90927.06,0,0
2025-07-25,Headphones,Electronics,South,Store A,9,2659.12,0,23932.05,9598.57,0,0
2025-07-25,Office Chair,Furniture,South,Store C,4,7209.87,0,28839.47,8097.11,0,0
2025-07-25,Study Table,Furniture,West,Store A,6,12380.39,10,66854.11,14790.14,0,0
2025-07-25,T-Shirt,Fashion,North,Store A,10,820.35,5,7793.37,2187.74,0,0
2025-07-25,Jeans,Fashion,South,Store C,10,1727.3,0,17273.01,5931.97,0,0
2025-07-25,Shoes,Fashion,West,Store E,11,2401.46,5,25095.28,4544.63,0,0
2025-07-25,Coffee Maker,Home Appliances,East,Store D,8,4516.49,15,30712.15,8467.5,0,0
2025-07-25,Mixer Grinder,Home Appliances,North,Store D,11,3468.46,5,36245.36,11201.57,0,0
2025-07-26,Laptop,Electronics,South,Store B,21,54542.6,20,916315.71,17669.14,1,0
2025-07-26,Smartphone,Electronics,South,Store B,6,25321.44,5,144332.2,33900.64,0,0
2025-07-26,Headphones,Electronics,North,Store A,17,2523.44,20,34318.8,7758.41,0,0
2025-07-26,Office Chair,Furniture,North,Store E,5,7692.35,15,32692.5,7918.38,0,0
2025-07-26,Study Table,Furniture,North,Store A,9,12774.51,15,97724.98,15160.61,0,0
2025-07-26,T-Shirt,Fashion,East,Store D,13,855.02,10,10003.75,3606.91,0,0
2025-07-26,Jeans,Fashion,South,Store C,18,1749.53,20,25193.22,5341.58,0,0
2025-07-26,Shoes,Fashion,East,Store D,17,2419.88,5,39081.1,11361.82,0,0
2025-07-26,Coffee Maker,Home Appliances,West,Store E,8,4638.04,0,37104.3,14969.17,0,0
2025-07-26,Mixer Grinder,Home Appliances,West,Store B,12,3344.12,10,36116.52,4205.88,0,0
2025-07-27,Laptop,Electronics,East,Store E,13,53065.84,0,689855.92,176007.16,0,0
2025-07-27,Smartphone,Electronics,West,Store E,13,24183.6,10,282948.06,76821.64,0,0
2025-07-27,Headphones,Electronics,South,Store D,9,2438.1,0,21942.91,5712.99,1,0
2025-07-27,Office Chair,Furniture,West,Store B,8,7182.57,5,54587.51,12398.46,0,0
2025-07-27,Study Table,Furniture,West,Store D,8,12368.46,5,94000.28,30991.49,0,0
2025-07-27,T-Shirt,Fashion,East,Store D,13,821.41,15,9076.63,1780.98,0,0
2025-07-27,Jeans,Fashion,South,Store C,16,1842.39,5,28004.28,5868.47,0,0
2025-07-27,Shoes,Fashion,North,Store B,8,2679.43,5,20363.67,7137.64,0,0
2025-07-27,Coffee Maker,Home Appliances,East,Store E,5,4505.06,10,20272.78,5858.57,0,0
2025-07-27,Mixer Grinder,Home Appliances,East,Store C,16,3325.5,15,45226.75,6489.57,1,0
2025-07-28,Laptop,Electronics,North,Store B,5,57457.51,0,287287.56,113638.68,0,0
2025-07-28,Smartphone,Electronics,South,Store C,11,24653.8,5,257632.2,90713.28,0,0
2025-07-28,Headphones,Electronics,South,Store E,4,2407.47,5,9148.39,1730.82,0,0
2025-07-28,Office Chair,Furniture,North,Store B,5,7528.17,0,37640.85,11141.11,0,0
2025-07-28,Study Table,Furniture,South,Store B,8,11706.32,10,84285.48,11713.5,0,0
2025-07-28,T-Shirt,Fashion,South,Store D,13,851.61,0,11070.91,3357.03,1,0
2025-07-28,Jeans,Fashion,North,Store D,15,1864.36,10,25168.88,6161.42,1,0
2025-07-28,Shoes,Fashion,East,Store D,12,2402.38,0,28828.61,8299.34,0,0
2025-07-28,Coffee Maker,Home Appliances,West,Store C,15,4366.29,5,62219.63,20503.93,0,0
2025-07-28,Mixer Grinder,Home Appliances,West,Store D,9,3605.31,0,32447.75,10042.79,1,0
2025-07-29,Laptop,Electronics,West,Store C,9,53112.16,10,430208.47,111684.02,1,0
2025-07-29,Smartphone,Electronics,East,Store E,16,25783.57,15,350656.54,41788.24,0,0
2025-07-29,Headphones,Electronics,South,Store B,10,2427.2,5,23058.43,7011.06,0,0
2025-07-29,Office Chair,Furniture,West,Store A,7,8093.25,10,50987.45,17414.48,1,0
2025-07-29,Study Table,Furniture,West,Store B,9,12699.51,15,97151.25,29656.5,0,0
2025-07-29,T-Shirt,Fashion,North,Store E,17,854.88,20,11626.37,3314.54,1,0
2025-07-29,Jeans,Fashion,West,Store D,16,1937.7,5,29453.1,7726.3,0,0
2025-07-29,Shoes,Fashion,East,Store C,12,2380.24,10,25706.6,4212.02,0,0
2025-07-29,Coffee Maker,Home Appliances,East,Store B,5,4831.01,15,20531.79,4678.92,1,0
2025-07-29,Mixer Grinder,Home Appliances,South,Store A,12,3394.61,5,38698.59,7459.78,1,0
2025-07-30,Laptop,Electronics,North,Store D,4,57850.48,20,185121.55,27543.69,0,0
2025-07-30,Smartphone,Electronics,South,Store B,5,25179.13,5,119600.85,34455.37,0,0
2025-07-30,Headphones,Electronics,South,Store A,6,2580.43,10,13934.32,4811.77,0,0
2025-07-30,Office Chair,Furniture,South,Store A,9,7198.77,5,61549.49,14858.26,0,0
2025-07-30,Study Table,Furniture,East,Store C,8,11546.3,0,92370.38,30160.57,0,0
2025-07-30,T-Shirt,Fashion,West,Store E,8,792.58,0,6340.6,2048.55,0,0
2025-07-30,Jeans,Fashion,North,Store B,12,1726.95,5,19687.22,5580.23,1,0
2025-07-30,Shoes,Fashion,South,Store E,15,2441.55,5,34792.03,10022.06,0,0
2025-07-30,Coffee Maker,Home Appliances,East,Store D,9,4407.94,5,37687.93,9390.97,0,0
2025-07-30,Mixer Grinder,Home Appliances,East,Store A,3,3412.12,10,9212.73,1300.98,0,0
2025-07-31,Laptop,Electronics,South,Store A,5,57394.09,10,258273.39,85172.55,0,0
2025-07-31,Smartphone,Electronics,East,Store D,17,25967.51,15,375230.58,54400.68,1,0
2025-07-31,Headphones,Electronics,North,Store A,9,2690.88,10,21796.14,5980.35,0,0
2025-07-31,Office Chair,Furniture,North,Store A,4,7191.14,10,25888.09,6168.07,0,0
2025-07-31,Study Table,Furniture,South,Store A,6,12274.74,0,73648.47,22242.8,0,0
2025-07-31,T-Shirt,Fashion,East,Store E,13,769.33,10,9001.21,1298.29,0,0
2025-07-31,Jeans,Fashion,South,Store C,15,1927.93,10,26027.01,7085.73,0,0
2025-07-31,Shoes,Fashion,North,Store C,7,2562.7,0,17938.87,6361.57,0,0
2025-07-31,Coffee Maker,Home Appliances,North,Store C,6,4316.87,0,25901.2,6109.8,0,0
2025-07-31,Mixer Grinder,Home Appliances,South,Store D,8,3510.35,5,26678.68,5098.05,1,0
2025-08-01,Laptop,Electronics,East,Store A,14,58314.65,5,775584.8,293116.84,0,0
2025-08-01,Smartphone,Electronics,West,Store A,8,25852.86,15,175799.42,28442.94,0,0
2025-08-01,Headphones,Electronics,West,Store D,19,2458.86,20,37374.62,5772.12,1,0
2025-08-01,Office Chair,Furniture,North,Store A,13,7733.8,0,100539.35,33833.4,0,0
2025-08-01,Study Table,Furniture,South,Store E,10,11702.44,15,99470.73,11124.31,0,0
2025-08-01,T-Shirt,Fashion,South,Store C,13,856.57,5,10578.6,3907.16,0,0
2025-08-01,Jeans,Fashion,East,Store E,19,1843.08,0,35018.49,13161.56,0,0
2025-08-01,Shoes,Fashion,North,Store B,15,2521.63,5,35933.29,8080.84,0,0
2025-08-01,Coffee Maker,Home Appliances,East,Store B,11,4754.21,0,52296.34,14343.81,1,0
2025-08-01,Mixer Grinder,Home Appliances,North,Store D,16,3422.65,0,54762.47,15301.03,1,0
2025-08-02,Laptop,Electronics,West,Store C,16,59011.01,20,755340.88,215939.97,0,0
2025-08-02,Smartphone,Electronics,East,Store B,15,25360.64,5,361389.09,117957.37,0,0
2025-08-02,Headphones,Electronics,South,Store D,20,2403.71,20,38459.37,2300.08,1,0
2025-08-02,Office Chair,Furniture,South,Store A,21,7530.63,5,150236.03,42214.71,1,0
2025-08-02,Study Table,Furniture,North,Store E,12,11859.31,0,142311.74,45189.85,0,0
2025-08-02,T-Shirt,Fashion,North,Store B,22,819.25,20,14418.84,2832.32,0,0
2025-08-02,Jeans,Fashion,West,Store B,17,1866.37,20,25382.67,4215.42,0,0
2025-08-02,Shoes,Fashion,South,Store E,15,2547.26,0,38208.9,12772.03,0,0
2025-08-02,Coffee Maker,Home Appliances,East,Store A,15,4677.38,0,70160.69,28328.54,0,0
2025-08-02,Mixer Grinder,Home Appliances,East,Store C,6,3689.41,15,18816.01,4699.67,0,0
2025-08-03,Laptop,Electronics,West,Store A,12,52736.18,5,601192.48,202055.65,0,0
2025-08-03,Smartphone,Electronics,North,Store D,22,26736.66,5,558796.2,219412.8,0,0
2025-08-03,Headphones,Electronics,North,Store E,20,2528.21,5,48036.06,10911.38,0,0
2025-08-03,Office Chair,Furniture,North,Store D,10,7864.74,5,74715.05,28815.22,0,0
2025-08-03,Study Table,Furniture,East,Store C,9,12552.13,0,112969.19,46241.49,0,0
2025-08-03,T-Shirt,Fashion,North,Store A,15,774.62,0,11619.28,3255.49,0,0
2025-08-03,Jeans,Fashion,East,Store C,25,1729.94,5,41085.97,12745.23,0,0
2025-08-03,Shoes,Fashion,East,Store E,21,2391.61,0,50223.79,11816.07,1,0
2025-08-03,Coffee Maker,Home Appliances,West,Store D,13,4679.36,0,60831.65,16663.28,0,0
2025-08-03,Mixer Grinder,Home Appliances,North,Store A,15,3383.42,10,45676.2,6187.13,0,0
2025-08-04,Laptop,Electronics,West,Store C,9,57296.74,5,489887.16,164400.4,0,0
2025-08-04,Smartphone,Electronics,West,Store B,23,25646.35,0,589866.08,227677.22,1,0
2025-08-04,Headphones,Electronics,North,Store D,20,2606.2,15,44305.32,5888.33,1,0
2025-08-04,Office Chair,Furniture,West,Store E,12,8038.09,0,96457.04,35475.6,1,0
2025-08-04,Study Table,Furniture,South,Store B,19,11450.07,10,195796.27,54957.57,1,0
2025-08-04,T-Shirt,Fashion,South,Store A,15,775.22,5,11046.96,3278.01,0,0
2025-08-04,Jeans,Fashion,South,Store A,23,1861.76,15,36397.49,6531.4,0,0
2025-08-04,Shoes,Fashion,East,Store C,17,2513.14,15,36314.83,6928.76,0,0
2025-08-04,Coffee Maker,Home Appliances,North,Store A,11,4538.77,0,49926.42,17951.81,0,0
2025-08-04,Mixer Grinder,Home Appliances,South,Store E,8,3626.83,20,23211.72,5699.42,0,0
2025-08-05,Laptop,Electronics,East,Store D,26,52655.87,10,1232147.41,372749.08,1,0
2025-08-05,Smartphone,Electronics,South,Store A,14,25931.76,10,326740.24,57494.14,0,0
2025-08-05,Headphones,Electronics,South,Store B,18,2454.75,10,39766.97,5166.93,0,0
2025-08-05,Office Chair,Furniture,North,Store A,4,7856.85,0,31427.41,8467.45,0,0
2025-08-05,Study Table,Furniture,North,Store D,8,12743.91,0,101951.28,31473.44,1,0
2025-08-05,T-Shirt,Fashion,West,Store D,28,802.64,5,21350.14,4198.48,1,0
2025-08-05,Jeans,Fashion,South,Store A,13,1791.65,5,22126.84,5017.56,0,0
2025-08-05,Shoes,Fashion,West,Store D,17,2553.97,0,43417.52,12665.48,0,0
2025-08-05,Coffee Maker,Home Appliances,West,Store D,10,4761.26,10,42851.31,8799.09,0,0
2025-08-05,Mixer Grinder,Home Appliances,East,Store B,13,3357.09,5,41460.06,7974.41,0,0
2025-08-06,Laptop,Electronics,South,Store C,14,58412.35,10,735995.62,185726.39,0,0
2025-08-06,Smartphone,Electronics,South,Store B,14,25143.39,0,352007.44,118320.23,0,0
2025-08-06,Headphones,Electronics,West,Store C,21,2530.39,5,50481.29,18834.55,1,0
2025-08-06,Office Chair,Furniture,North,Store D,11,7723.49,5,80710.45,16537.19,1,0
2025-08-06,Study Table,Furniture,West,Store D,5,11524.45,5,54741.14,13606.07,0,0
2025-08-06,T-Shirt,Fashion,South,Store A,13,845.23,5,10438.58,3118.82,0,0
2025-08-06,Jeans,Fashion,East,Store E,25,1817.79,5,43172.56,11244.84,1,0
2025-08-06,Shoes,Fashion,West,Store C,14,2620.29,0,36684.1,9860.69,0,0
2025-08-06,Coffee Maker,Home Appliances,North,Store B,11,4327.99,0,47607.88,14034.46,1,0
2025-08-06,Mixer Grinder,Home Appliances,South,Store D,9,3683.26,5,31491.83,10868.1,0,0
2025-08-07,Laptop,Electronics,South,Store C,9,57084.16,10,462381.73,125347.96,1,0
2025-08-07,Smartphone,Electronics,North,Store A,11,26122.01,0,287342.1,122164.73,0,0
2025-08-07,Headphones,Electronics,East,Store C,15,2660.0,5,37904.96,12651.8,0,0
2025-08-07,Office Chair,Furniture,East,Store A,9,7707.96,0,69371.68,26926.42,1,0
2025-08-07,Study Table,Furniture,North,Store A,6,12796.2,0,76777.2,31772.36,0,0
2025-08-07,T-Shirt,Fashion,East,Store D,18,857.33,5,14660.27,4715.08,0,0
2025-08-07,Jeans,Fashion,East,Store C,16,1863.81,5,28329.85,9575.93,0,0
2025-08-07,Shoes,Fashion,North,Store D,16,2478.38,5,37671.41,8418.14,0,0
2025-08-07,Coffee Maker,Home Appliances,East,Store B,8,4852.42,0,38819.32,14099.11,1,0
2025-08-07,Mixer Grinder,Home Appliances,South,Store D,17,3362.61,15,48589.78,5223.31,1,0
2025-08-08,Laptop,Electronics,West,Store B,4,57956.65,15,197052.61,32153.87,0,0
2025-08-08,Smartphone,Electronics,West,Store D,14,26711.98,0,373967.77,114779.65,0,0
2025-08-08,Headphones,Electronics,East,Store B,17,2379.27,20,32358.08,-303.87,1,0
2025-08-08,Office Chair,Furniture,North,Store D,8,7329.2,15,49838.56,7784.39,1,0
2025-08-08,Study Table,Furniture,South,Store B,10,12521.73,0,125217.29,49453.94,1,0
2025-08-08,T-Shirt,Fashion,West,Store C,7,803.39,15,4780.16,868.2,0,0
2025-08-08,Jeans,Fashion,East,Store A,28,1772.81,10,44674.9,6987.07,0,0
2025-08-08,Shoes,Fashion,West,Store A,11,2427.37,5,25365.99,4175.81,0,0
2025-08-08,Coffee Maker,Home Appliances,South,Store C,13,4712.2,0,61258.55,16853.64,1,0
2025-08-08,Mixer Grinder,Home Appliances,North,Store B,14,3432.62,5,45653.88,8283.65,0,0
2025-08-09,Laptop,Electronics,South,Store C,21,55985.74,0,1175700.53,322373.13,0,0
2025-08-09,Smartphone,Electronics,South,Store B,17,23967.9,15,346336.16,18050.15,1,0
2025-08-09,Headphones,Electronics,West,Store A,27,2382.71,0,64333.2,14759.91,1,0
2025-08-09,Office Chair,Furniture,West,Store B,5,7266.03,5,34513.63,9237.73,0,0
2025-08-09,Study Table,Furniture,South,Store D,9,11766.74,5,100605.62,31949.04,0,0
2025-08-09,T-Shirt,Fashion,West,Store D,28,820.89,0,22985.05,8562.45,1,0
2025-08-09,Jeans,Fashion,North,Store C,16,1875.92,10,27013.27,5251.72,0,0
2025-08-09,Shoes,Fashion,East,Store B,16,2488.87,5,37830.81,13392.81,0,0
2025-08-09,Coffee Maker,Home Appliances,South,Store C,12,4709.41,15,48035.95,8169.18,0,0
2025-08-09,Mixer Grinder,Home Appliances,North,Store C,18,3425.24,0,61654.27,20552.78,1,0
2025-08-10,Laptop,Electronics,North,Store A,12,57511.92,0,690143.06,252913.05,0,0
2025-08-10,Smartphone,Electronics,West,Store A,16,24008.15,10,345717.37,92409.72,0,0
2025-08-10,Headphones,Electronics,East,Store B,5,2496.07,20,9984.28,1086.63,0,0
2025-08-10,Office Chair,Furniture,East,Store D,5,7296.75,15,31011.2,4720.03,1,0
2025-08-10,Study Table,Furniture,East,Store C,12,12476.85,10,134749.98,23756.35,0,0
2025-08-10,T-Shirt,Fashion,East,Store D,26,832.56,0,21646.64,7210.18,0,0
2025-08-10,Jeans,Fashion,South,Store C,12,1879.46,5,21425.85,8330.17,0,0
2025-08-10,Shoes,Fashion,South,Store A,21,2661.63,20,44715.4,4987.49,0,0
2025-08-10,Coffee Maker,Home Appliances,East,Store E,15,4388.97,0,65834.62,24006.18,0,0
2025-08-10,Mixer Grinder,Home Appliances,North,Store D,12,3391.09,15,34589.15,7969.15,1,0
2025-08-11,Laptop,Electronics,East,Store C,19,53998.63,5,974675.26,340566.45,1,0
2025-08-11,Smartphone,Electronics,East,Store A,18,24016.95,5,410689.77,72829.22,1,0
2025-08-11,Headphones,Electronics,West,Store D,17,2671.67,0,45418.36,13738.56,0,0
2025-08-11,Office Chair,Furniture,East,Store A,7,7430.03,0,52010.2,20133.61,0,0
2025-08-11,Study Table,Furniture,West,Store B,9,11957.88,0,107620.95,24935.58,0,0
2025-08-11,T-Shirt,Fashion,West,Store A,18,767.52,0,13815.44,4370.03,0,0
2025-08-11,Jeans,Fashion,South,Store C,20,1838.63,0,36772.61,11365.97,0,0
2025-08-11,Shoes,Fashion,West,Store A,10,2517.48,15,21398.59,5365.2,0,0
2025-08-11,Coffee Maker,Home Appliances,West,Store E,8,4417.92,5,33576.22,5774.61,1,0
2025-08-11,Mixer Grinder,Home Appliances,North,Store D,12,3594.14,0,43129.7,16105.92,0,0
2025-08-12,Laptop,Electronics,North,Store E,14,59347.54,15,706235.78,183086.6,0,0
2025-08-12,Smartphone,Electronics,East,Store A,13,25678.47,15,283747.11,86893.28,1,0
2025-08-12,Headphones,Electronics,East,Store E,15,2629.43,15,33525.22,4562.62,0,0
2025-08-12,Office Chair,Furniture,West,Store C,5,7510.69,20,30042.78,3166.82,0,0
2025-08-12,Study Table,Furniture,North,Store D,19,11746.45,0,223182.51,75474.0,1,0
2025-08-12,T-Shirt,Fashion,South,Store E,19,767.93,15,12402.01,2501.82,1,0
2025-08-12,Jeans,Fashion,West,Store D,18,1789.58,0,32212.5,9486.93,0,0
2025-08-12,Shoes,Fashion,West,Store E,11,2614.57,0,28760.29,10291.41,0,0
2025-08-12,Coffee Maker,Home Appliances,South,Store D,8,4514.32,0,36114.57,10886.03,0,0
2025-08-12,Mixer Grinder,Home Appliances,North,Store D,15,3544.32,10,47848.3,15002.59,0,0
2025-08-13,Laptop,Electronics,West,Store B,23,55893.23,5,1221267.08,304908.89,1,0
2025-08-13,Smartphone,Electronics,North,Store C,18,23825.04,5,407408.26,100259.39,1,0
2025-08-13,Headphones,Electronics,North,Store A,15,2412.16,10,32564.14,3666.8,0,0
2025-08-13,Office Chair,Furniture,West,Store C,14,7624.11,5,101400.72,24884.8,1,0
2025-08-13,Study Table,Furniture,South,Store E,12,11445.97,0,137351.68,46236.08,0,0
2025-08-13,T-Shirt,Fashion,East,Store A,18,796.55,10,12904.08,2929.36,1,0
2025-08-13,Jeans,Fashion,North,Store E,10,1801.08,10,16209.74,5312.47,0,0
2025-08-13,Shoes,Fashion,East,Store C,13,2402.59,0,31233.72,6595.4,0,0
2025-08-13,Coffee Maker,Home Appliances,North,Store B,7,4799.77,5,31918.47,12082.88,0,0
2025-08-13,Mixer Grinder,Home Appliances,North,Store B,7,3606.97,15,21461.47,5633.39,0,0
2025-08-14,Laptop,Electronics,West,Store A,23,59334.67,5,1296462.56,457891.7,1,0
2025-08-14,Smartphone,Electronics,West,Store A,4,23780.1,0,95120.42,29437.29,0,0
2025-08-14,Headphones,Electronics,South,Store D,15,2638.3,15,33638.37,6935.34,1,0
2025-08-14,Office Chair,Furniture,West,Store C,10,7674.12,5,72904.1,19461.11,0,0
2025-08-14,Study Table,Furniture,East,Store B,10,12572.72,15,106868.11,29754.0,0,0
2025-08-14,T-Shirt,Fashion,North,Store A,14,852.49,10,10741.36,3674.94,0,0
2025-08-14,Jeans,Fashion,West,Store D,24,1716.02,10,37065.97,6793.99,1,0
2025-08-14,Shoes,Fashion,West,Store D,22,2394.32,0,52674.97,18679.5,1,0
2025-08-14,Coffee Maker,Home Appliances,North,Store E,7,4564.13,20,25559.12,6063.79,0,0
2025-08-14,Mixer Grinder,Home Appliances,North,Store C,12,3642.91,10,39343.4,11418.35,1,0
2025-08-15,Laptop,Electronics,North,Store E,11,54303.72,15,507739.8,69699.26,0,0
2025-08-15,Smartphone,Electronics,East,Store E,9,26856.05,15,205448.77,37036.97,0,0
2025-08-15,Headphones,Electronics,North,Store A,9,2379.08,0,21411.76,7201.28,1,0
2025-08-15,Office Chair,Furniture,East,Store A,8,7360.29,10,52994.09,11156.82,0,0
2025-08-15,Study Table,Furniture,West,Store B,7,12544.73,0,87813.11,33347.21,0,0
2025-08-15,T-Shirt,Fashion,North,Store D,14,764.64,10,9634.45,1512.22,0,0
2025-08-15,Jeans,Fashion,South,Store A,17,1842.11,15,26618.44,7416.65,0,0
2025-08-15,Shoes,Fashion,South,Store C,23,2602.57,5,56866.26,19272.48,1,0
2025-08-15,Coffee Maker,Home Appliances,West,Store D,6,4324.59,20,20758.04,34.91,0,0
2025-08-15,Mixer Grinder,Home Appliances,South,Store B,15,3443.96,15,43910.45,4802.35,0,0
2025-08-16,Laptop,Electronics,North,Store C,14,56653.49,20,634519.12,122660.87,0,0
2025-08-16,Smartphone,Electronics,East,Store D,18,26124.91,5,446735.92,175916.64,0,0
2025-08-16,Headphones,Electronics,East,Store E,24,2491.57,0,59797.75,18614.72,1,0
2025-08-16,Office Chair,Furniture,West,Store C,15,7871.92,0,118078.76,41186.52,1,0
2025-08-16,Study Table,Furniture,South,Store C,19,12193.73,0,231680.91,73301.79,0,0
2025-08-16,T-Shirt,Fashion,West,Store E,23,800.56,0,18412.79,6620.64,1,0
2025-08-16,Jeans,Fashion,North,Store B,12,1786.79,5,20369.41,5679.68,0,0
2025-08-16,Shoes,Fashion,West,Store B,27,2622.31,10,63722.05,19001.85,1,0
2025-08-16,Coffee Maker,Home Appliances,West,Store B,17,4441.4,15,64178.25,13831.2,0,0
2025-08-16,Mixer Grinder,Home Appliances,West,Store B,15,3674.72,0,55120.74,23051.94,0,0
2025-08-17,Laptop,Electronics,North,Store D,10,54550.13,5,518226.21,161453.5,0,0
2025-08-17,Smartphone,Electronics,North,Store B,11,25582.03,15,239191.98,27959.24,0,0
2025-08-17,Headphones,Electronics,East,Store E,24,2509.93,0,60238.36,20447.28,0,0
2025-08-17,Office Chair,Furniture,North,Store D,5,8015.02,15,34063.85,8308.82,0,0
2025-08-17,Study Table,Furniture,East,Store A,14,12719.94,5,169175.15,44594.14,0,0
2025-08-17,T-Shirt,Fashion,South,Store C,16,761.08,0,12177.24,3755.56,0,0
2025-08-17,Jeans,Fashion,East,Store D,13,1758.23,20,18285.59,2632.45,0,0
2025-08-17,Shoes,Fashion,South,Store D,20,2575.06,10,46351.05,10806.22,0,0
2025-08-17,Coffee Maker,Home Appliances,South,Store D,10,4767.57,5,45291.94,14036.05,0,0
2025-08-17,Mixer Grinder,Home Appliances,West,Store C,19,3701.78,0,70333.73,23685.19,1,0
2025-08-18,Laptop,Electronics,South,Store C,13,53646.32,20,557921.74,103548.8,0,0
2025-08-18,Smartphone,Electronics,West,Store C,10,25359.26,15,215553.71,23634.49,0,0
2025-08-18,Headphones,Electronics,North,Store D,9,2685.2,15,20541.82,4399.84,0,0
2025-08-18,Office Chair,Furniture,West,Store E,6,7910.5,5,45089.83,10196.53,0,0
2025-08-18,Study Table,Furniture,South,Store D,10,12402.47,15,105420.96,31277.05,1,0
2025-08-18,T-Shirt,Fashion,South,Store B,22,837.01,0,18414.13,6604.31,1,0
2025-08-18,Jeans,Fashion,West,Store B,22,1779.44,15,33275.46,7734.91,1,0
2025-08-18,Shoes,Fashion,South,Store E,16,2503.79,5,38057.61,7958.12,0,0
2025-08-18,Coffee Maker,Home Appliances,West,Store E,4,4371.81,0,17487.24,6070.16,0,0
2025-08-18,Mixer Grinder,Home Appliances,North,Store A,12,3764.4,5,42914.16,17306.7,0,0
2025-08-19,Laptop,Electronics,West,Store D,15,55694.22,15,710101.3,198862.0,0,0
2025-08-19,Smartphone,Electronics,East,Store B,12,26000.43,5,296404.93,88938.12,0,0
2025-08-19,Headphones,Electronics,South,Store E,20,2450.83,0,49016.53,12377.05,0,0
2025-08-19,Office Chair,Furniture,East,Store D,13,7776.3,5,96037.33,27832.08,0,0
2025-08-19,Study Table,Furniture,East,Store E,8,12539.36,0,100314.88,40032.36,0,0
2025-08-19,T-Shirt,Fashion,North,Store E,24,761.56,10,16449.71,1912.83,1,0
2025-08-19,Jeans,Fashion,West,Store E,18,1819.63,10,29477.99,9451.49,0,0
2025-08-19,Shoes,Fashion,East,Store B,18,2605.96,5,44561.94,15858.94,0,0
2025-08-19,Coffee Maker,Home Appliances,East,Store E,10,4415.17,5,41944.08,14094.87,0,0
2025-08-19,Mixer Grinder,Home Appliances,South,Store A,14,3598.33,5,47857.85,13535.95,1,0
2025-08-20,Laptop,Electronics,East,Store B,21,55770.81,15,995509.0,299588.78,1,0
2025-08-20,Smartphone,Electronics,West,Store B,10,23830.33,0,238303.31,83964.21,0,0
2025-08-20,Headphones,Electronics,South,Store D,10,2621.97,0,26219.73,8907.86,0,0
2025-08-20,Office Chair,Furniture,East,Store D,9,7355.62,5,62890.55,16380.01,0,0
2025-08-20,Study Table,Furniture,West,Store E,5,12399.97,5,58899.85,21812.04,0,0
2025-08-20,T-Shirt,Fashion,West,Store D,21,815.37,10,15410.45,2887.27,1,0
2025-08-20,Jeans,Fashion,South,Store B,13,1901.17,5,23479.41,6509.83,0,0
2025-08-20,Shoes,Fashion,North,Store B,17,2696.36,0,45838.04,17232.17,0,0
2025-08-20,Coffee Maker,Home Appliances,West,Store A,6,4680.53,5,26679.01,10396.08,0,0
2025-08-20,Mixer Grinder,Home Appliances,West,Store E,10,3725.98,0,37259.85,13283.16,0,0
2025-08-21,Laptop,Electronics,West,Store E,19,57392.6,5,1035936.42,365973.34,1,0
2025-08-21,Smartphone,Electronics,West,Store D,15,24592.78,10,332002.49,55315.34,1,0
2025-08-21,Headphones,Electronics,East,Store D,11,2610.31,10,25842.1,7296.57,0,0
2025-08-21,Office Chair,Furniture,North,Store E,10,7942.13,0,79421.27,23548.23,0,0
2025-08-21,Study Table,Furniture,North,Store E,9,12767.0,5,109157.88,43286.65,0,0
2025-08-21,T-Shirt,Fashion,West,Store B,12,804.64,0,9655.71,3341.12,0,0
2025-08-21,Jeans,Fashion,West,Store A,15,1781.51,0,26722.7,8478.68,0,0
2025-08-21,Shoes,Fashion,East,Store C,9,2675.54,5,22875.85,8569.88,0,0
2025-08-21,Coffee Maker,Home Appliances,East,Store A,12,4515.57,0,54186.8,17272.51,0,0
2025-08-21,Mixer Grinder,Home Appliances,South,Store B,11,3514.47,10,34793.24,7396.2,0,0
2025-08-22,Laptop,Electronics,East,Store E,9,56113.28,5,479768.56,94111.57,0,0
2025-08-22,Smartphone,Electronics,East,Store A,11,26377.72,20,232123.94,57142.0,0,0
2025-08-22,Headphones,Electronics,North,Store B,12,2527.44,5,28812.8,7844.26,0,0
2025-08-22,Office Chair,Furniture,West,Store A,10,7207.28,0,72072.77,15860.25,0,0
2025-08-22,Study Table,Furniture,East,Store A,7,12944.32,15,77018.69,12270.17,0,0
2025-08-22,T-Shirt,Fashion,North,Store C,21,791.88,0,16629.48,5661.17,1,0
2025-08-22,Jeans,Fashion,South,Store A,13,1890.32,15,20888.03,3906.91,0,0
2025-08-22,Shoes,Fashion,South,Store D,15,2673.51,10,36092.35,8895.68,0,0
2025-08-22,Coffee Maker,Home Appliances,South,Store C,6,4626.86,10,24985.05,4933.08,0,0
2025-08-22,Mixer Grinder,Home Appliances,West,Store C,9,3719.53,5,31801.97,12210.69,0,0
2025-08-23,Laptop,Electronics,North,Store A,19,54770.14,20,832506.16,90104.35,0,0
2025-08-23,Smartphone,Electronics,West,Store B,16,26292.82,5,399650.79,128658.72,1,0
2025-08-23,Headphones,Electronics,South,Store B,15,2546.04,10,34371.54,5705.35,0,0
2025-08-23,Office Chair,Furniture,North,Store E,10,7749.2,0,77492.0,27283.86,0,0
2025-08-23,Study Table,Furniture,South,Store C,7,11553.07,0,80871.51,26478.9,0,0
2025-08-23,T-Shirt,Fashion,West,Store A,21,853.6,0,17925.63,6111.38,0,0
2025-08-23,Jeans,Fashion,East,Store D,20,1752.63,5,33299.97,9351.14,0,0
2025-08-23,Shoes,Fashion,South,Store B,27,2667.1,0,72011.61,26346.28,0,0
2025-08-23,Coffee Maker,Home Appliances,South,Store C,14,4661.65,5,61999.92,13899.63,0,0
2025-08-23,Mixer Grinder,Home Appliances,East,Store C,15,3592.35,5,51191.04,12368.03,0,0
2025-08-24,Laptop,Electronics,East,Store C,11,59241.26,5,619071.16,178878.5,0,0
2025-08-24,Smartphone,Electronics,South,Store A,17,26869.91,15,388270.26,81234.44,0,0
2025-08-24,Headphones,Electronics,South,Store A,10,2451.92,0,24519.16,5825.69,0,0
2025-08-24,Office Chair,Furniture,West,Store C,15,7188.48,10,97044.54,11045.11,1,0
2025-08-24,Study Table,Furniture,North,Store E,12,11942.77,15,121816.21,12254.47,0,0
2025-08-24,T-Shirt,Fashion,West,Store E,8,765.34,0,6122.71,2184.13,0,0
2025-08-24,Jeans,Fashion,South,Store D,21,1797.18,0,37740.83,8815.17,0,0
2025-08-24,Shoes,Fashion,North,Store D,29,2629.73,0,76262.16,32392.19,1,0
2025-08-24,Coffee Maker,Home Appliances,North,Store B,14,4764.7,0,66705.79,22649.39,0,0
2025-08-24,Mixer Grinder,Home Appliances,North,Store D,21,3561.79,0,74797.51,29919.11,1,0
2025-08-25,Laptop,Electronics,South,Store E,11,56145.88,0,617604.66,221488.42,1,0
2025-08-25,Smartphone,Electronics,North,Store C,17,25326.87,10,387501.18,124898.36,1,0
2025-08-25,Headphones,Electronics,West,Store C,13,2591.43,15,28635.34,6161.97,1,0
2025-08-25,Office Chair,Furniture,West,Store B,10,7285.02,0,72850.22,15359.65,0,0
2025-08-25,Study Table,Furniture,East,Store D,12,11729.99,5,133721.93,39138.51,0,0
2025-08-25,T-Shirt,Fashion,East,Store B,16,848.64,15,11541.49,2616.91,0,0
2025-08-25,Jeans,Fashion,North,Store E,17,1749.79,10,26771.73,6793.49,0,0
2025-08-25,Shoes,Fashion,West,Store E,25,2582.69,5,61338.83,20363.44,0,0
2025-08-25,Coffee Maker,Home Appliances,West,Store C,7,4614.74,15,27457.68,3829.6,0,0
2025-08-25,Mixer Grinder,Home Appliances,South,Store B,7,3389.26,0,23724.79,5898.98,0,0
2025-08-26,Laptop,Electronics,South,Store C,12,52975.45,10,572134.81,59503.45,0,0
2025-08-26,Smartphone,Electronics,West,Store B,7,25815.78,5,171674.97,48891.68,0,0
2025-08-26,Headphones,Electronics,South,Store E,26,2666.17,0,69320.5,23869.63,1,0
2025-08-26,Office Chair,Furniture,South,Store A,10,7418.93,10,66770.36,9452.31,0,0
2025-08-26,Study Table,Furniture,South,Store A,5,12530.35,15,53254.0,15722.86,0,0
2025-08-26,T-Shirt,Fashion,South,Store D,17,819.58,10,12539.56,3472.6,1,0
2025-08-26,Jeans,Fashion,West,Store E,19,1858.95,20,28256.07,3140.17,0,0
2025-08-26,Shoes,Fashion,East,Store C,21,2484.66,10,46959.98,14158.8,0,0
2025-08-26,Coffee Maker,Home Appliances,East,Store E,8,4302.56,0,34420.51,8920.37,0,0
2025-08-26,Mixer Grinder,Home Appliances,South,Store E,15,3556.05,5,50673.65,15886.2,1,0
2025-08-27,Laptop,Electronics,East,Store E,20,59035.85,15,1003609.53,314460.73,0,0
2025-08-27,Smartphone,Electronics,East,Store D,10,26519.34,0,265193.39,74038.21,0,0
2025-08-27,Headphones,Electronics,South,Store E,11,2537.0,15,23720.98,2505.38,0,0
2025-08-27,Office Chair,Furniture,East,Store B,7,7972.4,0,55806.79,16762.24,0,0
2025-08-27,Study Table,Furniture,North,Store E,7,12886.57,20,72164.8,10615.99,0,0
2025-08-27,T-Shirt,Fashion,North,Store A,17,846.32,5,13668.1,4127.35,0,0
2025-08-27,Jeans,Fashion,West,Store E,15,1728.22,10,23330.94,3813.17,0,0
2025-08-27,Shoes,Fashion,West,Store E,20,2491.97,10,44855.43,6295.84,1,0
2025-08-27,Coffee Maker,Home Appliances,South,Store E,10,4849.69,5,46072.06,12001.17,0,0
2025-08-27,Mixer Grinder,Home Appliances,North,Store E,9,3449.98,20,24839.83,3786.78,1,0
2025-08-28,Laptop,Electronics,East,Store E,15,55121.07,0,826816.0,209034.19,1,0
2025-08-28,Smartphone,Electronics,East,Store B,20,26378.36,5,501188.91,117312.92,1,0
2025-08-28,Headphones,Electronics,West,Store E,17,2600.88,5,42004.19,9754.15,1,0
2025-08-28,Office Chair,Furniture,West,Store D,5,7202.95,0,36014.73,8435.46,0,0
2025-08-28,Study Table,Furniture,North,Store D,14,11636.43,15,138473.55,25774.9,0,0
2025-08-28,T-Shirt,Fashion,South,Store A,20,824.35,10,14838.31,3608.17,0,0
2025-08-28,Jeans,Fashion,South,Store C,20,1814.14,5,34468.73,12606.02,0,0
2025-08-28,Shoes,Fashion,North,Store B,24,2683.57,5,61185.36,18221.0,0,0
2025-08-28,Coffee Maker,Home Appliances,North,Store A,12,4329.78,0,51957.35,17124.39,0,0
2025-08-28,Mixer Grinder,Home Appliances,South,Store E,11,3440.71,5,35955.44,10182.15,0,0
2025-08-29,Laptop,Electronics,North,Store A,15,54800.22,0,822003.24,281002.18,0,0
2025-08-29,Smartphone,Electronics,East,Store B,8,25684.87,5,195204.99,50900.13,0,0
2025-08-29,Headphones,Electronics,West,Store B,15,2644.51,0,39667.64,13862.01,1,0
2025-08-29,Office Chair,Furniture,South,Store D,9,7561.05,0,68049.45,19940.27,1,0
2025-08-29,Study Table,Furniture,West,Store A,11,11912.6,0,131038.59,46623.61,1,0
2025-08-29,T-Shirt,Fashion,East,Store C,23,843.33,10,17456.87,3580.15,0,0
2025-08-29,Jeans,Fashion,South,Store E,16,1828.49,15,24867.43,7320.47,0,0
2025-08-29,Shoes,Fashion,North,Store C,19,2591.96,0,49247.21,15516.34,0,0
2025-08-29,Coffee Maker,Home Appliances,South,Store E,7,4633.28,10,29189.65,7435.15,0,0
2025-08-29,Mixer Grinder,Home Appliances,East,Store E,11,3632.96,0,39962.61,11677.79,1,0
2025-08-30,Laptop,Electronics,East,Store B,21,53361.4,0,1120589.49,384629.09,1,0
2025-08-30,Smartphone,Electronics,North,Store E,16,24617.52,0,393880.32,90113.48,0,0
2025-08-30,Headphones,Electronics,West,Store C,14,2555.59,5,33989.37,7161.69,0,0
2025-08-30,Office Chair,Furniture,North,Store C,10,7271.57,15,61808.34,14438.15,1,0
2025-08-30,Study Table,Furniture,North,Store D,17,12218.56,0,207715.5,70052.08,1,0
2025-08-30,T-Shirt,Fashion,South,Store B,34,798.48,15,23075.95,4295.21,0,0
2025-08-30,Jeans,Fashion,North,Store A,21,1773.47,0,37242.97,12849.99,0,0
2025-08-30,Shoes,Fashion,West,Store D,36,2642.37,10,85612.84,27464.79,1,0
2025-08-30,Coffee Maker,Home Appliances,South,Store D,14,4399.35,5,58511.33,18562.69,0,0
2025-08-30,Mixer Grinder,Home Appliances,South,Store E,21,3668.81,15,65488.34,8970.52,1,0
2025-08-31,Laptop,Electronics,West,Store B,21,53219.66,0,1117612.88,257909.03,1,0
2025-08-31,Smartphone,Electronics,South,Store D,14,26383.2,5,350896.57,120834.11,0,0
2025-08-31,Headphones,Electronics,North,Store B,19,2489.38,10,42568.35,7710.67,1,0
2025-08-31,Office Chair,Furniture,South,Store C,10,7459.45,10,67135.06,13920.67,0,0
2025-08-31,Study Table,Furniture,South,Store C,11,11548.78,20,101629.23,19935.46,1,0
2025-08-31,T-Shirt,Fashion,West,Store B,22,823.25,0,18111.46,6151.93,0,0
2025-08-31,Jeans,Fashion,North,Store C,18,1783.77,5,30502.51,9202.14,0,0
2025-08-31,Shoes,Fashion,South,Store E,15,2377.79,15,30316.78,3744.6,0,0
2025-08-31,Coffee Maker,Home Appliances,East,Store B,18,4316.52,0,77697.34,27012.64,1,0
2025-08-31,Mixer Grinder,Home Appliances,North,Store C,17,3421.42,0,58164.08,19952.54,1,0
2025-09-01,Laptop,Electronics,West,Store B,12,57750.31,0,693003.7,261199.27,0,0
2025-09-01,Smartphone,Electronics,North,Store D,8,24862.97,10,179013.38,31678.77,0,0
2025-09-01,Headphones,Electronics,North,Store B,6,2397.28,0,14383.66,2962.55,0,0
2025-09-01,Office Chair,Furniture,South,Store A,6,7744.5,10,41820.32,7253.38,0,0
2025-09-01,Study Table,Furniture,North,Store E,3,11837.77,5,33737.63,10853.8,0,0
2025-09-01,T-Shirt,Fashion,West,Store D,17,765.14,0,13007.35,3651.95,0,0
2025-09-01,Jeans,Fashion,South,Store C,10,1873.54,0,18735.35,7145.13,0,0
2025-09-01,Shoes,Fashion,East,Store D,16,2547.99,5,38729.41,13837.63,1,0
2025-09-01,Coffee Maker,Home Appliances,West,Store C,3,4783.98,10,12916.74,2477.82,0,0
2025-09-01,Mixer Grinder,Home Appliances,East,Store E,9,3413.72,0,30723.5,8840.43,0,0
2025-09-02,Laptop,Electronics,South,Store C,11,58726.09,0,645986.99,226568.81,1,0
2025-09-02,Smartphone,Electronics,East,Store E,17,26335.44,20,358162.0,51046.73,1,0
2025-09-02,Headphones,Electronics,West,Store E,11,2683.95,0,29523.49,12598.96,1,0
2025-09-02,Office Chair,Furniture,West,Store D,3,7386.34,10,19943.11,3623.15,0,0
2025-09-02,Study Table,Furniture,North,Store B,5,12451.68,5,59145.47,20791.91,0,0
2025-09-02,T-Shirt,Fashion,West,Store D,12,828.78,15,8453.55,1339.77,1,0
2025-09-02,Jeans,Fashion,South,Store C,10,1721.31,0,17213.07,5973.48,0,0
2025-09-02,Shoes,Fashion,East,Store C,12,2416.51,5,27548.25,4445.94,0,0
2025-09-02,Coffee Maker,Home Appliances,East,Store C,5,4318.58,15,18353.97,2880.9,0,0
2025-09-02,Mixer Grinder,Home Appliances,South,Store D,12,3615.67,0,43388.09,12073.63,1,0
2025-09-03,Laptop,Electronics,North,Store A,18,58995.74,0,1061923.25,458166.07,1,0
2025-09-03,Smartphone,Electronics,East,Store C,16,23859.9,0,381758.44,102085.48,1,0
2025-09-03,Headphones,Electronics,North,Store B,9,2504.57,5,21414.08,4150.5,0,0
2025-09-03,Office Chair,Furniture,East,Store B,11,7705.77,5,80525.29,19170.07,1,0
2025-09-03,Study Table,Furniture,East,Store A,11,12356.62,0,135922.79,55713.2,1,0
2025-09-03,T-Shirt,Fashion,South,Store B,17,796.25,15,11505.78,2759.41,0,0
2025-09-03,Jeans,Fashion,North,Store D,23,1741.23,20,32038.57,1355.34,1,0
2025-09-03,Shoes,Fashion,West,Store B,11,2609.75,10,25836.56,6187.78,0,0
2025-09-03,Coffee Maker,Home Appliances,North,Store A,4,4735.76,5,17995.89,6503.83,1,0
2025-09-03,Mixer Grinder,Home Appliances,West,Store C,3,3402.47,15,8676.29,856.1,0,0
2025-09-04,Laptop,Electronics,West,Store D,8,57182.77,20,365969.74,77490.59,0,0
2025-09-04,Smartphone,Electronics,East,Store A,8,24661.93,0,197295.43,56646.67,0,0
2025-09-04,Headphones,Electronics,West,Store C,13,2493.81,5,30798.6,11042.44,0,0
2025-09-04,Office Chair,Furniture,East,Store B,7,7202.27,5,47895.13,9390.12,0,0
2025-09-04,Study Table,Furniture,East,Store A,8,11613.5,15,78971.78,9479.16,1,0
2025-09-04,T-Shirt,Fashion,East,Store C,7,847.31,0,5931.19,1818.91,0,0
2025-09-04,Jeans,Fashion,East,Store B,15,1883.18,15,24010.6,5844.08,0,0
2025-09-04,Shoes,Fashion,East,Store C,12,2657.13,0,31885.58,10908.42,1,0
2025-09-04,Coffee Maker,Home Appliances,South,Store D,3,4426.65,10,11951.96,1473.98,0,0
2025-09-04,Mixer Grinder,Home Appliances,West,Store B,15,3366.18,20,40394.22,6356.81,1,0
2025-09-05,Laptop,Electronics,East,Store C,6,57340.11,0,344040.64,102022.89,0,0
2025-09-05,Smartphone,Electronics,North,Store B,12,25470.85,15,259802.67,72365.06,0,0
2025-09-05,Headphones,Electronics,East,Store B,10,2562.26,15,21779.23,3888.36,0,0
2025-09-05,Office Chair,Furniture,West,Store C,12,7362.03,15,75092.75,14093.39,1,0
2025-09-05,Study Table,Furniture,North,Store D,4,12899.07,5,49016.47,15318.03,1,0
2025-09-05,T-Shirt,Fashion,West,Store B,10,777.33,15,6607.31,1527.73,0,0
2025-09-05,Jeans,Fashion,West,Store C,12,1942.87,20,18651.53,3392.2,1,0
2025-09-05,Shoes,Fashion,North,Store C,17,2594.35,10,39693.53,9010.07,1,0
2025-09-05,Coffee Maker,Home Appliances,East,Store B,12,4509.91,5,51412.98,12550.68,0,0
2025-09-05,Mixer Grinder,Home Appliances,East,Store B,9,3664.84,5,31334.4,7446.93,0,0
2025-09-06,Laptop,Electronics,East,Store D,8,54657.75,0,437261.99,130450.79,0,0
2025-09-06,Smartphone,Electronics,South,Store B,11,24664.13,20,217044.37,8621.49,1,0
2025-09-06,Headphones,Electronics,North,Store C,5,2619.29,0,13096.47,4129.61,1,0
2025-09-06,Office Chair,Furniture,West,Store B,9,7894.77,10,63947.64,21118.57,0,0
2025-09-06,Study Table,Furniture,South,Store A,6,12742.12,0,76452.7,25327.88,1,0
2025-09-06,T-Shirt,Fashion,East,Store B,13,810.96,10,9488.24,2718.44,0,0
2025-09-06,Jeans,Fashion,East,Store E,18,1836.0,20,26438.39,2284.23,0,0
2025-09-06,Shoes,Fashion,South,Store A,21,2575.82,15,45978.36,5082.68,1,0
2025-09-06,Coffee Maker,Home Appliances,North,Store C,8,4701.96,5,35734.87,9727.36,0,0
2025-09-06,Mixer Grinder,Home Appliances,North,Store C,14,3421.4,20,38319.71,4139.93,0,0
2025-09-07,Laptop,Electronics,North,Store D,13,58125.4,5,717848.64,204272.19,1,0
2025-09-07,Smartphone,Electronics,East,Store E,11,24186.62,10,239447.58,47622.84,0,0
2025-09-07,Headphones,Electronics,South,Store B,16,2596.32,0,41541.05,15096.49,0,0
2025-09-07,Office Chair,Furniture,North,Store D,12,7765.34,5,88524.83,30585.06,0,0
2025-09-07,Study Table,Furniture,West,Store B,9,12824.37,0,115419.36,47102.66,0,0
2025-09-07,T-Shirt,Fashion,South,Store D,18,808.31,0,14549.54,3932.83,1,0
2025-09-07,Jeans,Fashion,East,Store E,19,1830.19,0,34773.6,8311.83,0,0
2025-09-07,Shoes,Fashion,South,Store C,12,2646.69,0,31760.31,10673.82,0,0
2025-09-07,Coffee Maker,Home Appliances,South,Store D,11,4713.56,0,51849.13,14968.51,0,0
2025-09-07,Mixer Grinder,Home Appliances,North,Store E,15,3622.32,10,48901.36,15725.65,0,0
2025-09-08,Laptop,Electronics,South,Store E,9,54547.88,5,466384.35,160207.34,0,0
2025-09-08,Smartphone,Electronics,South,Store D,16,25789.55,5,392001.13,126580.01,0,0
2025-09-08,Headphones,Electronics,South,Store B,7,2573.46,5,17113.54,4548.84,0,0
2025-09-08,Office Chair,Furniture,North,Store A,7,7561.55,0,52930.85,14211.61,1,0
2025-09-08,Study Table,Furniture,East,Store D,15,12893.48,15,164391.85,43136.73,1,0
2025-09-08,T-Shirt,Fashion,West,Store E,3,806.73,10,2178.17,457.2,0,0
2025-09-08,Jeans,Fashion,North,Store D,12,1850.05,20,17760.51,2922.9,0,0
2025-09-08,Shoes,Fashion,West,Store C,13,2377.9,0,30912.71,7566.81,0,0
2025-09-08,Coffee Maker,Home Appliances,South,Store D,8,4358.86,0,34870.88,7816.09,0,0
2025-09-08,Mixer Grinder,Home Appliances,West,Store B,4,3378.73,10,12163.41,1475.58,0,0
2025-09-09,Laptop,Electronics,East,Store B,12,56547.76,15,576787.11,132228.14,1,0
2025-09-09,Smartphone,Electronics,West,Store A,7,26784.72,5,178118.42,67454.93,0,0
2025-09-09,Headphones,Electronics,South,Store D,9,2390.16,0,21511.42,5336.73,1,0
2025-09-09,Office Chair,Furniture,East,Store B,5,7792.53,10,35066.41,11262.51,0,0
2025-09-09,Study Table,Furniture,East,Store A,8,11732.82,10,84476.3,25124.59,1,0
2025-09-09,T-Shirt,Fashion,West,Store B,18,793.84,10,12860.16,2654.22,1,0
2025-09-09,Jeans,Fashion,North,Store B,8,1826.24,0,14609.93,4211.51,0,0
2025-09-09,Shoes,Fashion,West,Store B,6,2655.4,5,15135.78,5947.08,0,0
2025-09-09,Coffee Maker,Home Appliances,East,Store D,10,4344.16,0,43441.58,11165.36,1,0
2025-09-09,Mixer Grinder,Home Appliances,West,Store E,8,3650.27,0,29202.16,11829.91,0,0
2025-09-10,Laptop,Electronics,West,Store B,8,55241.92,5,419838.59,140000.76,0,0
2025-09-10,Smartphone,Electronics,West,Store C,10,24431.85,0,244318.5,84356.43,1,0
2025-09-10,Headphones,Electronics,East,Store B,8,2673.85,5,20321.24,5602.55,0,0
2025-09-10,Office Chair,Furniture,North,Store E,12,8009.63,15,81698.24,15629.34,1,0
2025-09-10,Study Table,Furniture,South,Store D,3,12881.93,20,30916.64,7894.48,0,0
2025-09-10,T-Shirt,Fashion,West,Store C,9,802.83,10,6502.94,1384.27,0,0
2025-09-10,Jeans,Fashion,North,Store D,17,1728.97,5,27922.94,4862.06,0,0
2025-09-10,Shoes,Fashion,North,Store C,14,2455.49,15,29220.34,5258.95,0,0
2025-09-10,Coffee Maker,Home Appliances,East,Store A,4,4518.18,10,16265.45,3447.26,0,0
2025-09-10,Mixer Grinder,Home Appliances,North,Store D,7,3382.44,5,22493.26,4770.2,0,0
2025-09-11,Laptop,Electronics,West,Store A,13,56825.37,0,738729.8,308011.75,1,0
2025-09-11,Smartphone,Electronics,West,Store C,16,26714.61,15,363318.72,69224.87,0,0
2025-09-11,Headphones,Electronics,East,Store C,6,2496.52,20,11983.27,551.86,0,0
2025-09-11,Office Chair,Furniture,North,Store B,6,7617.94,0,45707.61,17926.56,0,0
2025-09-11,Study Table,Furniture,North,Store A,7,12435.16,5,82693.83,27362.43,0,0
2025-09-11,T-Shirt,Fashion,West,Store C,11,795.69,0,8752.55,2035.09,1,0
2025-09-11,Jeans,Fashion,West,Store A,11,1853.09,5,19364.74,4840.9,1,0
2025-09-11,Shoes,Fashion,East,Store D,4,2509.69,15,8532.96,1518.14,0,0
2025-09-11,Coffee Maker,Home Appliances,East,Store E,7,4281.69,15,25476.03,936.03,0,0
2025-09-11,Mixer Grinder,Home Appliances,North,Store C,12,3776.2,0,45314.38,19636.87,0,0
2025-09-12,Laptop,Electronics,South,Store A,9,53306.71,5,455772.38,99803.23,0,0
2025-09-12,Smartphone,Electronics,South,Store C,10,25316.25,0,253162.55,65714.75,1,0
2025-09-12,Headphones,Electronics,West,Store A,8,2629.15,10,18929.91,4573.48,1,0
2025-09-12,Office Chair,Furniture,East,Store A,5,7761.64,0,38808.21,15950.68,0,0
2025-09-12,Study Table,Furniture,East,Store E,7,11714.19,10,73799.38,20692.67,1,0
2025-09-12,T-Shirt,Fashion,West,Store D,7,848.38,5,5641.74,2137.7,0,0
2025-09-12,Jeans,Fashion,East,Store A,6,1914.77,5,10914.2,2991.98,0,0
2025-09-12,Shoes,Fashion,West,Store E,9,2682.55,10,21728.65,5464.4,1,0
2025-09-12,Coffee Maker,Home Appliances,South,Store D,4,4573.76,20,14636.04,2203.64,0,0
2025-09-12,Mixer Grinder,Home Appliances,East,Store B,7,3561.51,10,22437.53,5180.74,0,0
2025-09-13,Laptop,Electronics,South,Store E,11,55411.35,10,548572.33,124510.56,0,0
2025-09-13,Smartphone,Electronics,West,Store C,14,23779.07,0,332907.03,104811.44,0,0
2025-09-13,Headphones,Electronics,South,Store C,10,2636.84,0,26368.41,6936.74,0,0
2025-09-13,Office Chair,Furniture,East,Store B,10,7438.97,5,70670.23,22616.96,1,0
2025-09-13,Study Table,Furniture,East,Store E,2,12524.3,0,25048.59,10632.2,0,0
2025-09-13,T-Shirt,Fashion,South,Store D,12,845.77,5,9641.76,3205.75,0,0
2025-09-13,Jeans,Fashion,West,Store D,16,1759.97,5,26751.52,6408.28,0,0
2025-09-13,Shoes,Fashion,South,Store E,15,2622.25,10,35400.41,8516.34,0,0
2025-09-13,Coffee Maker,Home Appliances,South,Store D,4,4847.73,0,19390.92,7662.46,0,0
2025-09-13,Mixer Grinder,Home Appliances,North,Store D,20,3673.94,0,73478.73,29345.09,1,0
2025-09-14,Laptop,Electronics,East,Store E,13,56610.55,0,735937.09,180570.72,1,0
2025-09-14,Smartphone,Electronics,East,Store A,5,24453.81,5,116155.6,21290.24,0,0
2025-09-14,Headphones,Electronics,West,Store C,20,2440.84,0,48816.73,15331.52,0,0
2025-09-14,Office Chair,Furniture,East,Store E,7,7568.55,0,52979.83,20276.96,0,0
2025-09-14,Study Table,Furniture,West,Store D,11,12194.21,0,134136.29,39402.13,0,0
2025-09-14,T-Shirt,Fashion,South,Store A,19,831.68,0,15801.99,6382.49,0,0
2025-09-14,Jeans,Fashion,North,Store D,18,1855.13,20,26713.87,3548.18,1,0
2025-09-14,Shoes,Fashion,East,Store C,22,2636.15,0,57995.25,24873.27,1,0
2025-09-14,Coffee Maker,Home Appliances,South,Store C,18,4542.07,15,69493.65,18814.84,1,0
2025-09-14,Mixer Grinder,Home Appliances,South,Store E,9,3676.04,10,29775.92,9739.9,0,0
2025-09-15,Laptop,Electronics,South,Store E,7,52712.79,15,313641.08,27127.41,0,0
2025-09-15,Smartphone,Electronics,North,Store A,17,25985.3,15,375487.52,107365.59,1,0
2025-09-15,Headphones,Electronics,South,Store D,8,2610.7,15,17752.75,2507.34,0,0
2025-09-15,Office Chair,Furniture,West,Store D,9,8044.92,5,68784.1,17912.02,0,0
2025-09-15,Study Table,Furniture,North,Store D,4,12147.87,0,48591.49,19698.82,1,0
2025-09-15,T-Shirt,Fashion,West,Store E,5,771.62,10,3472.3,993.98,0,0
2025-09-15,Jeans,Fashion,East,Store B,12,1929.31,0,23151.67,9502.2,0,0
2025-09-15,Shoes,Fashion,South,Store B,13,2405.31,15,26578.68,3500.16,0,0
2025-09-15,Coffee Maker,Home Appliances,East,Store B,15,4425.83,15,56429.29,9366.07,1,0
2025-09-15,Mixer Grinder,Home Appliances,North,Store E,8,3681.69,0,29453.53,10764.35,0,0
2025-09-16,Laptop,Electronics,West,Store B,10,53560.31,0,535603.08,124100.37,0,0
2025-09-16,Smartphone,Electronics,South,Store B,9,26585.23,10,215340.37,51326.76,1,0
2025-09-16,Headphones,Electronics,South,Store E,14,2672.34,5,35542.13,12622.51,0,0
2025-09-16,Office Chair,Furniture,South,Store A,12,7772.23,15,79276.78,20552.41,0,0
2025-09-16,Study Table,Furniture,West,Store E,10,11507.96,0,115079.56,27427.95,0,0
2025-09-16,T-Shirt,Fashion,West,Store B,8,830.83,20,5317.34,1046.82,0,0
2025-09-16,Jeans,Fashion,North,Store E,17,1772.61,5,28627.71,8185.56,0,0
2025-09-16,Shoes,Fashion,West,Store D,6,2520.78,5,14368.44,3039.93,0,0
2025-09-16,Coffee Maker,Home Appliances,East,Store D,7,4519.14,15,26888.9,5218.69,1,0
2025-09-16,Mixer Grinder,Home Appliances,East,Store A,8,3645.85,10,26250.11,6645.59,0,0
2025-09-17,Laptop,Electronics,South,Store D,12,55273.42,20,530624.84,100081.65,1,0
2025-09-17,Smartphone,Electronics,South,Store E,6,25662.18,10,138575.8,41009.75,0,0
2025-09-17,Headphones,Electronics,East,Store B,3,2480.41,10,6697.1,1016.03,0,0
2025-09-17,Office Chair,Furniture,West,Store B,10,7288.32,0,72883.24,24911.61,1,0
2025-09-17,Study Table,Furniture,East,Store B,3,11548.66,10,31181.38,8349.02,0,0
2025-09-17,T-Shirt,Fashion,South,Store B,10,762.46,5,7243.35,2171.25,0,0
2025-09-17,Jeans,Fashion,North,Store C,15,1771.63,10,23917.03,5246.42,1,0
2025-09-17,Shoes,Fashion,North,Store C,7,2506.82,0,17547.75,4596.74,0,0
2025-09-17,Coffee Maker,Home Appliances,East,Store C,21,4519.28,0,94904.95,35282.58,1,0
2025-09-17,Mixer Grinder,Home Appliances,South,Store B,3,3612.69,0,10838.06,3202.41,0,0
2025-09-18,Laptop,Electronics,West,Store E,8,53923.67,0,431389.32,156314.8,0,0
2025-09-18,Smartphone,Electronics,South,Store E,9,25679.76,0,231117.81,80456.3,0,0
2025-09-18,Headphones,Electronics,West,Store A,10,2650.45,20,21203.58,2055.87,0,0
2025-09-18,Office Chair,Furniture,West,Store B,12,7140.92,5,81406.48,19695.21,1,0
2025-09-18,Study Table,Furniture,West,Store B,5,11708.09,20,46832.35,8498.58,0,0
2025-09-18,T-Shirt,Fashion,North,Store C,7,846.48,10,5332.81,1795.78,0,0
2025-09-18,Jeans,Fashion,West,Store C,19,1820.48,0,34589.05,11336.72,0,0
2025-09-18,Shoes,Fashion,South,Store A,8,2671.81,5,20305.76,6263.58,0,0
2025-09-18,Coffee Maker,Home Appliances,East,Store C,6,4721.08,0,28326.47,8068.59,1,0
2025-09-18,Mixer Grinder,Home Appliances,East,Store E,15,3493.0,0,52394.94,14180.55,0,0
2025-09-19,Laptop,Electronics,South,Store A,11,55912.59,10,553534.68,186397.01,0,0
2025-09-19,Smartphone,Electronics,North,Store E,8,25922.85,10,186644.49,53126.84,0,0
2025-09-19,Headphones,Electronics,East,Store E,5,2667.21,15,11335.63,2183.97,0,0
2025-09-19,Office Chair,Furniture,West,Store D,9,7715.56,5,65968.08,20721.6,0,0
2025-09-19,Study Table,Furniture,West,Store D,10,12791.12,0,127911.2,45335.26,0,0
2025-09-19,T-Shirt,Fashion,East,Store C,15,789.29,0,11839.38,4421.25,0,0
2025-09-19,Jeans,Fashion,East,Store D,14,1771.44,5,23560.11,8020.61,1,0
2025-09-19,Shoes,Fashion,West,Store B,10,2415.27,10,21737.44,4909.35,0,0
2025-09-19,Coffee Maker,Home Appliances,South,Store E,5,4345.14,5,20639.42,4941.59,1,0
2025-09-19,Mixer Grinder,Home Appliances,East,Store E,10,3339.05,15,28381.95,3677.23,0,0
2025-09-20,Laptop,Electronics,West,Store B,10,53698.25,5,510133.4,139822.35,0,0
2025-09-20,Smartphone,Electronics,West,Store E,13,25268.56,15,279217.63,61678.05,0,0
2025-09-20,Headphones,Electronics,West,Store C,11,2612.83,20,22992.88,5446.21,0,0
2025-09-20,Office Chair,Furniture,South,Store E,3,7258.94,5,20687.98,5118.79,0,0
2025-09-20,Study Table,Furniture,West,Store B,8,12628.17,0,101025.39,40128.13,0,0
2025-09-20,T-Shirt,Fashion,West,Store D,7,793.78,5,5278.63,1295.33,0,0
2025-09-20,Jeans,Fashion,South,Store C,15,1756.91,5,25035.93,6786.0,1,0
2025-09-20,Shoes,Fashion,East,Store D,16,2598.66,5,39499.6,14308.73,0,0
2025-09-20,Coffee Maker,Home Appliances,South,Store C,7,4344.11,5,28888.35,5923.49,0,0
2025-09-20,Mixer Grinder,Home Appliances,South,Store C,17,3358.77,10,51389.2,7310.59,1,0
2025-09-21,Laptop,Electronics,East,Store B,9,57873.61,10,468776.27,124256.73,0,0
2025-09-21,Smartphone,Electronics,South,Store D,12,25376.89,0,304522.64,93885.36,0,0
2025-09-21,Headphones,Electronics,North,Store D,13,2439.43,0,31712.57,11426.97,0,0
2025-09-21,Office Chair,Furniture,East,Store D,13,7841.24,5,96839.3,23882.85,1,0
2025-09-21,Study Table,Furniture,East,Store B,12,11622.47,15,118549.23,22624.29,1,0
2025-09-21,T-Shirt,Fashion,North,Store C,12,809.06,0,9708.68,3720.28,0,0
2025-09-21,Jeans,Fashion,North,Store B,16,1803.31,10,25967.6,5659.95,0,0
2025-09-21,Shoes,Fashion,West,Store E,14,2378.22,10,29965.62,8101.96,0,0
2025-09-21,Coffee Maker,Home Appliances,East,Store B,10,4639.04,5,44070.87,15041.63,0,0
2025-09-21,Mixer Grinder,Home Appliances,East,Store C,8,3361.67,20,21514.68,28.6,0,0
2025-09-22,Laptop,Electronics,South,Store A,11,55803.83,10,552457.92,82370.48,1,0
2025-09-22,Smartphone,Electronics,East,Store B,8,26446.54,0,211572.3,86926.84,0,0
2025-09-22,Headphones,Electronics,West,Store A,6,2375.99,5,13543.13,2545.44,0,0
2025-09-22,Office Chair,Furniture,East,Store A,9,7716.16,5,65973.14,25059.51,0,0
2025-09-22,Study Table,Furniture,West,Store B,5,12108.34,15,51460.44,8629.42,0,0
2025-09-22,T-Shirt,Fashion,North,Store C,8,829.83,5,6306.68,1771.78,0,0
2025-09-22,Jeans,Fashion,North,Store D,8,1876.49,10,13510.73,3159.81,0,0
2025-09-22,Shoes,Fashion,East,Store A,13,2665.82,0,34655.64,13672.57,0,0
2025-09-22,Coffee Maker,Home Appliances,West,Store D,10,4330.71,0,43307.06,10700.66,0,0
2025-09-22,Mixer Grinder,Home Appliances,West,Store E,12,3723.42,15,37978.92,6339.78,0,0
2025-09-23,Laptop,Electronics,South,Store C,7,56624.78,0,396373.49,147835.21,0,0
2025-09-23,Smartphone,Electronics,South,Store C,8,26748.78,20,171192.21,27285.13,0,0
2025-09-23,Headphones,Electronics,North,Store C,10,2694.03,5,25593.28,7910.54,0,0
2025-09-23,Office Chair,Furniture,North,Store E,7,7702.52,20,43134.11,4762.73,0,0
2025-09-23,Study Table,Furniture,North,Store E,8,12072.98,5,91754.68,24196.22,0,0
2025-09-23,T-Shirt,Fashion,South,Store E,9,788.05,0,7092.41,2285.46,0,0
2025-09-23,Jeans,Fashion,West,Store E,9,1713.62,5,14651.49,4567.79,0,0
2025-09-23,Shoes,Fashion,East,Store D,12,2573.75,5,29340.7,6196.9,0,0
2025-09-23,Coffee Maker,Home Appliances,North,Store C,16,4774.84,0,76397.41,25924.21,1,0
2025-09-23,Mixer Grinder,Home Appliances,East,Store D,9,3629.2,0,32662.78,13702.09,1,0
2025-09-24,Laptop,Electronics,North,Store A,13,58020.22,5,716549.7,267795.44,0,0
2025-09-24,Smartphone,Electronics,South,Store A,14,26891.56,10,338833.65,89379.05,1,0
2025-09-24,Headphones,Electronics,North,Store C,6,2379.88,15,12137.38,1946.12,0,0
2025-09-24,Office Chair,Furniture,West,Store A,4,7356.82,0,29427.27,6092.56,0,0
2025-09-24,Study Table,Furniture,North,Store B,6,11620.88,0,69725.26,24431.41,0,0
2025-09-24,T-Shirt,Fashion,South,Store C,9,845.47,15,6467.83,934.2,0,0
2025-09-24,Jeans,Fashion,South,Store E,17,1922.22,10,29409.93,10221.51,1,0
2025-09-24,Shoes,Fashion,East,Store B,11,2536.05,5,26501.67,8531.04,0,0
2025-09-24,Coffee Maker,Home Appliances,West,Store A,9,4814.16,0,43327.47,14362.03,1,0
2025-09-24,Mixer Grinder,Home Appliances,South,Store C,9,3746.16,5,32029.63,7882.1,0,0
2025-09-25,Laptop,Electronics,West,Store B,6,54207.18,0,325243.07,75418.17,0,0
2025-09-25,Smartphone,Electronics,North,Store C,7,26534.78,10,167169.12,60379.56,1,0
2025-09-25,Headphones,Electronics,East,Store B,7,2511.61,10,15823.14,5233.56,0,0
2025-09-25,Office Chair,Furniture,South,Store B,7,7266.76,20,40693.87,5747.36,0,0
2025-09-25,Study Table,Furniture,South,Store B,6,11654.0,0,69923.99,21863.0,0,0
2025-09-25,T-Shirt,Fashion,South,Store E,11,788.16,5,8236.32,2301.03,0,0
2025-09-25,Jeans,Fashion,North,Store C,19,1746.95,0,33191.96,11584.13,1,0
2025-09-25,Shoes,Fashion,East,Store B,7,2644.45,15,15734.5,3383.6,0,0
2025-09-25,Coffee Maker,Home Appliances,West,Store E,11,4783.77,0,52621.46,15028.19,1,0
2025-09-25,Mixer Grinder,Home Appliances,South,Store D,7,3466.06,0,24262.45,5958.95,0,0
2025-09-26,Laptop,Electronics,East,Store D,8,53620.48,5,407515.67,114481.55,1,0
2025-09-26,Smartphone,Electronics,West,Store C,8,26077.22,20,166894.2,27191.09,0,0
2025-09-26,Headphones,Electronics,North,Store A,14,2516.62,0,35232.69,13329.09,0,0
2025-09-26,Office Chair,Furniture,South,Store B,7,7503.52,15,44645.92,6548.07,0,0
2025-09-26,Study Table,Furniture,South,Store B,7,11706.68,5,77849.41,21043.84,0,0
2025-09-26,T-Shirt,Fashion,East,Store E,13,824.62,0,10720.06,3966.51,0,0
2025-09-26,Jeans,Fashion,South,Store A,12,1938.82,0,23265.83,9957.04,0,0
2025-09-26,Shoes,Fashion,South,Store A,14,2442.65,10,30777.43,7737.79,1,0
2025-09-26,Coffee Maker,Home Appliances,South,Store E,12,4311.66,15,43978.96,6390.8,1,0
2025-09-26,Mixer Grinder,Home Appliances,East,Store C,4,3722.6,20,11912.31,2900.11,1,0
2025-09-27,Laptop,Electronics,East,Store D,18,53973.32,5,922943.73,183223.94,1,0
2025-09-27,Smartphone,Electronics,North,Store A,10,26260.29,15,223212.46,35324.62,0,0
2025-09-27,Headphones,Electronics,North,Store C,7,2540.27,0,17781.92,5241.25,0,0
2025-09-27,Office Chair,Furniture,West,Store D,10,7722.63,20,61781.07,13780.31,0,0
2025-09-27,Study Table,Furniture,North,Store B,8,12212.96,0,97703.72,33213.53,0,0
2025-09-27,T-Shirt,Fashion,West,Store D,13,859.92,5,10619.96,3875.0,0,0
2025-09-27,Jeans,Fashion,East,Store E,18,1912.99,5,32712.1,9258.89,1,0
2025-09-27,Shoes,Fashion,South,Store C,14,2447.77,10,30841.85,7847.53,0,0
2025-09-27,Coffee Maker,Home Appliances,North,Store B,12,4798.8,0,57585.61,18721.56,0,0
2025-09-27,Mixer Grinder,Home Appliances,North,Store D,9,3442.03,15,26331.51,2062.31,0,0
2025-09-28,Laptop,Electronics,South,Store A,20,54889.72,10,988014.97,248506.98,1,0
2025-09-28,Smartphone,Electronics,North,Store D,14,26383.76,5,350904.0,98726.94,0,0
2025-09-28,Headphones,Electronics,West,Store B,12,2450.41,10,26464.44,6409.71,1,0
2025-09-28,Office Chair,Furniture,West,Store B,8,7174.44,10,51655.96,7323.97,0,0
2025-09-28,Study Table,Furniture,East,Store A,10,11875.7,5,112819.11,36967.67,1,0
2025-09-28,T-Shirt,Fashion,North,Store E,12,862.52,0,10350.18,3326.82,0,0
2025-09-28,Jeans,Fashion,North,Store D,13,1824.11,15,20156.42,3816.91,0,0
2025-09-28,Shoes,Fashion,South,Store E,16,2614.73,5,39743.86,12276.44,1,0
2025-09-28,Coffee Maker,Home Appliances,East,Store C,7,4628.07,5,30776.65,7326.81,0,0
2025-09-28,Mixer Grinder,Home Appliances,South,Store B,7,3576.13,15,21277.99,2188.46,0,0
2025-09-29,Laptop,Electronics,North,Store D,17,55811.42,10,853914.66,271074.14,1,0
2025-09-29,Smartphone,Electronics,North,Store B,14,24150.28,15,287388.35,65201.07,0,0
2025-09-29,Headphones,Electronics,North,Store D,11,2527.65,0,27804.19,10140.47,1,0
2025-09-29,Office Chair,Furniture,West,Store D,10,7987.75,15,67895.89,11925.28,0,0
2025-09-29,Study Table,Furniture,West,Store C,6,12902.62,0,77415.69,23263.85,0,0
2025-09-29,T-Shirt,Fashion,South,Store A,11,802.86,15,7506.71,1382.35,0,0
2025-09-29,Jeans,Fashion,North,Store B,11,1828.59,5,19108.78,6756.42,0,0
2025-09-29,Shoes,Fashion,East,Store D,9,2442.32,15,18683.73,3608.67,0,0
2025-09-29,Coffee Maker,Home Appliances,South,Store E,7,4508.58,10,28404.03,6033.84,0,0
2025-09-29,Mixer Grinder,Home Appliances,West,Store D,7,3333.64,0,23335.45,5089.42,1,0
2025-09-30,Laptop,Electronics,East,Store C,5,52531.2,5,249523.21,66485.62,0,0
2025-09-30,Smartphone,Electronics,West,Store C,10,26390.0,10,237510.01,50282.71,0,0
2025-09-30,Headphones,Electronics,West,Store E,8,2691.02,5,20451.78,8324.84,0,0
2025-09-30,Office Chair,Furniture,South,Store D,9,8047.57,5,68806.69,16597.48,0,0
2025-09-30,Study Table,Furniture,South,Store D,9,12108.66,0,108977.93,44168.29,1,0
2025-09-30,T-Shirt,Fashion,East,Store A,16,800.0,10,11520.01,1972.96,1,0
2025-09-30,Jeans,Fashion,East,Store D,16,1772.22,5,26937.68,9240.85,1,0
2025-09-30,Shoes,Fashion,West,Store B,15,2494.78,20,29937.39,4505.59,0,0
2025-09-30,Coffee Maker,Home Appliances,East,Store C,9,4777.69,5,40849.21,14307.66,0,0
2025-09-30,Mixer Grinder,Home Appliances,South,Store D,3,3678.94,5,10484.97,3260.08,0,0
2025-10-01,Laptop,Electronics,East,Store B,13,52449.51,10,613659.25,105150.22,1,0
2025-10-01,Smartphone,Electronics,East,Store C,16,26042.83,10,375016.74,70985.41,0,0
2025-10-01,Headphones,Electronics,West,Store D,12,2455.68,0,29468.16,7305.91,0,0
2025-10-01,Office Chair,Furniture,North,Store B,8,7619.13,20,48762.45,5969.17,1,0
2025-10-01,Study Table,Furniture,West,Store E,7,12343.38,0,86403.63,35280.57,1,0
2025-10-01,T-Shirt,Fashion,North,Store D,15,825.5,10,11144.24,3619.01,0,0
2025-10-01,Jeans,Fashion,West,Store B,10,1740.6,5,16535.72,4902.54,0,0
2025-10-01,Shoes,Fashion,West,Store B,16,2506.64,0,40106.23,13650.31,0,0
2025-10-01,Coffee Maker,Home Appliances,South,Store A,5,4429.18,10,19931.32,4416.16,0,0
2025-10-01,Mixer Grinder,Home Appliances,West,Store C,5,3726.64,10,16769.89,5290.38,0,0
2025-10-02,Laptop,Electronics,East,Store B,12,52273.41,15,533188.83,66778.5,1,0
2025-10-02,Smartphone,Electronics,East,Store A,12,25005.78,0,300069.39,70711.03,0,0
2025-10-02,Headphones,Electronics,South,Store C,13,2514.15,0,32683.99,9882.2,0,0
2025-10-02,Office Chair,Furniture,North,Store A,10,7293.27,0,72932.69,21845.09,1,0
2025-10-02,Study Table,Furniture,South,Store B,4,12092.45,15,41114.31,5256.77,0,0
2025-10-02,T-Shirt,Fashion,West,Store E,11,764.34,10,7566.96,1905.17,0,0
2025-10-02,Jeans,Fashion,South,Store A,23,1802.42,20,33164.52,3951.32,0,0
2025-10-02,Shoes,Fashion,East,Store E,14,2408.18,5,32028.78,8488.92,0,0
2025-10-02,Coffee Maker,Home Appliances,East,Store D,11,4777.88,10,47301.05,9119.98,1,0
2025-10-02,Mixer Grinder,Home Appliances,South,Store B,15,3727.68,0,55915.15,15878.77,0,0
2025-10-03,Laptop,Electronics,North,Store D,12,53355.21,15,544223.15,88757.52,0,0
2025-10-03,Smartphone,Electronics,South,Store E,9,26048.22,10,210990.56,68499.77,0,0
2025-10-03,Headphones,Electronics,East,Store B,11,2634.67,0,28981.32,10220.18,0,0
2025-10-03,Office Chair,Furniture,East,Store C,5,7594.78,10,34176.53,8995.6,0,0
2025-10-03,Study Table,Furniture,West,Store C,7,11871.27,10,74789.01,10760.89,0,0
2025-10-03,T-Shirt,Fashion,North,Store C,22,847.47,5,17712.11,5669.25,1,0
2025-10-03,Jeans,Fashion,North,Store C,22,1798.64,15,33634.51,9545.87,0,0
2025-10-03,Shoes,Fashion,West,Store B,15,2543.24,0,38148.53,15339.93,0,0
2025-10-03,Coffee Maker,Home Appliances,South,Store D,16,4767.87,10,68657.28,15188.16,0,0
2025-10-03,Mixer Grinder,Home Appliances,West,Store A,6,3594.6,15,18332.44,3143.94,0,0
2025-10-04,Laptop,Electronics,West,Store A,11,52930.15,5,553120.02,129220.49,1,0
2025-10-04,Smartphone,Electronics,East,Store E,10,26398.31,5,250783.91,93599.35,0,0
2025-10-04,Headphones,Electronics,West,Store C,23,2428.97,0,55866.28,14574.79,1,0
2025-10-04,Office Chair,Furniture,West,Store A,8,7905.78,0,63246.24,25386.83,0,0
2025-10-04,Study Table,Furniture,South,Store D,12,12122.96,0,145475.51,35009.6,0,0
2025-10-04,T-Shirt,Fashion,West,Store C,22,853.56,0,18778.37,7855.25,1,0
2025-10-04,Jeans,Fashion,East,Store A,13,1828.61,5,22583.32,8535.79,0,0
2025-10-04,Shoes,Fashion,East,Store C,20,2694.81,5,51201.38,19174.17,0,0
2025-10-04,Coffee Maker,Home Appliances,South,Store D,16,4619.7,15,62827.9,7871.23,0,0
2025-10-04,Mixer Grinder,Home Appliances,South,Store B,13,3657.97,0,47553.64,14980.74,1,0
2025-10-05,Laptop,Electronics,North,Store B,19,56802.75,0,1079252.17,390348.57,0,0
2025-10-05,Smartphone,Electronics,West,Store E,12,25348.13,0,304177.51,83550.31,0,0
2025-10-05,Headphones,Electronics,West,Store C,17,2543.62,0,43241.5,10913.57,0,0
2025-10-05,Office Chair,Furniture,North,Store A,17,7995.93,15,115541.14,27275.56,1,0
2025-10-05,Study Table,Furniture,South,Store E,8,12270.43,0,98163.44,27656.21,0,0
2025-10-05,T-Shirt,Fashion,East,Store A,19,777.52,0,14772.9,5239.15,0,0
2025-10-05,Jeans,Fashion,South,Store E,24,1810.28,0,43446.79,17394.43,0,0
2025-10-05,Shoes,Fashion,North,Store B,22,2508.56,0,55188.22,12454.57,0,0
2025-10-05,Coffee Maker,Home Appliances,West,Store A,16,4828.94,0,77263.09,21908.36,0,0
2025-10-05,Mixer Grinder,Home Appliances,South,Store B,13,3341.43,0,43438.56,16092.75,0,0
2025-10-06,Laptop,Electronics,West,Store B,13,58443.77,0,759768.98,245601.93,1,0
2025-10-06,Smartphone,Electronics,North,Store E,21,26423.24,10,499399.24,179187.33,1,0
2025-10-06,Headphones,Electronics,North,Store C,17,2617.49,0,44497.26,12177.67,0,0
2025-10-06,Office Chair,Furniture,North,Store C,8,7391.84,15,50264.53,8914.92,0,0
2025-10-06,Study Table,Furniture,North,Store D,8,12224.23,10,88014.44,28610.71,1,0
2025-10-06,T-Shirt,Fashion,East,Store C,10,862.07,0,8620.66,2449.09,0,0
2025-10-06,Jeans,Fashion,East,Store C,21,1720.85,15,30717.12,2567.39,1,0
2025-10-06,Shoes,Fashion,North,Store E,13,2509.95,5,30997.93,6410.42,0,0
2025-10-06,Coffee Maker,Home Appliances,North,Store E,10,4804.82,15,40840.95,12101.62,0,0
2025-10-06,Mixer Grinder,Home Appliances,South,Store C,8,3414.8,0,27318.37,8581.09,0,0
2025-10-07,Laptop,Electronics,East,Store A,11,57466.99,0,632136.94,210000.27,0,0
2025-10-07,Smartphone,Electronics,North,Store C,10,24742.62,5,235054.89,71396.36,0,0
2025-10-07,Headphones,Electronics,North,Store D,13,2661.55,20,27680.11,6938.85,0,0
2025-10-07,Office Chair,Furniture,East,Store A,7,7471.46,5,49685.21,12464.74,0,0
2025-10-07,Study Table,Furniture,South,Store A,9,11759.62,20,84669.28,10707.14,0,0
2025-10-07,T-Shirt,Fashion,South,Store D,10,819.8,0,8197.95,3046.16,0,0
2025-10-07,Jeans,Fashion,North,Store D,22,1728.87,0,38035.25,10628.92,1,0
2025-10-07,Shoes,Fashion,West,Store D,10,2635.86,0,26358.57,10960.2,0,0
2025-10-07,Coffee Maker,Home Appliances,East,Store B,13,4843.47,5,59816.88,17010.78,1,0
2025-10-07,Mixer Grinder,Home Appliances,East,Store B,8,3674.36,10,26455.42,5350.17,0,0
2025-10-08,Laptop,Electronics,South,Store B,12,57954.57,5,660682.1,254834.68,0,0
2025-10-08,Smartphone,Electronics,North,Store A,12,26158.64,5,298208.54,73313.44,0,0
2025-10-08,Headphones,Electronics,North,Store C,12,2429.2,20,23320.3,399.19,1,0
2025-10-08,Office Chair,Furniture,West,Store C,4,7804.78,0,31219.1,7914.97,0,0
2025-10-08,Study Table,Furniture,South,Store B,6,12423.47,10,67086.74,15740.57,0,0
2025-10-08,T-Shirt,Fashion,North,Store E,11,813.61,10,8054.71,1865.55,0,0
2025-10-08,Jeans,Fashion,West,Store E,11,1766.68,5,18461.81,4348.73,0,0
2025-10-08,Shoes,Fashion,South,Store B,16,2563.54,15,34864.2,6573.04,0,0
2025-10-08,Coffee Maker,Home Appliances,South,Store D,15,4428.24,5,63102.4,12903.41,0,0
2025-10-08,Mixer Grinder,Home Appliances,South,Store B,15,3367.51,0,50512.69,10108.23,1,0
2025-10-09,Laptop,Electronics,North,Store A,12,52902.07,10,571342.32,91445.92,0,0
2025-10-09,Smartphone,Electronics,West,Store B,15,23984.52,20,287814.19,49113.35,0,0
2025-10-09,Headphones,Electronics,North,Store A,14,2487.7,10,31344.98,8457.78,1,0
2025-10-09,Office Chair,Furniture,North,Store C,13,7684.66,0,99900.54,30656.63,1,0
2025-10-09,Study Table,Furniture,South,Store A,9,11480.52,0,103324.68,23864.22,0,0
2025-10-09,T-Shirt,Fashion,East,Store B,13,781.52,15,8635.75,685.45,0,0
2025-10-09,Jeans,Fashion,North,Store A,31,1765.02,0,54715.5,16924.57,1,0
2025-10-09,Shoes,Fashion,South,Store A,18,2579.41,0,46429.46,17879.96,0,0
2025-10-09,Coffee Maker,Home Appliances,East,Store B,11,4740.02,0,52140.24,20700.63,0,0
2025-10-09,Mixer Grinder,Home Appliances,North,Store B,15,3643.87,10,49192.19,15813.27,0,0
2025-10-10,Laptop,Electronics,West,Store E,11,55283.13,5,577708.69,210128.79,0,0
2025-10-10,Smartphone,Electronics,South,Store B,9,25772.81,10,208759.78,59257.93,0,0
2025-10-10,Headphones,Electronics,West,Store D,13,2506.78,0,32588.12,9950.01,0,0
2025-10-10,Office Chair,Furniture,West,Store A,4,7190.68,15,24448.32,1710.84,0,0
2025-10-10,Study Table,Furniture,West,Store E,9,12838.49,15,98214.41,31008.67,1,0
2025-10-10,T-Shirt,Fashion,North,Store A,24,777.73,20,14932.37,397.62,1,0
2025-10-10,Jeans,Fashion,East,Store A,15,1833.05,0,27495.78,6589.83,0,0
2025-10-10,Shoes,Fashion,East,Store B,10,2661.08,10,23949.69,6540.6,0,0
2025-10-10,Coffee Maker,Home Appliances,West,Store C,8,4397.69,5,33422.47,10608.19,0,0
2025-10-10,Mixer Grinder,Home Appliances,South,Store E,5,3466.16,5,16464.25,3582.13,0,0
2025-10-11,Laptop,Electronics,North,Store C,18,55897.28,15,855228.44,226422.55,1,0
2025-10-11,Smartphone,Electronics,West,Store C,18,23991.61,5,410256.52,83611.88,0,0
2025-10-11,Headphones,Electronics,West,Store C,15,2410.43,5,34348.69,5488.99,0,0
2025-10-11,Office Chair,Furniture,South,Store B,12,7923.84,5,90331.83,34090.2,0,0
2025-10-11,Study Table,Furniture,East,Store C,12,11855.91,5,135157.38,40513.75,0,0
2025-10-11,T-Shirt,Fashion,East,Store E,27,805.62,5,20664.23,7220.73,0,0
2025-10-11,Jeans,Fashion,East,Store B,19,1892.16,20,28760.88,5917.14,0,0
2025-10-11,Shoes,Fashion,West,Store B,22,2652.14,0,58347.18,17569.15,0,0
2025-10-11,Coffee Maker,Home Appliances,South,Store A,15,4535.0,10,61222.48,9021.54,1,0
2025-10-11,Mixer Grinder,Home Appliances,East,Store B,12,3445.82,5,39282.34,7936.52,0,0
2025-10-12,Laptop,Electronics,South,Store D,15,57346.42,5,817186.45,258158.55,0,0
2025-10-12,Smartphone,Electronics,East,Store A,18,25661.31,0,461903.53,159912.56,1,0
2025-10-12,Headphones,Electronics,South,Store C,13,2428.29,5,29989.34,6608.53,1,0
2025-10-12,Office Chair,Furniture,West,Store D,12,7888.53,5,89929.2,20346.76,1,0
2025-10-12,Study Table,Furniture,South,Store B,8,12567.21,10,90483.92,24342.34,0,0
2025-10-12,T-Shirt,Fashion,North,Store B,20,833.18,15,14164.13,2057.52,0,0
2025-10-12,Jeans,Fashion,East,Store E,26,1764.18,10,41281.8,5310.93,0,0
2025-10-12,Shoes,Fashion,North,Store E,28,2599.01,5,69133.7,21122.07,0,0
2025-10-12,Coffee Maker,Home Appliances,West,Store B,6,4333.78,0,26002.68,6462.78,0,0
2025-10-12,Mixer Grinder,Home Appliances,East,Store A,8,3440.26,0,27522.09,6171.02,0,0
2025-10-13,Laptop,Electronics,North,Store A,9,56057.55,5,479292.06,116604.92,0,0
2025-10-13,Smartphone,Electronics,West,Store D,13,25465.95,15,281398.72,72917.7,0,0
2025-10-13,Headphones,Electronics,West,Store A,12,2566.57,15,26179.02,5625.49,1,0
2025-10-13,Office Chair,Furniture,North,Store E,10,7904.56,0,79045.59,27750.72,0,0
2025-10-13,Study Table,Furniture,West,Store E,8,11875.38,0,95003.05,24097.74,0,0
2025-10-13,T-Shirt,Fashion,South,Store D,15,807.8,0,12116.94,3690.17,0,0
2025-10-13,Jeans,Fashion,South,Store D,17,1781.66,20,24230.51,3993.49,0,0
2025-10-13,Shoes,Fashion,North,Store D,11,2605.85,10,25797.91,7653.85,0,0
2025-10-13,Coffee Maker,Home Appliances,South,Store A,15,4690.62,0,70359.31,26129.07,0,0
2025-10-13,Mixer Grinder,Home Appliances,South,Store D,8,3627.99,5,27572.72,7983.88,0,0
2025-10-14,Laptop,Electronics,West,Store D,16,52559.27,10,756853.5,192268.14,0,0
2025-10-14,Smartphone,Electronics,South,Store C,9,23751.84,10,192389.89,35152.15,0,0
2025-10-14,Headphones,Electronics,South,Store E,18,2483.99,10,40240.67,11997.93,1,0
2025-10-14,Office Chair,Furniture,East,Store B,15,7909.63,0,118644.44,44310.27,0,0
2025-10-14,Study Table,Furniture,East,Store E,8,12407.89,20,79410.47,8370.9,0,0
2025-10-14,T-Shirt,Fashion,North,Store C,12,809.88,0,9718.6,2595.55,0,0
2025-10-14,Jeans,Fashion,South,Store B,16,1755.58,20,22471.42,2772.77,0,0
2025-10-14,Shoes,Fashion,South,Store B,23,2597.29,5,56750.87,14077.39,1,0
2025-10-14,Coffee Maker,Home Appliances,East,Store A,16,4386.34,10,63163.25,17704.67,0,0
2025-10-14,Mixer Grinder,Home Appliances,South,Store E,12,3458.14,5,39422.79,9307.46,1,0
2025-10-15,Laptop,Electronics,North,Store E,14,54568.99,15,649370.95,78129.7,0,0
2025-10-15,Smartphone,Electronics,West,Store C,9,25875.43,15,197947.05,29742.91,0,0
2025-10-15,Headphones,Electronics,North,Store B,10,2392.0,5,22724.0,4708.46,0,0
2025-10-15,Office Chair,Furniture,South,Store B,10,7892.92,15,67089.81,16133.94,0,0
2025-10-15,Study Table,Furniture,South,Store E,14,12375.98,0,173263.75,63313.51,0,0
2025-10-15,T-Shirt,Fashion,West,Store D,21,811.51,0,17041.76,5590.05,0,0
2025-10-15,Jeans,Fashion,North,Store D,20,1720.35,10,30966.22,7748.57,1,0
2025-10-15,Shoes,Fashion,West,Store E,17,2646.54,0,44991.23,16742.54,0,0
2025-10-15,Coffee Maker,Home Appliances,North,Store D,16,4645.28,10,66892.04,13905.56,1,0
2025-10-15,Mixer Grinder,Home Appliances,East,Store B,15,3732.33,15,47587.15,8468.69,0,0
2025-10-16,Laptop,Electronics,East,Store A,12,57313.15,10,618982.0,105785.8,0,0
2025-10-16,Smartphone,Electronics,West,Store C,17,23944.76,15,346001.76,87776.23,1,0
2025-10-16,Headphones,Electronics,East,Store D,17,2496.29,10,38193.3,7632.95,1,0
2025-10-16,Office Chair,Furniture,North,Store C,13,8084.57,15,89334.45,15793.96,0,0
2025-10-16,Study Table,Furniture,South,Store A,8,12940.04,5,98344.3,27694.31,0,0
2025-10-16,T-Shirt,Fashion,West,Store C,8,815.49,10,5871.55,1684.12,0,0
2025-10-16,Jeans,Fashion,North,Store A,16,1925.55,0,30808.83,13118.23,0,0
2025-10-16,Shoes,Fashion,South,Store B,14,2698.03,20,30217.98,8453.43,0,0
2025-10-16,Coffee Maker,Home Appliances,East,Store B,14,4289.08,0,60047.13,17206.35,0,0
2025-10-16,Mixer Grinder,Home Appliances,East,Store E,15,3412.13,15,43504.66,7376.19,1,0
2025-10-17,Laptop,Electronics,East,Store D,14,56152.93,0,786141.03,196532.43,0,0
2025-10-17,Smartphone,Electronics,South,Store B,6,26134.88,5,148968.8,43156.55,0,0
2025-10-17,Headphones,Electronics,South,Store B,9,2408.49,0,21676.4,7367.3,0,0
2025-10-17,Office Chair,Furniture,South,Store A,11,7138.83,10,70674.4,7906.39,0,0
2025-10-17,Study Table,Furniture,North,Store C,3,12586.67,0,37760.0,9919.42,0,0
2025-10-17,T-Shirt,Fashion,West,Store B,13,838.54,20,8720.82,1093.25,0,0
2025-10-17,Jeans,Fashion,West,Store E,14,1811.31,5,24090.37,6758.11,1,0
2025-10-17,Shoes,Fashion,North,Store D,13,2518.98,0,32746.74,9393.07,0,0
2025-10-17,Coffee Maker,Home Appliances,West,Store E,10,4662.47,5,44293.45,9261.67,0,0
2025-10-17,Mixer Grinder,Home Appliances,East,Store E,7,3762.79,15,22388.62,4466.82,0,0
2025-10-18,Laptop,Electronics,East,Store A,22,59397.06,0,1306735.26,544093.28,0,0
2025-10-18,Smartphone,Electronics,North,Store D,27,24749.95,0,668248.64,226367.95,1,0
2025-10-18,Headphones,Electronics,South,Store B,19,2384.93,0,45313.58,15033.26,0,0
2025-10-18,Office Chair,Furniture,South,Store C,12,7787.09,15,79428.29,15096.86,0,0
2025-10-18,Study Table,Furniture,South,Store A,10,11720.89,20,93767.1,11119.76,0,0
2025-10-18,T-Shirt,Fashion,East,Store C,10,799.34,10,7194.05,1074.15,0,0
2025-10-18,Jeans,Fashion,South,Store A,23,1902.57,5,41571.11,13176.1,1,0
2025-10-18,Shoes,Fashion,West,Store E,21,2552.34,5,50919.21,15475.95,0,0
2025-10-18,Coffee Maker,Home Appliances,West,Store B,16,4514.96,10,65015.4,19809.18,1,0
2025-10-18,Mixer Grinder,Home Appliances,North,Store E,12,3472.92,5,39591.3,12968.25,0,0
2025-10-19,Laptop,Electronics,East,Store B,15,52790.44,0,791856.53,255132.22,0,0
2025-10-19,Smartphone,Electronics,South,Store E,13,24096.45,20,250603.07,26948.6,1,0
2025-10-19,Headphones,Electronics,North,Store A,15,2596.06,5,36993.9,11456.98,0,0
2025-10-19,Office Chair,Furniture,North,Store A,9,8005.89,5,68450.39,27881.53,0,0
2025-10-19,Study Table,Furniture,South,Store B,10,12632.94,0,126329.38,41187.19,0,0
2025-10-19,T-Shirt,Fashion,North,Store E,29,859.31,20,19935.99,2461.93,0,0
2025-10-19,Jeans,Fashion,West,Store C,20,1841.13,5,34981.54,9022.85,1,0
2025-10-19,Shoes,Fashion,West,Store B,25,2645.81,10,59530.68,15018.65,0,0
2025-10-19,Coffee Maker,Home Appliances,North,Store B,17,4579.12,0,77844.99,23036.49,0,0
2025-10-19,Mixer Grinder,Home Appliances,East,Store E,13,3326.22,5,41078.76,13203.56,0,0
2025-10-20,Laptop,Electronics,East,Store C,11,58748.89,20,516990.23,79658.22,0,0
2025-10-20,Smartphone,Electronics,North,Store C,12,26417.94,5,301164.52,99828.42,0,0
2025-10-20,Headphones,Electronics,South,Store D,16,2432.2,5,36969.44,11142.16,0,0
2025-10-20,Office Chair,Furniture,South,Store C,12,7473.52,10,80714.05,14356.06,0,0
2025-10-20,Study Table,Furniture,South,Store A,8,11932.91,0,95463.25,36412.85,0,0
2025-10-20,T-Shirt,Fashion,East,Store A,22,842.05,5,17598.83,6467.9,1,0
2025-10-20,Jeans,Fashion,South,Store B,17,1850.96,0,31466.34,10605.37,1,0
2025-10-20,Shoes,Fashion,West,Store E,17,2543.91,20,34597.18,5753.76,1,0
2025-10-20,Coffee Maker,Home Appliances,East,Store C,13,4764.58,0,61939.54,23659.48,0,0
2025-10-20,Mixer Grinder,Home Appliances,West,Store B,8,3708.22,15,25215.87,7679.03,0,0
2025-10-21,Laptop,Electronics,South,Store B,12,53063.15,0,636757.83,240716.36,0,0
2025-10-21,Smartphone,Electronics,East,Store B,19,26430.78,20,401747.92,49729.5,0,0
2025-10-21,Headphones,Electronics,West,Store E,10,2446.48,0,24464.81,8358.25,0,0
2025-10-21,Office Chair,Furniture,North,Store E,9,7878.65,0,70907.85,29047.29,0,0
2025-10-21,Study Table,Furniture,East,Store B,10,12461.03,0,124610.26,39061.71,1,0
2025-10-21,T-Shirt,Fashion,West,Store B,10,827.9,10,7451.11,2631.93,0,0
2025-10-21,Jeans,Fashion,East,Store A,16,1856.47,0,29703.57,10514.57,0,0
2025-10-21,Shoes,Fashion,South,Store E,15,2612.96,0,39194.36,12241.05,0,0
2025-10-21,Coffee Maker,Home Appliances,North,Store C,13,4426.73,0,57547.47,21859.79,0,0
2025-10-21,Mixer Grinder,Home Appliances,South,Store D,9,3697.85,0,33280.64,10013.75,0,0
2025-10-22,Laptop,Electronics,South,Store A,19,55966.56,10,957028.16,304109.0,1,0
2025-10-22,Smartphone,Electronics,East,Store E,14,25955.05,0,363370.69,149954.32,1,0
2025-10-22,Headphones,Electronics,West,Store D,11,2510.51,5,26234.83,6550.36,0,0
2025-10-22,Office Chair,Furniture,North,Store A,8,8001.1,15,54407.51,8742.04,0,0
2025-10-22,Study Table,Furniture,West,Store E,9,12210.85,5,104402.78,37206.95,1,0
2025-10-22,T-Shirt,Fashion,North,Store E,12,779.7,0,9356.42,2755.39,0,0
2025-10-22,Jeans,Fashion,North,Store A,15,1897.71,15,24195.83,4226.94,0,0
2025-10-22,Shoes,Fashion,South,Store D,27,2668.32,10,64840.21,20190.98,1,0
2025-10-22,Coffee Maker,Home Appliances,West,Store D,11,4481.66,15,41903.5,6531.94,0,0
2025-10-22,Mixer Grinder,Home Appliances,South,Store A,5,3360.13,15,14280.57,1730.76,0,0
2025-10-23,Laptop,Electronics,North,Store D,20,56804.4,0,1136087.98,442102.51,1,0
2025-10-23,Smartphone,Electronics,North,Store C,17,26810.26,0,455774.46,152084.82,0,0
2025-10-23,Headphones,Electronics,South,Store B,10,2460.33,0,24603.28,8991.98,0,0
2025-10-23,Office Chair,Furniture,North,Store B,10,7577.44,0,75774.37,18440.88,0,0
2025-10-23,Study Table,Furniture,North,Store E,11,12665.79,15,118425.14,16806.57,0,0
2025-10-23,T-Shirt,Fashion,West,Store C,18,834.53,10,13519.39,2399.54,1,0
2025-10-23,Jeans,Fashion,East,Store C,17,1929.78,10,29525.6,8192.21,0,0
2025-10-23,Shoes,Fashion,North,Store C,13,2588.85,5,31972.29,11143.98,1,0
2025-10-23,Coffee Maker,Home Appliances,West,Store B,15,4743.09,0,71146.3,22357.66,1,0
2025-10-23,Mixer Grinder,Home Appliances,East,Store B,10,3759.07,15,31952.06,9740.46,0,0
2025-10-24,Laptop,Electronics,East,Store E,21,56393.83,5,1125056.82,296523.35,0,0
2025-10-24,Smartphone,Electronics,North,Store B,12,26815.81,0,321789.67,106617.75,0,0
2025-10-24,Headphones,Electronics,East,Store A,9,2526.11,0,22735.0,8689.44,0,0
2025-10-24,Office Chair,Furniture,South,Store B,7,7974.46,10,50239.1,10184.0,0,0
2025-10-24,Study Table,Furniture,West,Store C,9,12320.76,20,88709.5,10962.91,0,0
2025-10-24,T-Shirt,Fashion,West,Store D,24,806.39,20,15482.72,3906.91,0,0
2025-10-24,Jeans,Fashion,South,Store A,24,1906.97,10,41190.57,11725.47,0,0
2025-10-24,Shoes,Fashion,North,Store E,18,2454.17,10,39757.58,6784.39,0,0
2025-10-24,Coffee Maker,Home Appliances,North,Store D,12,4549.78,10,49137.67,14111.76,1,0
2025-10-24,Mixer Grinder,Home Appliances,East,Store C,10,3610.52,5,34299.97,11783.09,1,0
2025-10-25,Laptop,Electronics,East,Store D,16,54793.45,5,832860.41,297599.83,0,0
2025-10-25,Smartphone,Electronics,North,Store C,22,25184.7,20,443250.81,81240.85,0,0
2025-10-25,Headphones,Electronics,South,Store E,14,2593.8,0,36313.17,13988.6,0,0
2025-10-25,Office Chair,Furniture,North,Store B,13,7158.73,20,74450.75,12952.51,0,0
2025-10-25,Study Table,Furniture,South,Store A,13,12734.7,0,165551.13,60662.17,0,0
2025-10-25,T-Shirt,Fashion,South,Store E,18,847.49,15,12966.6,3254.14,0,0
2025-10-25,Jeans,Fashion,West,Store E,22,1923.8,10,38091.31,13949.73,0,0
2025-10-25,Shoes,Fashion,North,Store D,28,2408.6,10,60696.67,8138.97,1,0
2025-10-25,Coffee Maker,Home Appliances,South,Store B,14,4561.65,5,60669.89,20145.62,0,0
2025-10-25,Mixer Grinder,Home Appliances,North,Store E,17,3524.19,10,53920.09,14879.83,0,0
2025-10-26,Laptop,Electronics,South,Store B,15,52886.37,0,793295.55,163878.86,0,0
2025-10-26,Smartphone,Electronics,West,Store A,14,26621.05,20,298155.72,77724.6,0,0
2025-10-26,Headphones,Electronics,East,Store B,25,2526.61,0,63165.32,17699.44,1,0
2025-10-26,Office Chair,Furniture,East,Store E,15,7503.57,15,95670.53,16412.9,0,0
2025-10-26,Study Table,Furniture,West,Store D,10,12304.42,0,123044.19,49711.31,0,0
2025-10-26,T-Shirt,Fashion,North,Store E,14,846.97,15,10078.91,1850.71,0,0
2025-10-26,Jeans,Fashion,North,Store C,35,1803.79,15,53662.86,8128.48,1,0
2025-10-26,Shoes,Fashion,North,Store C,25,2619.85,0,65496.18,25348.48,0,0
2025-10-26,Coffee Maker,Home Appliances,South,Store A,11,4694.47,5,49057.19,11424.67,0,0
2025-10-26,Mixer Grinder,Home Appliances,West,Store C,11,3443.47,0,37878.14,9115.63,0,0
2025-10-27,Laptop,Electronics,North,Store B,8,52428.94,10,377488.36,101706.21,0,0
2025-10-27,Smartphone,Electronics,East,Store B,7,24923.0,0,174461.01,45655.04,0,0
2025-10-27,Headphones,Electronics,North,Store C,9,2537.11,20,18267.18,794.14,0,0
2025-10-27,Office Chair,Furniture,North,Store C,10,7569.96,5,71914.59,23642.33,0,0
2025-10-27,Study Table,Furniture,North,Store B,4,12138.07,20,38841.82,2243.03,0,0
2025-10-27,T-Shirt,Fashion,South,Store D,14,773.8,10,9749.93,2340.3,0,0
2025-10-27,Jeans,Fashion,South,Store D,18,1931.71,10,31293.73,6225.52,0,0
2025-10-27,Shoes,Fashion,West,Store E,15,2499.22,10,33739.47,10708.57,0,0
2025-10-27,Coffee Maker,Home Appliances,South,Store C,13,4853.18,5,59936.82,15545.82,0,0
2025-10-27,Mixer Grinder,Home Appliances,South,Store B,5,3731.04,20,14924.15,2373.71,0,0
2025-10-28,Laptop,Electronics,South,Store B,11,58044.63,20,510792.74,100671.73,0,0
2025-10-28,Smartphone,Electronics,South,Store A,12,26990.62,0,323887.46,130952.12,0,0
2025-10-28,Headphones,Electronics,East,Store B,10,2647.53,0,26475.26,7989.87,0,0
2025-10-28,Office Chair,Furniture,East,Store B,5,7485.09,0,37425.45,12430.91,0,0
2025-10-28,Study Table,Furniture,West,Store A,13,11666.56,10,136498.78,32952.66,1,0
2025-10-28,T-Shirt,Fashion,North,Store E,15,848.92,5,12097.04,3295.69,0,0
2025-10-28,Jeans,Fashion,West,Store B,17,1851.82,20,25184.74,5449.1,0,0
2025-10-28,Shoes,Fashion,North,Store B,21,2555.78,0,53671.42,20284.47,1,0
2025-10-28,Coffee Maker,Home Appliances,West,Store C,10,4830.56,5,45890.29,17352.86,0,0
2025-10-28,Mixer Grinder,Home Appliances,West,Store B,9,3678.25,20,26483.4,3239.16,0,0
2025-10-29,Laptop,Electronics,West,Store B,16,58567.16,0,937074.57,372802.56,0,0
2025-10-29,Smartphone,Electronics,South,Store B,16,23953.91,15,325773.22,19635.97,1,0
2025-10-29,Headphones,Electronics,East,Store C,14,2416.78,5,32143.16,6050.63,0,0
2025-10-29,Office Chair,Furniture,East,Store C,7,7664.34,0,53650.38,19162.74,0,0
2025-10-29,Study Table,Furniture,North,Store B,9,12510.69,0,112596.22,46388.4,0,0
2025-10-29,T-Shirt,Fashion,North,Store A,15,813.1,0,12196.57,3217.81,0,0
2025-10-29,Jeans,Fashion,East,Store C,16,1740.83,5,26460.56,5268.41,0,0
2025-10-29,Shoes,Fashion,East,Store E,25,2492.03,5,59185.62,14383.39,0,0
2025-10-29,Coffee Maker,Home Appliances,North,Store C,5,4750.91,0,23754.54,6307.68,0,0
2025-10-29,Mixer Grinder,Home Appliances,North,Store A,7,3680.24,20,20609.35,2459.82,0,0
2025-10-30,Laptop,Electronics,East,Store C,14,53376.78,5,709911.24,234210.6,0,0
2025-10-30,Smartphone,Electronics,West,Store B,13,26502.14,0,344527.81,124038.19,0,0
2025-10-30,Headphones,Electronics,North,Store C,17,2398.46,0,40773.8,10345.5,1,0
2025-10-30,Office Chair,Furniture,West,Store D,8,7938.68,0,63509.46,22010.55,0,0
2025-10-30,Study Table,Furniture,South,Store A,12,12473.02,5,142192.45,33895.94,0,0
2025-10-30,T-Shirt,Fashion,North,Store D,14,766.17,20,8581.16,1489.84,0,0
2025-10-30,Jeans,Fashion,East,Store D,17,1889.55,15,27303.94,5040.89,0,0
2025-10-30,Shoes,Fashion,North,Store B,5,2681.45,5,12736.88,5071.46,0,0
2025-10-30,Coffee Maker,Home Appliances,East,Store D,4,4554.25,5,17306.13,4384.81,0,0
2025-10-30,Mixer Grinder,Home Appliances,South,Store D,9,3417.65,10,27682.95,8544.3,0,0
2025-10-31,Laptop,Electronics,East,Store B,16,53413.56,0,854617.0,254900.72,0,0
2025-10-31,Smartphone,Electronics,East,Store C,21,24292.46,10,459127.42,73856.99,1,0
2025-10-31,Headphones,Electronics,East,Store D,18,2468.02,0,44424.45,11747.5,0,0
2025-10-31,Office Chair,Furniture,North,Store E,7,7221.24,15,42966.37,4116.19,0,0
2025-10-31,Study Table,Furniture,North,Store C,8,11457.56,0,91660.47,26181.02,0,0
2025-10-31,T-Shirt,Fashion,East,Store E,28,819.08,10,20640.73,4116.56,1,0
2025-10-31,Jeans,Fashion,West,Store A,22,1710.98,5,35759.42,5472.99,1,0
2025-10-31,Shoes,Fashion,East,Store D,15,2516.52,0,37747.86,9903.73,0,0
2025-10-31,Coffee Maker,Home Appliances,North,Store B,13,4827.48,10,56481.48,14529.2,0,0
2025-10-31,Mixer Grinder,Home Appliances,West,Store B,9,3542.81,15,27102.53,7352.32,0,0
2025-11-01,Laptop,Electronics,North,Store D,18,57719.79,10,935060.52,274375.07,0,0
2025-11-01,Smartphone,Electronics,North,Store A,19,24374.44,0,463114.38,115076.99,0,0
2025-11-01,Headphones,Electronics,West,Store B,20,2455.41,5,46652.76,11109.89,1,0
2025-11-01,Office Chair,Furniture,West,Store B,6,7539.38,5,42974.44,12815.1,0,0
2025-11-01,Study Table,Furniture,North,Store A,12,12512.73,15,127629.87,23391.12,0,0
2025-11-01,T-Shirt,Fashion,East,Store B,21,788.84,20,13252.43,1961.43,1,0
2025-11-01,Jeans,Fashion,East,Store B,18,1885.08,5,32234.92,7862.15,0,0
2025-11-01,Shoes,Fashion,East,Store C,19,2647.47,0,50301.93,15067.27,0,0
2025-11-01,Coffee Maker,Home Appliances,West,Store E,12,4531.05,10,48935.34,16277.26,0,0
2025-11-01,Mixer Grinder,Home Appliances,East,Store E,17,3492.08,10,53428.79,13757.08,0,0
2025-11-02,Laptop,Electronics,East,Store A,18,55178.3,0,993209.46,252414.9,0,0
2025-11-02,Smartphone,Electronics,North,Store E,21,24483.45,10,462737.13,138762.88,1,0
2025-11-02,Headphones,Electronics,North,Store E,14,2637.06,0,36918.77,13393.85,0,0
2025-11-02,Office Chair,Furniture,East,Store D,11,7164.05,0,78804.53,15194.7,0,0
2025-11-02,Study Table,Furniture,West,Store D,11,11921.37,10,118021.6,35221.65,0,0
2025-11-02,T-Shirt,Fashion,West,Store E,22,799.34,5,16706.22,4791.9,0,0
2025-11-02,Jeans,Fashion,East,Store D,25,1906.47,5,45278.71,14764.85,0,0
2025-11-02,Shoes,Fashion,South,Store B,15,2585.47,10,34903.91,7130.45,0,0
2025-11-02,Coffee Maker,Home Appliances,West,Store D,15,4557.72,0,68365.75,15903.33,0,0
2025-11-02,Mixer Grinder,Home Appliances,West,Store A,17,3532.87,0,60058.81,19169.5,1,0
2025-11-03,Laptop,Electronics,North,Store A,13,54906.37,15,606715.34,122293.37,0,0
2025-11-03,Smartphone,Electronics,South,Store D,23,26410.38,0,607438.67,255553.62,1,0
2025-11-03,Headphones,Electronics,West,Store D,13,2435.34,0,31659.36,7887.05,0,0
2025-11-03,Office Chair,Furniture,South,Store D,8,7711.15,15,52435.84,9218.08,0,0
2025-11-03,Study Table,Furniture,South,Store D,14,11626.8,20,130220.14,16889.32,1,0
2025-11-03,T-Shirt,Fashion,North,Store C,10,821.52,15,6982.91,2044.03,0,0
2025-11-03,Jeans,Fashion,North,Store E,11,1860.69,5,19444.16,4078.86,0,0
2025-11-03,Shoes,Fashion,South,Store D,17,2418.0,0,41105.97,11211.75,0,0
2025-11-03,Coffee Maker,Home Appliances,West,Store D,6,4569.37,0,27416.22,6415.0,0,0
2025-11-03,Mixer Grinder,Home Appliances,South,Store D,9,3659.33,10,29640.58,6251.16,0,0
2025-11-04,Laptop,Electronics,South,Store D,15,52551.14,0,788267.15,216323.63,1,0
2025-11-04,Smartphone,Electronics,North,Store A,19,25335.42,15,409166.98,46508.84,1,0
2025-11-04,Headphones,Electronics,South,Store C,10,2447.56,5,23251.82,4011.49,0,0
2025-11-04,Office Chair,Furniture,South,Store A,8,7458.66,10,53702.36,10940.38,1,0
2025-11-04,Study Table,Furniture,West,Store C,5,12729.1,0,63645.48,23354.65,0,0
2025-11-04,T-Shirt,Fashion,North,Store C,16,822.4,0,13158.33,4497.01,0,0
2025-11-04,Jeans,Fashion,East,Store E,19,1748.03,20,26570.04,2076.63,0,0
2025-11-04,Shoes,Fashion,South,Store B,14,2502.97,10,31537.48,9468.18,0,0
2025-11-04,Coffee Maker,Home Appliances,North,Store B,12,4705.9,15,48000.13,11046.99,1,0
2025-11-04,Mixer Grinder,Home Appliances,West,Store C,11,3526.88,5,36855.86,8382.04,0,0
2025-11-05,Laptop,Electronics,West,Store C,7,55994.43,10,352764.9,95013.62,0,0
2025-11-05,Smartphone,Electronics,North,Store A,15,24745.3,15,315502.56,41623.1,0,0
2025-11-05,Headphones,Electronics,East,Store C,9,2610.66,0,23495.92,9125.34,0,0
2025-11-05,Office Chair,Furniture,North,Store A,4,7733.76,10,27841.53,8647.55,0,0
2025-11-05,Study Table,Furniture,North,Store C,8,12015.05,5,91314.38,28023.33,1,0
2025-11-05,T-Shirt,Fashion,South,Store B,17,838.47,15,12115.9,2949.55,0,0
2025-11-05,Jeans,Fashion,South,Store B,13,1915.52,15,21166.46,5485.76,0,0
2025-11-05,Shoes,Fashion,East,Store C,32,2483.38,15,67547.83,13093.22,1,0
2025-11-05,Coffee Maker,Home Appliances,East,Store A,16,4477.23,5,68053.84,13642.34,1,0
2025-11-05,Mixer Grinder,Home Appliances,East,Store D,25,3422.52,0,85562.92,22986.91,1,0
2025-11-06,Laptop,Electronics,South,Store D,25,54597.84,0,1364945.88,328631.64,1,0
2025-11-06,Smartphone,Electronics,North,Store A,15,26800.87,5,381912.41,127312.86,0,0
2025-11-06,Headphones,Electronics,West,Store D,15,2403.93,0,36058.95,12239.82,0,0
2025-11-06,Office Chair,Furniture,West,Store D,13,7937.65,0,103189.49,35874.98,0,0
2025-11-06,Study Table,Furniture,South,Store E,16,11659.27,10,167893.51,19105.5,1,0
2025-11-06,T-Shirt,Fashion,West,Store C,23,800.01,5,17480.12,6381.32,1,0
2025-11-06,Jeans,Fashion,West,Store B,18,1898.11,10,30749.31,11161.69,1,0
2025-11-06,Shoes,Fashion,North,Store C,23,2406.62,20,44281.87,2352.98,1,0
2025-11-06,Coffee Maker,Home Appliances,East,Store D,21,4515.43,0,94824.06,22212.9,1,0
2025-11-06,Mixer Grinder,Home Appliances,North,Store D,10,3357.42,0,33574.22,7275.34,1,0
2025-11-07,Laptop,Electronics,North,Store C,16,55404.07,0,886465.14,333709.76,1,0
2025-11-07,Smartphone,Electronics,West,Store E,10,25109.79,0,251097.86,80369.42,0,0
2025-11-07,Headphones,Electronics,South,Store D,19,2508.89,15,40518.62,4767.48,1,0
2025-11-07,Office Chair,Furniture,North,Store E,5,7792.71,10,35067.21,7700.84,0,0
2025-11-07,Study Table,Furniture,North,Store E,11,11670.28,10,115535.79,17766.82,1,0
2025-11-07,T-Shirt,Fashion,South,Store D,21,798.05,20,13407.2,834.97,1,0
2025-11-07,Jeans,Fashion,North,Store E,15,1762.73,0,26440.97,6055.33,0,0
2025-11-07,Shoes,Fashion,South,Store D,14,2443.26,0,34205.62,12316.75,0,0
2025-11-07,Coffee Maker,Home Appliances,South,Store E,12,4400.8,5,50169.06,10679.61,0,0
2025-11-07,Mixer Grinder,Home Appliances,South,Store A,4,3371.94,0,13487.75,2949.52,0,0
2025-11-08,Laptop,Electronics,South,Store A,18,53170.83,0,957074.94,307726.11,0,0
2025-11-08,Smartphone,Electronics,South,Store C,17,24841.92,0,422312.56,149431.99,0,0
2025-11-08,Headphones,Electronics,West,Store D,22,2460.1,10,48710.02,12333.96,0,0
2025-11-08,Office Chair,Furniture,West,Store C,17,7630.62,10,116748.43,29336.48,1,0
2025-11-08,Study Table,Furniture,West,Store B,14,11926.47,10,150273.54,42715.86,1,0
2025-11-08,T-Shirt,Fashion,North,Store D,23,815.79,0,18763.06,7691.54,1,0
2025-11-08,Jeans,Fashion,East,Store C,26,1872.47,5,46250.02,15566.1,0,0
2025-11-08,Shoes,Fashion,South,Store B,27,2622.18,20,56639.05,11464.44,0,0
2025-11-08,Coffee Maker,Home Appliances,East,Store C,19,4494.41,5,81124.15,29736.31,0,0
2025-11-08,Mixer Grinder,Home Appliances,North,Store E,13,3365.76,5,41567.19,8443.59,1,0
2025-11-09,Laptop,Electronics,East,Store E,15,57167.69,5,814639.6,186962.25,1,0
2025-11-09,Smartphone,Electronics,North,Store C,17,26808.68,15,387385.35,102100.64,1,0
2025-11-09,Headphones,Electronics,West,Store E,18,2538.74,0,45697.25,13229.45,0,0
2025-11-09,Office Chair,Furniture,West,Store D,14,7978.9,0,111704.65,40152.53,0,0
2025-11-09,Study Table,Furniture,North,Store C,8,11835.72,0,94685.77,31543.6,0,0
2025-11-09,T-Shirt,Fashion,South,Store D,35,845.82,5,28123.44,11323.95,0,0
2025-11-09,Jeans,Fashion,East,Store D,25,1715.96,15,36464.2,5291.42,1,0
2025-11-09,Shoes,Fashion,East,Store A,21,2493.15,0,52356.23,13885.25,0,0
2025-11-09,Coffee Maker,Home Appliances,West,Store D,13,4748.83,15,52474.54,13122.17,0,0
2025-11-09,Mixer Grinder,Home Appliances,South,Store E,16,3466.17,0,55458.67,15570.08,0,0
2025-11-10,Laptop,Electronics,West,Store E,22,52378.84,0,1152334.52,349710.52,1,0
2025-11-10,Smartphone,Electronics,South,Store D,10,26452.67,5,251300.38,57845.45,0,0
2025-11-10,Headphones,Electronics,South,Store A,8,2625.67,0,21005.36,8466.55,0,0
2025-11-10,Office Chair,Furniture,North,Store D,7,7390.34,0,51732.38,15441.75,0,0
2025-11-10,Study Table,Furniture,East,Store D,3,11973.82,5,34125.4,7835.06,0,0
2025-11-10,T-Shirt,Fashion,West,Store E,22,807.69,0,17769.19,4137.82,1,0
2025-11-10,Jeans,Fashion,South,Store C,20,1743.7,0,34874.1,12466.63,0,0
2025-11-10,Shoes,Fashion,North,Store B,17,2577.88,0,43823.96,13927.53,0,0
2025-11-10,Coffee Maker,Home Appliances,West,Store D,10,4421.29,0,44212.86,12300.71,0,0
2025-11-10,Mixer Grinder,Home Appliances,West,Store A,8,3706.67,10,26688.02,5613.76,0,0
2025-11-11,Laptop,Electronics,South,Store D,10,56435.62,5,536138.37,151709.9,0,0
2025-11-11,Smartphone,Electronics,East,Store A,14,24903.0,20,278913.57,41644.4,0,0
2025-11-11,Headphones,Electronics,East,Store E,8,2546.57,5,19353.96,7168.02,0,0
2025-11-11,Office Chair,Furniture,North,Store D,2,7831.43,0,15662.85,5061.47,0,0
2025-11-11,Study Table,Furniture,West,Store D,12,11664.02,10,125971.43,32046.4,0,0
2025-11-11,T-Shirt,Fashion,East,Store A,24,817.6,15,16678.99,4832.69,0,0
2025-11-11,Jeans,Fashion,South,Store E,16,1764.2,10,25404.47,6743.47,0,0
2025-11-11,Shoes,Fashion,East,Store E,15,2388.14,5,34030.93,10523.92,0,0
2025-11-11,Coffee Maker,Home Appliances,West,Store A,20,4338.15,0,86763.02,20821.5,1,0
2025-11-11,Mixer Grinder,Home Appliances,East,Store C,14,3327.08,0,46579.09,16077.02,1,0
2025-11-12,Laptop,Electronics,South,Store C,16,56661.07,5,861248.32,184750.1,0,0
2025-11-12,Smartphone,Electronics,North,Store A,12,23860.83,15,243380.43,49670.71,0,0
2025-11-12,Headphones,Electronics,South,Store E,11,2414.43,5,25230.76,6554.51,1,0
2025-11-12,Office Chair,Furniture,East,Store C,7,7357.21,10,46350.42,10676.73,0,0
2025-11-12,Study Table,Furniture,East,Store E,9,11988.79,5,102504.18,22451.15,0,0
2025-11-12,T-Shirt,Fashion,North,Store A,21,851.84,5,16994.16,4920.96,1,0
2025-11-12,Jeans,Fashion,South,Store E,18,1814.09,5,31020.98,6649.16,1,0
2025-11-12,Shoes,Fashion,North,Store A,16,2490.54,0,39848.61,9455.87,0,0
2025-11-12,Coffee Maker,Home Appliances,West,Store D,7,4557.42,15,27116.63,3167.16,0,0
2025-11-12,Mixer Grinder,Home Appliances,West,Store A,17,3614.49,5,58374.03,20826.37,1,0
2025-11-13,Laptop,Electronics,North,Store E,12,56384.08,5,642778.46,204297.07,0,0
2025-11-13,Smartphone,Electronics,South,Store E,11,24626.07,0,270886.81,81361.94,0,0
2025-11-13,Headphones,Electronics,North,Store E,10,2659.62,10,23936.59,6411.31,0,0
2025-11-13,Office Chair,Furniture,South,Store A,9,8086.5,20,58222.8,12171.39,0,0
2025-11-13,Study Table,Furniture,South,Store B,8,12620.4,15,85818.71,15540.22,0,0
2025-11-13,T-Shirt,Fashion,West,Store B,13,776.77,15,8583.31,1145.75,0,0
2025-11-13,Jeans,Fashion,North,Store B,20,1931.79,15,32840.43,5611.4,0,0
2025-11-13,Shoes,Fashion,East,Store D,14,2555.67,10,32201.38,6996.73,0,0
2025-11-13,Coffee Maker,Home Appliances,South,Store D,10,4847.79,0,48477.89,14026.69,0,0
2025-11-13,Mixer Grinder,Home Appliances,West,Store A,8,3451.86,0,27614.89,8201.53,0,0
2025-11-14,Laptop,Electronics,South,Store A,13,56796.56,5,701437.48,161820.35,0,0
2025-11-14,Smartphone,Electronics,East,Store E,12,25523.6,10,275654.9,93626.37,0,0
2025-11-14,Headphones,Electronics,East,Store E,17,2469.21,10,37778.93,11351.07,0,0
2025-11-14,Office Chair,Furniture,South,Store E,3,7812.76,0,23438.28,6659.31,0,0
2025-11-14,Study Table,Furniture,North,Store B,8,12853.34,0,102826.73,30070.98,1,0
2025-11-14,T-Shirt,Fashion,West,Store B,25,839.42,0,20985.42,6563.56,1,0
2025-11-14,Jeans,Fashion,South,Store A,8,1923.76,0,15390.04,6711.05,0,0
2025-11-14,Shoes,Fashion,North,Store B,17,2569.36,5,41495.19,8486.65,0,0
2025-11-14,Coffee Maker,Home Appliances,North,Store C,6,4821.55,0,28929.29,11335.44,1,0
2025-11-14,Mixer Grinder,Home Appliances,East,Store D,6,3716.82,0,22300.92,8487.42,0,0
2025-11-15,Laptop,Electronics,East,Store B,23,58824.0,5,1285304.5,423716.28,1,0
2025-11-15,Smartphone,Electronics,South,Store C,23,24750.44,5,540797.17,117834.17,1,0
2025-11-15,Headphones,Electronics,East,Store D,16,2437.52,20,31200.27,1614.46,0,0
2025-11-15,Office Chair,Furniture,East,Store E,16,7125.34,5,108305.12,30597.37,0,0
2025-11-15,Study Table,Furniture,East,Store E,9,12831.91,5,109712.82,40071.93,0,0
2025-11-15,T-Shirt,Fashion,South,Store A,27,827.48,0,22341.88,8276.66,1,0
2025-11-15,Jeans,Fashion,West,Store B,21,1878.51,15,33531.47,8652.2,0,0
2025-11-15,Shoes,Fashion,East,Store E,17,2444.49,5,39478.49,10859.57,0,0
2025-11-15,Coffee Maker,Home Appliances,East,Store E,12,4288.88,5,48893.24,11831.06,1,0
2025-11-15,Mixer Grinder,Home Appliances,North,Store B,13,3352.22,20,34863.13,3844.53,1,0
2025-11-16,Laptop,Electronics,West,Store B,19,57677.6,0,1095874.44,310917.32,1,0
2025-11-16,Smartphone,Electronics,East,Store B,24,24130.01,0,579120.26,188136.75,1,0
2025-11-16,Headphones,Electronics,West,Store E,19,2486.2,10,42514.0,9989.15,0,0
2025-11-16,Office Chair,Furniture,South,Store A,10,7766.0,0,77660.02,22623.95,0,0
2025-11-16,Study Table,Furniture,East,Store B,20,12117.7,5,230236.27,73420.68,1,0
2025-11-16,T-Shirt,Fashion,South,Store D,24,811.53,0,19476.68,6362.32,0,0
2025-11-16,Jeans,Fashion,West,Store E,18,1929.07,5,32987.04,10539.66,0,0
2025-11-16,Shoes,Fashion,South,Store E,20,2391.8,15,40660.68,6567.14,1,0
2025-11-16,Coffee Maker,Home Appliances,East,Store E,15,4412.13,5,62872.9,21123.58,0,0
2025-11-16,Mixer Grinder,Home Appliances,South,Store C,13,3335.53,15,36857.57,8537.63,0,0
2025-11-17,Laptop,Electronics,South,Store D,12,57107.35,5,651023.75,252746.73,0,0
2025-11-17,Smartphone,Electronics,South,Store B,11,24550.4,0,270054.44,61967.64,0,0
2025-11-17,Headphones,Electronics,North,Store A,15,2408.1,0,36121.48,7418.15,0,0
2025-11-17,Office Chair,Furniture,North,Store E,12,7443.88,10,80393.94,10473.51,0,0
2025-11-17,Study Table,Furniture,South,Store C,7,12862.81,15,76533.69,20126.4,0,0
2025-11-17,T-Shirt,Fashion,North,Store C,16,835.2,15,11358.69,3404.78,0,0
2025-11-17,Jeans,Fashion,West,Store B,10,1850.74,5,17582.07,3669.35,0,0
2025-11-17,Shoes,Fashion,West,Store B,14,2501.93,5,33275.73,12175.32,1,0
2025-11-17,Coffee Maker,Home Appliances,North,Store B,10,4489.39,20,35915.16,3300.71,0,0
2025-11-17,Mixer Grinder,Home Appliances,West,Store E,10,3774.7,0,37747.03,15653.2,0,0
2025-11-18,Laptop,Electronics,West,Store C,15,54503.66,20,654043.9,153166.5,0,0
2025-11-18,Smartphone,Electronics,West,Store C,12,26106.1,20,250618.61,62736.05,1,0
2025-11-18,Headphones,Electronics,North,Store B,15,2431.19,10,32821.03,6478.57,0,0
2025-11-18,Office Chair,Furniture,East,Store D,7,7944.85,5,52833.23,11984.94,0,0
2025-11-18,Study Table,Furniture,East,Store A,8,12728.83,15,86556.07,12654.98,0,0
2025-11-18,T-Shirt,Fashion,South,Store D,9,793.41,0,7140.73,2577.89,0,0
2025-11-18,Jeans,Fashion,East,Store C,11,1788.35,20,15737.46,764.01,0,0
2025-11-18,Shoes,Fashion,South,Store D,21,2499.52,20,41991.87,8443.66,0,0
2025-11-18,Coffee Maker,Home Appliances,East,Store B,11,4679.96,10,46331.58,15989.78,1,0
2025-11-18,Mixer Grinder,Home Appliances,West,Store C,13,3487.01,10,40798.07,9459.55,0,0
2025-11-19,Laptop,Electronics,West,Store A,17,52283.86,15,755501.75,86166.86,0,0
2025-11-19,Smartphone,Electronics,East,Store C,20,25565.76,5,485749.43,99781.02,0,0
2025-11-19,Headphones,Electronics,West,Store B,17,2564.6,0,43598.19,17217.63,0,0
2025-11-19,Office Chair,Furniture,North,Store B,14,7787.43,0,109024.02,28909.65,1,0
2025-11-19,Study Table,Furniture,South,Store E,6,11554.98,0,69329.86,21109.3,0,0
2025-11-19,T-Shirt,Fashion,East,Store D,19,800.37,10,13686.25,2143.9,0,0
2025-11-19,Jeans,Fashion,North,Store A,18,1851.03,10,29986.73,9396.13,0,0
2025-11-19,Shoes,Fashion,South,Store D,16,2476.23,15,33676.7,8509.6,1,0
2025-11-19,Coffee Maker,Home Appliances,East,Store E,11,4597.41,20,40457.25,8610.38,0,0
2025-11-19,Mixer Grinder,Home Appliances,East,Store A,9,3493.49,5,29869.35,7425.61,0,0
2025-11-20,Laptop,Electronics,North,Store E,8,57543.41,0,460347.28,169823.9,0,0
2025-11-20,Smartphone,Electronics,West,Store D,8,25172.74,0,201381.95,66596.08,0,0
2025-11-20,Headphones,Electronics,West,Store E,19,2692.65,0,51160.27,14843.93,0,0
2025-11-20,Office Chair,Furniture,East,Store E,6,7159.1,10,38659.16,9249.17,1,0
2025-11-20,Study Table,Furniture,West,Store D,8,11932.29,0,95458.34,36050.37,0,0
2025-11-20,T-Shirt,Fashion,North,Store D,14,792.46,5,10539.71,2745.28,0,0
2025-11-20,Jeans,Fashion,West,Store D,15,1919.99,5,27359.82,7999.22,0,0
2025-11-20,Shoes,Fashion,East,Store C,15,2513.77,0,37706.6,12837.76,0,0
2025-11-20,Coffee Maker,Home Appliances,North,Store B,12,4498.34,5,51281.11,17112.04,0,0
2025-11-20,Mixer Grinder,Home Appliances,South,Store B,10,3640.66,5,34586.31,12582.06,0,0
2025-11-21,Laptop,Electronics,East,Store C,11,54419.79,10,538755.87,154270.47,0,0
2025-11-21,Smartphone,Electronics,East,Store A,17,25561.05,10,391084.04,76423.24,1,0
2025-11-21,Headphones,Electronics,East,Store C,8,2507.79,10,18056.06,4999.45,0,0
2025-11-21,Office Chair,Furniture,West,Store D,10,7516.71,10,67650.43,12675.56,0,0
2025-11-21,Study Table,Furniture,East,Store A,9,12346.77,5,105564.86,39552.15,1,0
2025-11-21,T-Shirt,Fashion,West,Store C,18,790.24,15,12090.69,1081.77,1,0
2025-11-21,Jeans,Fashion,North,Store C,17,1857.96,5,30006.12,6767.18,0,0
2025-11-21,Shoes,Fashion,South,Store E,21,2393.75,10,45241.85,5508.15,1,0
2025-11-21,Coffee Maker,Home Appliances,North,Store D,11,4679.4,15,43752.43,11960.07,1,0
2025-11-21,Mixer Grinder,Home Appliances,North,Store D,9,3344.27,0,30098.46,9617.24,1,0
2025-11-22,Laptop,Electronics,South,Store C,14,56025.25,0,784353.45,242579.69,0,0
2025-11-22,Smartphone,Electronics,South,Store C,12,24332.75,15,248194.03,58783.71,1,0
2025-11-22,Headphones,Electronics,West,Store D,21,2601.32,15,46433.49,5521.15,1,0
2025-11-22,Office Chair,Furniture,South,Store D,7,7646.06,0,53522.41,21325.14,0,0
2025-11-22,Study Table,Furniture,North,Store D,9,12605.84,10,102107.31,19835.69,1,0
2025-11-22,T-Shirt,Fashion,South,Store A,15,845.77,0,12686.49,5404.62,0,0
2025-11-22,Jeans,Fashion,East,Store E,26,1762.32,0,45820.45,11839.01,1,0
2025-11-22,Shoes,Fashion,North,Store E,22,2619.88,0,57637.46,19732.59,1,0
2025-11-22,Coffee Maker,Home Appliances,North,Store C,10,4643.35,15,39468.5,6631.12,0,0
2025-11-22,Mixer Grinder,Home Appliances,West,Store C,10,3354.11,0,33541.07,9454.91,0,0
2025-11-23,Laptop,Electronics,East,Store A,25,57779.29,5,1372258.02,487989.84,0,0
2025-11-23,Smartphone,Electronics,South,Store B,20,24104.38,0,482087.51,140210.71,0,0
2025-11-23,Headphones,Electronics,North,Store A,13,2507.24,0,32594.16,9476.9,0,0
2025-11-23,Office Chair,Furniture,North,Store E,12,7826.63,10,84527.62,26278.38,1,0
2025-11-23,Study Table,Furniture,East,Store A,13,12834.58,5,158507.09,63358.12,0,0
2025-11-23,T-Shirt,Fashion,South,Store B,12,796.14,5,9076.02,3094.4,0,0
2025-11-23,Jeans,Fashion,East,Store C,29,1775.35,15,43762.38,7456.24,1,0
2025-11-23,Shoes,Fashion,North,Store C,22,2647.4,5,55330.64,17436.49,0,0
2025-11-23,Coffee Maker,Home Appliances,South,Store D,13,4379.75,0,56936.71,14552.68,0,0
2025-11-23,Mixer Grinder,Home Appliances,West,Store A,14,3751.96,15,44648.32,8996.78,1,0
2025-11-24,Laptop,Electronics,South,Store A,10,57742.13,5,548550.25,143132.11,0,0
2025-11-24,Smartphone,Electronics,North,Store D,17,25112.68,15,362878.27,96829.37,1,0
2025-11-24,Headphones,Electronics,North,Store C,13,2690.75,0,34979.71,11621.05,0,0
2025-11-24,Office Chair,Furniture,South,Store E,9,7400.7,5,63275.95,21539.42,0,0
2025-11-24,Study Table,Furniture,East,Store A,6,12373.98,10,66819.51,12519.66,0,0
2025-11-24,T-Shirt,Fashion,South,Store C,19,771.03,5,13917.02,4075.69,1,0
2025-11-24,Jeans,Fashion,South,Store A,23,1726.98,10,35748.43,6503.48,0,0
2025-11-24,Shoes,Fashion,West,Store A,14,2402.49,0,33634.84,7190.82,0,0
2025-11-24,Coffee Maker,Home Appliances,South,Store E,7,4293.15,10,27046.84,4955.33,0,0
2025-11-24,Mixer Grinder,Home Appliances,East,Store C,19,3736.12,0,70986.37,22369.54,1,0
2025-11-25,Laptop,Electronics,East,Store E,12,53470.28,5,609561.21,115513.82,0,0
2025-11-25,Smartphone,Electronics,East,Store A,7,23785.02,0,166495.12,48622.32,0,0
2025-11-25,Headphones,Electronics,West,Store E,17,2420.36,0,41146.1,11872.04,1,0
2025-11-25,Office Chair,Furniture,South,Store D,6,7878.49,5,44907.38,15394.03,0,0
2025-11-25,Study Table,Furniture,East,Store C,12,12722.22,0,152666.62,51303.22,0,0
2025-11-25,T-Shirt,Fashion,South,Store E,20,817.37,0,16347.45,6351.96,1,0
2025-11-25,Jeans,Fashion,East,Store C,13,1741.3,5,21505.09,7369.23,0,0
2025-11-25,Shoes,Fashion,South,Store C,11,2592.26,5,27089.07,5712.81,0,0
2025-11-25,Coffee Maker,Home Appliances,East,Store A,4,4392.62,10,15813.41,2493.72,0,0
2025-11-25,Mixer Grinder,Home Appliances,South,Store D,9,3470.99,5,29676.96,5151.69,0,0
2025-11-26,Laptop,Electronics,East,Store B,14,57602.96,0,806441.39,311266.03,0,0
2025-11-26,Smartphone,Electronics,West,Store A,13,24655.65,5,304497.23,99442.37,0,0
2025-11-26,Headphones,Electronics,East,Store A,9,2657.95,15,20333.33,4682.82,0,0
2025-11-26,Office Chair,Furniture,East,Store C,10,7705.62,10,69350.61,20094.95,1,0
2025-11-26,Study Table,Furniture,East,Store B,19,12385.8,15,200030.71,22348.75,1,0
2025-11-26,T-Shirt,Fashion,West,Store D,16,801.21,5,12178.36,4001.92,0,0
2025-11-26,Jeans,Fashion,South,Store C,10,1827.2,5,17358.36,5848.26,0,0
2025-11-26,Shoes,Fashion,West,Store C,9,2645.8,0,23812.17,8622.57,0,0
2025-11-26,Coffee Maker,Home Appliances,West,Store D,10,4530.73,5,43041.93,8163.81,0,0
2025-11-26,Mixer Grinder,Home Appliances,South,Store B,8,3537.67,0,28301.37,6737.37,0,0
2025-11-27,Laptop,Electronics,South,Store A,11,57480.44,0,632284.83,209984.9,0,0
2025-11-27,Smartphone,Electronics,East,Store E,17,24833.44,10,379951.56,71190.34,1,0
2025-11-27,Headphones,Electronics,South,Store E,14,2472.5,5,32884.28,10093.78,1,0
2025-11-27,Office Chair,Furniture,West,Store A,13,7354.67,20,76488.55,4692.65,0,0
2025-11-27,Study Table,Furniture,North,Store D,9,12810.17,5,109526.91,34579.41,1,0
2025-11-27,T-Shirt,Fashion,South,Store C,19,779.21,0,14805.08,5400.86,1,0
2025-11-27,Jeans,Fashion,East,Store A,16,1856.78,5,28223.1,9632.78,0,0
2025-11-27,Shoes,Fashion,South,Store C,11,2423.94,15,22663.87,1776.32,0,0
2025-11-27,Coffee Maker,Home Appliances,North,Store C,16,4601.2,5,69938.3,24656.93,0,0
2025-11-27,Mixer Grinder,Home Appliances,West,Store A,9,3475.22,0,31276.94,7963.85,0,0
2025-11-28,Laptop,Electronics,West,Store C,16,54056.43,0,864902.86,328848.45,0,0
2025-11-28,Smartphone,Electronics,South,Store C,18,24114.39,5,412356.02,131783.32,0,0
2025-11-28,Headphones,Electronics,North,Store E,11,2472.29,0,27195.14,8469.0,0,0
2025-11-28,Office Chair,Furniture,North,Store B,10,7843.85,0,78438.5,24060.14,0,0
2025-11-28,Study Table,Furniture,South,Store E,9,12662.39,10,102565.32,30681.41,1,0
2025-11-28,T-Shirt,Fashion,East,Store E,9,844.76,5,7222.71,2382.57,0,0
2025-11-28,Jeans,Fashion,South,Store C,22,1768.79,10,35022.13,7437.09,1,0
2025-11-28,Shoes,Fashion,North,Store C,11,2504.33,20,22038.11,4186.28,0,0
2025-11-28,Coffee Maker,Home Appliances,East,Store A,10,4463.71,10,40173.39,7898.55,0,0
2025-11-28,Mixer Grinder,Home Appliances,North,Store E,12,3493.99,5,39831.45,7777.9,1,0
2025-11-29,Laptop,Electronics,North,Store D,15,53111.97,0,796679.55,265232.89,0,0
2025-11-29,Smartphone,Electronics,East,Store A,22,25721.85,0,565880.64,174674.22,1,0
2025-11-29,Headphones,Electronics,West,Store B,19,2651.15,5,47853.23,17274.4,0,0
2025-11-29,Office Chair,Furniture,North,Store B,13,7806.14,5,96405.87,35194.52,0,0
2025-11-29,Study Table,Furniture,East,Store B,13,12521.64,10,146503.24,34817.28,0,0
2025-11-29,T-Shirt,Fashion,South,Store B,21,839.08,5,16739.67,4501.21,0,0
2025-11-29,Jeans,Fashion,North,Store C,20,1732.74,10,31189.31,7492.62,0,0
2025-11-29,Shoes,Fashion,East,Store D,23,2553.11,0,58721.63,19199.42,0,0
2025-11-29,Coffee Maker,Home Appliances,North,Store D,10,4856.63,20,38853.05,9490.31,0,0
2025-11-29,Mixer Grinder,Home Appliances,South,Store A,12,3626.93,0,43523.22,11681.98,1,0
2025-11-30,Laptop,Electronics,North,Store B,12,58108.23,10,627568.87,116254.44,1,0
2025-11-30,Smartphone,Electronics,South,Store D,38,24749.93,0,940497.33,272245.67,1,0
2025-11-30,Headphones,Electronics,West,Store E,17,2679.0,0,45542.97,14406.65,0,0
2025-11-30,Office Chair,Furniture,West,Store E,14,7555.87,5,100493.01,33923.71,1,0
2025-11-30,Study Table,Furniture,East,Store E,13,11905.8,0,154775.39,38653.2,1,0
2025-11-30,T-Shirt,Fashion,East,Store C,33,820.82,20,21669.63,4254.49,1,0
2025-11-30,Jeans,Fashion,South,Store D,14,1789.73,0,25056.24,8499.62,0,0
2025-11-30,Shoes,Fashion,North,Store B,21,2457.11,10,46439.36,6813.11,0,0
2025-11-30,Coffee Maker,Home Appliances,East,Store E,12,4326.05,5,49316.92,14469.53,0,0
2025-11-30,Mixer Grinder,Home Appliances,North,Store A,10,3760.69,5,35726.57,12364.61,1,0
2025-12-01,Laptop,Electronics,South,Store A,11,58410.32,20,514010.78,80360.43,0,0
2025-12-01,Smartphone,Electronics,East,Store C,11,23828.07,10,235897.91,61255.8,0,0
2025-12-01,Headphones,Electronics,South,Store B,12,2656.45,5,30283.51,11841.14,0,0
2025-12-01,Office Chair,Furniture,North,Store B,15,7215.22,0,108228.26,20699.66,0,0
2025-12-01,Study Table,Furniture,East,Store D,11,12168.77,0,133856.52,37421.31,0,0
2025-12-01,T-Shirt,Fashion,West,Store A,30,832.89,0,24986.76,9154.76,1,0
2025-12-01,Jeans,Fashion,East,Store A,17,1876.46,10,28709.88,8221.28,0,0
2025-12-01,Shoes,Fashion,East,Store C,20,2434.3,20,38948.81,2442.35,1,0
2025-12-01,Coffee Maker,Home Appliances,East,Store E,11,4596.88,5,48037.39,14574.53,0,0
2025-12-01,Mixer Grinder,Home Appliances,South,Store B,11,3768.21,20,33160.29,7063.7,0,0
2025-12-02,Laptop,Electronics,North,Store A,12,56499.06,0,677988.77,216633.03,0,0
2025-12-02,Smartphone,Electronics,West,Store C,17,26417.96,0,449105.32,180535.67,1,0
2025-12-02,Headphones,Electronics,East,Store C,9,2572.76,10,20839.39,7261.61,0,0
2025-12-02,Office Chair,Furniture,South,Store B,13,7635.34,10,89333.47,17801.54,1,0
2025-12-02,Study Table,Furniture,West,Store D,10,11912.17,15,101253.45,14780.84,0,0
2025-12-02,T-Shirt,Fashion,East,Store E,18,820.48,5,14030.17,4587.86,0,0
2025-12-02,Jeans,Fashion,East,Store E,8,1870.39,0,14963.13,5536.13,1,0
2025-12-02,Shoes,Fashion,East,Store B,16,2574.64,0,41194.26,11380.69,0,0
2025-12-02,Coffee Maker,Home Appliances,East,Store B,20,4325.97,20,69215.45,15009.28,1,0
2025-12-02,Mixer Grinder,Home Appliances,East,Store B,9,3503.15,5,29951.9,9873.81,0,0
2025-12-03,Laptop,Electronics,South,Store A,11,59387.27,0,653259.92,185610.97,0,0
2025-12-03,Smartphone,Electronics,South,Store B,16,24065.94,5,365802.34,63472.66,0,0
2025-12-03,Headphones,Electronics,South,Store E,9,2464.21,5,21068.98,4582.77,0,0
2025-12-03,Office Chair,Furniture,West,Store B,11,7847.99,0,86327.89,23821.93,1,0
2025-12-03,Study Table,Furniture,East,Store A,7,12003.53,10,75622.25,10499.14,0,0
2025-12-03,T-Shirt,Fashion,South,Store C,16,793.7,0,12699.13,3373.43,0,0
2025-12-03,Jeans,Fashion,East,Store D,22,1840.44,20,32391.66,2581.26,0,0
2025-12-03,Shoes,Fashion,West,Store B,26,2508.55,5,61961.18,21511.41,1,0
2025-12-03,Coffee Maker,Home Appliances,South,Store D,5,4399.32,0,21996.62,7860.2,0,0
2025-12-03,Mixer Grinder,Home Appliances,East,Store D,10,3377.68,0,33776.85,12136.54,0,0
2025-12-04,Laptop,Electronics,East,Store D,13,56809.5,10,664671.12,217299.11,0,0
2025-12-04,Smartphone,Electronics,East,Store D,21,26952.87,0,566010.25,208643.76,0,0
2025-12-04,Headphones,Electronics,East,Store E,17,2564.62,10,39238.74,12318.49,1,0
2025-12-04,Office Chair,Furniture,East,Store D,5,8002.61,10,36011.73,11397.14,0,0
2025-12-04,Study Table,Furniture,West,Store D,11,12446.0,10,123215.39,23156.92,0,0
2025-12-04,T-Shirt,Fashion,East,Store A,22,793.98,0,17467.64,6223.03,1,0
2025-12-04,Jeans,Fashion,South,Store B,11,1857.07,5,19406.38,4456.4,0,0
2025-12-04,Shoes,Fashion,South,Store D,20,2619.74,0,52394.76,18970.33,0,0
2025-12-04,Coffee Maker,Home Appliances,South,Store D,8,4692.35,20,30031.07,4181.32,0,0
2025-12-04,Mixer Grinder,Home Appliances,South,Store E,19,3344.98,5,60376.97,9979.63,1,0
2025-12-05,Laptop,Electronics,East,Store A,11,53427.38,0,587701.19,170139.06,0,0
2025-12-05,Smartphone,Electronics,North,Store B,13,25703.69,10,300733.14,95035.48,0,0
2025-12-05,Headphones,Electronics,South,Store A,15,2514.05,5,35825.26,8877.12,0,0
2025-12-05,Office Chair,Furniture,South,Store B,3,7576.45,10,20456.41,5965.54,0,0
2025-12-05,Study Table,Furniture,East,Store C,11,12339.28,10,122158.87,22368.48,0,0
2025-12-05,T-Shirt,Fashion,North,Store B,16,831.82,0,13309.16,4286.99,0,0
2025-12-05,Jeans,Fashion,North,Store A,25,1716.55,0,42913.65,11109.1,0,0
2025-12-05,Shoes,Fashion,East,Store C,18,2397.01,5,40988.95,6738.02,0,0
2025-12-05,Coffee Maker,Home Appliances,West,Store A,14,4447.93,20,49816.86,7482.97,0,0
2025-12-05,Mixer Grinder,Home Appliances,East,Store A,7,3648.42,20,20431.15,1369.67,0,0
2025-12-06,Laptop,Electronics,West,Store C,19,53773.25,0,1021691.72,355976.09,0,0
2025-12-06,Smartphone,Electronics,West,Store C,17,24193.99,0,411297.82,150213.44,0,0
2025-12-06,Headphones,Electronics,South,Store C,19,2514.85,0,47782.15,16461.2,0,0
2025-12-06,Office Chair,Furniture,West,Store B,14,7727.46,10,97365.96,30823.98,1,0
2025-12-06,Study Table,Furniture,South,Store C,12,11908.72,0,142904.65,37019.07,0,0
2025-12-06,T-Shirt,Fashion,East,Store E,18,800.12,5,13682.12,3207.54,0,0
2025-12-06,Jeans,Fashion,East,Store A,14,1920.51,10,24198.42,7800.8,0,0
2025-12-06,Shoes,Fashion,West,Store A,16,2652.8,0,42444.76,17983.8,0,0
2025-12-06,Coffee Maker,Home Appliances,North,Store B,8,4824.01,0,38592.06,15170.13,0,0
2025-12-06,Mixer Grinder,Home Appliances,North,Store D,15,3474.63,20,41695.51,7241.76,0,0
2025-12-07,Laptop,Electronics,North,Store C,20,57636.06,0,1152721.19,409243.11,0,0
2025-12-07,Smartphone,Electronics,East,Store B,19,24679.62,10,422021.58,97889.37,1,0
2025-12-07,Headphones,Electronics,East,Store A,13,2394.3,10,28013.34,4791.39,0,0
2025-12-07,Office Chair,Furniture,East,Store C,14,7475.34,5,99422.05,32033.49,1,0
2025-12-07,Study Table,Furniture,West,Store E,12,11578.05,0,138936.54,33213.09,1,0
2025-12-07,T-Shirt,Fashion,South,Store C,23,769.28,10,15924.16,3698.33,1,0
2025-12-07,Jeans,Fashion,South,Store E,30,1912.71,20,45904.96,10452.61,1,0
2025-12-07,Shoes,Fashion,East,Store E,20,2391.81,0,47836.23,12976.49,0,0
2025-12-07,Coffee Maker,Home Appliances,South,Store B,17,4305.4,0,73191.79,27079.85,1,0
2025-12-07,Mixer Grinder,Home Appliances,North,Store E,20,3737.79,0,74755.83,21668.63,0,0
2025-12-08,Laptop,Electronics,West,Store D,12,58460.41,5,666448.65,160263.11,0,0
2025-12-08,Smartphone,Electronics,East,Store A,20,25910.51,10,466389.26,88506.73,1,0
2025-12-08,Headphones,Electronics,North,Store E,12,2683.57,10,28982.61,10087.53,0,0
2025-12-08,Office Chair,Furniture,South,Store B,12,7725.23,0,92702.7,23014.78,0,0
2025-12-08,Study Table,Furniture,South,Store C,12,12569.81,0,150837.68,63448.35,0,0
2025-12-08,T-Shirt,Fashion,South,Store E,22,773.96,20,13621.61,321.7,0,0
2025-12-08,Jeans,Fashion,East,Store C,24,1876.88,20,36036.03,6268.41,1,0
2025-12-08,Shoes,Fashion,North,Store B,16,2493.87,10,35911.77,10394.39,1,0
2025-12-08,Coffee Maker,Home Appliances,North,Store E,8,4759.18,0,38073.42,16420.19,1,0
2025-12-08,Mixer Grinder,Home Appliances,South,Store B,17,3387.41,0,57585.96,11792.37,1,0
2025-12-09,Laptop,Electronics,East,Store E,9,58154.77,20,418714.34,33805.48,0,0
2025-12-09,Smartphone,Electronics,North,Store E,10,25937.57,0,259375.71,70947.88,0,0
2025-12-09,Headphones,Electronics,South,Store B,5,2692.12,0,13460.58,4833.74,0,0
2025-12-09,Office Chair,Furniture,West,Store C,11,7176.25,15,67097.94,9575.36,0,0
2025-12-09,Study Table,Furniture,South,Store D,15,12722.73,0,190840.98,58531.09,1,0
2025-12-09,T-Shirt,Fashion,West,Store E,15,774.74,15,9877.88,1423.46,0,0
2025-12-09,Jeans,Fashion,South,Store D,14,1937.95,0,27131.32,8810.25,0,0
2025-12-09,Shoes,Fashion,East,Store D,17,2642.86,10,40435.69,9123.25,0,0
2025-12-09,Coffee Maker,Home Appliances,West,Store A,10,4370.41,0,43704.11,13189.73,0,0
2025-12-09,Mixer Grinder,Home Appliances,South,Store B,4,3364.02,0,13456.07,2696.48,0,0
2025-12-10,Laptop,Electronics,North,Store C,18,56293.08,10,911947.82,216672.63,1,0
2025-12-10,Smartphone,Electronics,North,Store B,18,23976.35,20,345259.4,47004.15,0,0
2025-12-10,Headphones,Electronics,East,Store A,9,2418.37,5,20677.04,6952.19,0,0
2025-12-10,Office Chair,Furniture,South,Store C,18,7186.88,10,116427.48,28112.84,1,0
2025-12-10,Study Table,Furniture,North,Store A,10,12407.36,5,117869.91,35050.87,0,0
2025-12-10,T-Shirt,Fashion,East,Store C,10,840.2,0,8402.05,3390.81,0,0
2025-12-10,Jeans,Fashion,East,Store B,10,1709.13,0,17091.33,6017.55,0,0
2025-12-10,Shoes,Fashion,West,Store E,11,2644.0,0,29083.99,11782.53,0,0
2025-12-10,Coffee Maker,Home Appliances,North,Store B,11,4380.73,5,45778.6,9942.94,0,0
2025-12-10,Mixer Grinder,Home Appliances,West,Store C,12,3580.29,15,36518.98,8051.47,0,0
2025-12-11,Laptop,Electronics,North,Store A,15,54649.73,0,819745.95,247757.84,0,0
2025-12-11,Smartphone,Electronics,East,Store A,10,25187.38,0,251873.75,98559.66,0,0
2025-12-11,Headphones,Electronics,South,Store C,12,2521.32,10,27230.23,9224.11,0,0
2025-12-11,Office Chair,Furniture,East,Store A,7,7199.37,5,47875.83,9205.51,0,0
2025-12-11,Study Table,Furniture,East,Store E,5,12019.8,15,51084.14,5324.93,0,0
2025-12-11,T-Shirt,Fashion,North,Store E,25,846.13,0,21153.24,7816.56,1,0
2025-12-11,Jeans,Fashion,East,Store B,23,1835.07,15,35875.59,10871.24,1,0
2025-12-11,Shoes,Fashion,East,Store E,16,2445.62,0,39129.97,14583.53,1,0
2025-12-11,Coffee Maker,Home Appliances,East,Store B,10,4399.18,5,41792.18,10178.09,1,0
2025-12-11,Mixer Grinder,Home Appliances,North,Store E,7,3631.79,15,21609.14,4000.78,0,0
2025-12-12,Laptop,Electronics,North,Store B,16,57761.21,0,924179.39,339369.66,0,0
2025-12-12,Smartphone,Electronics,North,Store A,12,24763.71,10,267448.11,60879.57,0,0
2025-12-12,Headphones,Electronics,South,Store B,10,2466.9,0,24669.02,8709.42,0,0
2025-12-12,Office Chair,Furniture,South,Store A,12,7889.99,5,89945.85,31134.59,1,0
2025-12-12,Study Table,Furniture,East,Store B,11,11715.81,10,115986.56,18451.21,0,0
2025-12-12,T-Shirt,Fashion,South,Store B,16,827.48,0,13239.76,3725.61,0,0
2025-12-12,Jeans,Fashion,East,Store E,16,1806.7,0,28907.26,8734.88,0,0
2025-12-12,Shoes,Fashion,East,Store E,12,2592.17,5,29550.76,8124.23,0,0
2025-12-12,Coffee Maker,Home Appliances,West,Store B,15,4592.32,5,65440.49,14874.6,0,0
2025-12-12,Mixer Grinder,Home Appliances,East,Store C,10,3516.99,10,31652.94,10447.97,0,0
2025-12-13,Laptop,Electronics,West,Store C,15,53619.57,0,804293.52,202626.32,0,0
2025-12-13,Smartphone,Electronics,South,Store E,11,26677.87,0,293456.54,82258.94,0,0
2025-12-13,Headphones,Electronics,West,Store E,12,2459.93,20,23615.32,3591.08,0,0
2025-12-13,Office Chair,Furniture,West,Store D,8,7162.62,20,45840.74,7820.0,0,0
2025-12-13,Study Table,Furniture,East,Store A,8,12701.81,0,101614.5,37797.09,0,0
2025-12-13,T-Shirt,Fashion,North,Store B,23,816.77,15,15967.94,3585.31,1,0
2025-12-13,Jeans,Fashion,West,Store B,18,1818.91,0,32740.4,13237.96,1,0
2025-12-13,Shoes,Fashion,East,Store A,23,2529.46,0,58177.53,16875.26,0,0
2025-12-13,Coffee Maker,Home Appliances,North,Store C,13,4564.54,5,56372.06,11830.52,0,0
2025-12-13,Mixer Grinder,Home Appliances,South,Store D,9,3485.58,0,31370.23,8544.51,0,0
2025-12-14,Laptop,Electronics,East,Store C,15,53313.3,20,639759.58,107252.12,0,0
2025-12-14,Smartphone,Electronics,South,Store C,13,24316.44,5,300308.06,70091.45,0,0
2025-12-14,Headphones,Electronics,East,Store B,20,2517.34,15,42794.85,8249.66,0,0
2025-12-14,Office Chair,Furniture,East,Store E,11,7484.36,5,78211.61,14529.29,0,0
2025-12-14,Study Table,Furniture,East,Store C,8,11694.95,5,88881.59,21169.45,0,0
2025-12-14,T-Shirt,Fashion,West,Store B,14,817.57,0,11446.02,3896.8,0,0
2025-12-14,Jeans,Fashion,South,Store C,36,1884.36,10,61053.32,16615.17,1,0
2025-12-14,Shoes,Fashion,South,Store C,25,2538.54,5,60290.4,14575.14,1,0
2025-12-14,Coffee Maker,Home Appliances,East,Store B,15,4621.12,0,69316.8,17977.64,0,0
2025-12-14,Mixer Grinder,Home Appliances,East,Store C,9,3627.46,10,29382.41,7018.25,0,0
2025-12-15,Laptop,Electronics,North,Store C,11,55758.44,0,613342.83,182663.6,1,0
2025-12-15,Smartphone,Electronics,East,Store B,10,25336.54,5,240697.09,72399.3,0,0
2025-12-15,Headphones,Electronics,North,Store C,13,2639.43,0,34312.53,9277.21,0,0
2025-12-15,Office Chair,Furniture,South,Store A,7,8025.53,0,56178.68,16001.49,0,0
2025-12-15,Study Table,Furniture,South,Store C,6,12452.25,20,59770.8,5969.54,0,0
2025-12-15,T-Shirt,Fashion,West,Store D,16,761.01,0,12176.19,2275.65,0,0
2025-12-15,Jeans,Fashion,South,Store C,16,1904.27,10,27421.5,6538.98,0,0
2025-12-15,Shoes,Fashion,East,Store E,19,2652.9,0,50405.09,16036.98,0,0
2025-12-15,Coffee Maker,Home Appliances,West,Store B,17,4690.37,0,79736.21,31041.49,1,0
2025-12-15,Mixer Grinder,Home Appliances,West,Store D,8,3700.81,20,23685.19,5532.07,0,0
2025-12-16,Laptop,Electronics,East,Store D,17,54397.28,10,832278.43,255791.53,1,0
2025-12-16,Smartphone,Electronics,North,Store E,13,25306.32,0,328982.22,118960.08,1,0
2025-12-16,Headphones,Electronics,North,Store D,13,2670.02,20,27768.17,6524.37,0,0
2025-12-16,Office Chair,Furniture,South,Store C,16,7422.8,5,112826.53,38020.53,0,0
2025-12-16,Study Table,Furniture,West,Store B,4,12692.04,10,45691.34,16055.35,0,0
2025-12-16,T-Shirt,Fashion,West,Store D,23,810.64,10,16780.25,3820.51,0,0
2025-12-16,Jeans,Fashion,East,Store B,21,1919.96,10,36287.17,13577.79,1,0
2025-12-16,Shoes,Fashion,North,Store B,7,2436.43,5,16202.29,4572.86,0,0
2025-12-16,Coffee Maker,Home Appliances,South,Store C,10,4695.33,5,44605.68,12801.6,0,0
2025-12-16,Mixer Grinder,Home Appliances,North,Store B,14,3625.47,0,50756.58,16774.86,0,0
2025-12-17,Laptop,Electronics,South,Store B,10,54389.22,0,543892.23,122252.43,0,0
2025-12-17,Smartphone,Electronics,West,Store E,17,25249.05,0,429233.84,103565.01,0,0
2025-12-17,Headphones,Electronics,South,Store B,18,2511.14,0,45200.47,13555.41,0,0
2025-12-17,Office Chair,Furniture,North,Store C,15,7567.63,15,96487.3,19043.18,0,0
2025-12-17,Study Table,Furniture,East,Store C,6,12808.7,5,73009.6,23210.3,0,0
2025-12-17,T-Shirt,Fashion,West,Store B,23,850.8,15,16633.15,5292.19,1,0
2025-12-17,Jeans,Fashion,South,Store E,9,1930.19,0,17371.71,6517.61,0,0
2025-12-17,Shoes,Fashion,East,Store E,21,2434.9,15,43462.95,6748.1,0,0
2025-12-17,Coffee Maker,Home Appliances,North,Store B,12,4455.09,15,45441.87,8997.95,0,0
2025-12-17,Mixer Grinder,Home Appliances,East,Store D,10,3358.0,10,30222.03,5934.22,0,0
2025-12-18,Laptop,Electronics,South,Store D,10,54222.35,10,488001.16,128014.27,0,0
2025-12-18,Smartphone,Electronics,South,Store A,7,24409.2,15,145234.75,32133.37,0,0
2025-12-18,Headphones,Electronics,North,Store C,11,2388.66,0,26275.3,5011.72,0,0
2025-12-18,Office Chair,Furniture,West,Store B,9,7281.82,10,58982.71,6808.79,0,0
2025-12-18,Study Table,Furniture,North,Store E,12,12586.47,0,151037.64,60452.11,0,0
2025-12-18,T-Shirt,Fashion,South,Store E,22,849.83,0,18696.28,6914.44,1,0
2025-12-18,Jeans,Fashion,South,Store D,21,1768.32,10,33421.25,10621.33,0,0
2025-12-18,Shoes,Fashion,West,Store E,19,2464.8,0,46831.21,13212.58,0,0
2025-12-18,Coffee Maker,Home Appliances,South,Store D,9,4827.93,0,43451.34,12700.57,0,0
2025-12-18,Mixer Grinder,Home Appliances,West,Store A,12,3363.96,5,38349.09,8025.6,1,0
2025-12-19,Laptop,Electronics,West,Store D,14,55582.16,0,778150.29,304611.3,1,0
2025-12-19,Smartphone,Electronics,North,Store E,11,25325.45,0,278579.96,93420.76,0,0
2025-12-19,Headphones,Electronics,West,Store C,18,2599.88,5,44457.87,16234.14,0,0
2025-12-19,Office Chair,Furniture,North,Store C,9,7478.39,5,63940.2,22696.45,0,0
2025-12-19,Study Table,Furniture,North,Store D,11,11656.29,0,128219.24,40130.19,0,0
2025-12-19,T-Shirt,Fashion,West,Store D,11,825.41,10,8171.56,1860.53,0,0
2025-12-19,Jeans,Fashion,South,Store D,18,1805.81,0,32504.51,10100.12,1,0
2025-12-19,Shoes,Fashion,East,Store C,11,2646.11,5,27651.86,10082.64,0,0
2025-12-19,Coffee Maker,Home Appliances,North,Store E,4,4315.07,0,17260.27,3380.45,0,0
2025-12-19,Mixer Grinder,Home Appliances,South,Store E,18,3655.96,0,65807.35,23726.87,1,0
2025-12-20,Laptop,Electronics,East,Store A,12,57199.44,5,652073.62,225940.85,0,0
2025-12-20,Smartphone,Electronics,West,Store C,17,26988.38,20,367041.95,99557.33,0,0
2025-12-20,Headphones,Electronics,East,Store D,14,2393.13,5,31828.57,7660.59,0,0
2025-12-20,Office Chair,Furniture,South,Store C,13,7892.73,5,97475.19,24995.61,1,0
2025-12-20,Study Table,Furniture,East,Store D,13,11595.7,0,150744.12,33950.83,1,0
2025-12-20,T-Shirt,Fashion,North,Store A,30,768.31,20,18439.45,1582.6,0,0
2025-12-20,Jeans,Fashion,South,Store E,22,1801.19,10,35663.65,11613.91,0,0
2025-12-20,Shoes,Fashion,South,Store D,26,2421.49,0,62958.85,13194.94,1,0
2025-12-20,Coffee Maker,Home Appliances,West,Store D,19,4425.46,15,71471.22,6166.51,1,0
2025-12-20,Mixer Grinder,Home Appliances,East,Store D,11,3674.12,5,38394.53,10824.64,0,0
2025-12-21,Laptop,Electronics,East,Store D,14,56455.61,0,790378.6,302445.06,0,0
2025-12-21,Smartphone,Electronics,West,Store A,15,26945.0,5,383966.19,137349.04,1,0
2025-12-21,Headphones,Electronics,North,Store D,14,2499.62,10,31495.17,8824.86,0,0
2025-12-21,Office Chair,Furniture,North,Store C,15,7431.4,5,105897.38,18190.5,1,0
2025-12-21,Study Table,Furniture,South,Store A,11,12482.34,5,130440.44,35244.07,0,0
2025-12-21,T-Shirt,Fashion,North,Store C,30,774.57,0,23237.24,8665.53,0,0
2025-12-21,Jeans,Fashion,South,Store B,16,1743.84,0,27901.37,10185.44,0,0
2025-12-21,Shoes,Fashion,South,Store A,12,2546.05,15,25969.68,5091.81,0,0
2025-12-21,Coffee Maker,Home Appliances,West,Store A,15,4487.71,5,63949.84,15788.2,0,0
2025-12-21,Mixer Grinder,Home Appliances,South,Store E,16,3444.19,20,44085.61,9501.4,0,0
2025-12-22,Laptop,Electronics,North,Store D,15,54599.67,10,737095.57,191417.32,0,0
2025-12-22,Smartphone,Electronics,East,Store B,16,25927.89,0,414846.21,152670.15,1,0
2025-12-22,Headphones,Electronics,East,Store B,12,2532.64,0,30391.66,11820.62,0,0
2025-12-22,Office Chair,Furniture,West,Store A,8,7490.47,0,59923.8,19356.66,0,0
2025-12-22,Study Table,Furniture,North,Store C,20,11731.95,0,234639.01,77522.56,1,0
2025-12-22,T-Shirt,Fashion,South,Store D,14,831.17,10,10472.74,2599.0,0,0
2025-12-22,Jeans,Fashion,West,Store D,23,1823.58,5,39845.15,8096.48,0,0
2025-12-22,Shoes,Fashion,East,Store B,12,2553.32,20,24511.9,5915.51,0,0
2025-12-22,Coffee Maker,Home Appliances,East,Store D,13,4743.86,0,61670.13,23351.38,1,0
2025-12-22,Mixer Grinder,Home Appliances,South,Store C,9,3420.64,5,29246.48,6929.96,0,0
2025-12-23,Laptop,Electronics,East,Store B,16,57132.18,0,914114.88,363696.91,1,0
2025-12-23,Smartphone,Electronics,South,Store A,13,24901.95,10,291352.8,48432.37,0,0
2025-12-23,Headphones,Electronics,East,Store D,12,2468.76,0,29625.13,8334.67,1,0
2025-12-23,Office Chair,Furniture,West,Store D,10,7219.32,10,64973.86,7079.34,0,0
2025-12-23,Study Table,Furniture,South,Store C,7,12730.35,10,80201.18,22530.75,0,0
2025-12-23,T-Shirt,Fashion,North,Store D,20,764.81,0,15296.25,3111.7,0,0
2025-12-23,Jeans,Fashion,North,Store A,18,1723.08,15,26363.08,2478.52,0,0
2025-12-23,Shoes,Fashion,North,Store D,10,2379.02,0,23790.19,6820.05,0,0
2025-12-23,Coffee Maker,Home Appliances,West,Store B,12,4722.07,5,53831.55,20489.58,1,0
2025-12-23,Mixer Grinder,Home Appliances,East,Store C,21,3760.32,15,67121.65,22237.8,0,0
2025-12-24,Laptop,Electronics,North,Store C,25,58063.5,5,1379008.09,454531.94,0,1
2025-12-24,Smartphone,Electronics,East,Store A,11,24467.18,5,255682.07,82650.86,0,1
2025-12-24,Headphones,Electronics,West,Store D,24,2517.08,5,57389.44,18899.2,0,1
2025-12-24,Office Chair,Furniture,West,Store E,13,7677.64,0,99809.34,37224.26,0,1
2025-12-24,Study Table,Furniture,South,Store A,20,11962.89,5,227294.83,51035.15,1,1
2025-12-24,T-Shirt,Fashion,East,Store B,25,796.57,5,18918.56,4050.35,0,1
2025-12-24,Jeans,Fashion,North,Store D,27,1746.03,5,44785.64,10252.66,0,1
2025-12-24,Shoes,Fashion,South,Store D,23,2527.04,15,49403.68,14152.65,0,1
2025-12-24,Coffee Maker,Home Appliances,East,Store A,16,4604.61,10,66306.32,16449.95,0,1
2025-12-24,Mixer Grinder,Home Appliances,North,Store E,11,3658.77,5,38234.19,9687.53,0,1
2025-12-25,Laptop,Electronics,North,Store A,20,54652.12,5,1038390.19,376505.09,0,1
2025-12-25,Smartphone,Electronics,East,Store D,16,26325.81,0,421212.94,166939.6,0,1
2025-12-25,Headphones,Electronics,South,Store E,16,2484.56,10,35777.59,8521.17,0,1
2025-12-25,Office Chair,Furniture,South,Store E,19,7478.57,5,134988.2,29766.69,1,1
2025-12-25,Study Table,Furniture,North,Store C,10,12180.88,0,121808.83,47506.13,0,1
2025-12-25,T-Shirt,Fashion,East,Store C,26,814.32,5,20113.67,7329.52,0,1
2025-12-25,Jeans,Fashion,North,Store B,31,1869.86,10,52169.23,11548.55,0,1
2025-12-25,Shoes,Fashion,East,Store A,29,2610.79,15,64355.99,14902.77,0,1
2025-12-25,Coffee Maker,Home Appliances,North,Store D,22,4446.04,5,92922.32,22689.18,1,1
2025-12-25,Mixer Grinder,Home Appliances,South,Store A,16,3778.91,10,54416.35,20385.6,0,1
2025-12-26,Laptop,Electronics,North,Store D,9,53397.86,15,408493.65,64168.75,0,0
2025-12-26,Smartphone,Electronics,North,Store C,14,24500.69,10,308708.64,40721.98,0,0
2025-12-26,Headphones,Electronics,North,Store B,12,2554.63,0,30655.55,8649.27,0,0
2025-12-26,Office Chair,Furniture,East,Store A,6,7567.63,15,38594.89,4661.49,0,0
2025-12-26,Study Table,Furniture,East,Store B,19,12263.41,15,198054.07,22398.73,1,0
2025-12-26,T-Shirt,Fashion,North,Store A,13,850.29,0,11053.8,4334.5,0,0
2025-12-26,Jeans,Fashion,South,Store D,11,1891.15,0,20802.65,5600.46,0,0
2025-12-26,Shoes,Fashion,East,Store E,29,2406.41,10,62807.34,8030.89,1,0
2025-12-26,Coffee Maker,Home Appliances,West,Store A,5,4817.97,5,22885.36,7273.19,0,0
2025-12-26,Mixer Grinder,Home Appliances,North,Store B,9,3750.65,0,33755.85,12516.99,0,0
2025-12-27,Laptop,Electronics,North,Store A,24,53745.01,5,1225386.19,307273.5,0,0
2025-12-27,Smartphone,Electronics,West,Store C,19,25160.98,10,430252.82,60364.55,1,0
2025-12-27,Headphones,Electronics,North,Store A,18,2495.49,0,44918.87,13661.73,0,0
2025-12-27,Office Chair,Furniture,North,Store D,14,7736.35,5,102893.49,25760.54,0,0
2025-12-27,Study Table,Furniture,West,Store A,8,11463.08,0,91704.62,21390.44,0,0
2025-12-27,T-Shirt,Fashion,North,Store D,22,783.12,10,15505.83,2682.62,0,0
2025-12-27,Jeans,Fashion,South,Store B,25,1786.58,15,37964.82,8991.27,0,0
2025-12-27,Shoes,Fashion,South,Store B,17,2656.84,15,38391.4,6736.32,0,0
2025-12-27,Coffee Maker,Home Appliances,East,Store B,15,4322.07,20,51864.88,3252.82,0,0
2025-12-27,Mixer Grinder,Home Appliances,West,Store B,17,3670.27,5,59274.8,13171.1,1,0
2025-12-28,Laptop,Electronics,East,Store D,16,54219.21,10,780756.63,106736.62,1,0
2025-12-28,Smartphone,Electronics,South,Store E,14,26327.02,10,331720.42,70349.65,0,0
2025-12-28,Headphones,Electronics,West,Store B,19,2514.97,0,47784.44,19057.41,1,0
2025-12-28,Office Chair,Furniture,West,Store A,8,7706.78,20,49323.39,5770.56,0,0
2025-12-28,Study Table,Furniture,South,Store A,10,11989.49,0,119894.91,38839.06,0,0
2025-12-28,T-Shirt,Fashion,North,Store B,23,852.92,0,19617.15,8446.05,0,0
2025-12-28,Jeans,Fashion,South,Store A,11,1732.91,0,19062.06,5871.17,0,0
2025-12-28,Shoes,Fashion,South,Store C,24,2420.65,15,49381.33,6121.16,1,0
2025-12-28,Coffee Maker,Home Appliances,East,Store C,18,4522.3,0,81401.42,31173.18,1,0
2025-12-28,Mixer Grinder,Home Appliances,East,Store C,19,3577.05,0,67963.91,22497.62,1,0
2025-12-29,Laptop,Electronics,North,Store E,12,55099.32,15,562013.06,110670.29,0,0
2025-12-29,Smartphone,Electronics,South,Store B,17,26799.81,5,432816.9,103598.29,0,0
2025-12-29,Headphones,Electronics,East,Store E,10,2653.15,0,26531.55,8547.17,0,0
2025-12-29,Office Chair,Furniture,South,Store E,8,7830.85,0,62646.81,17758.25,0,0
2025-12-29,Study Table,Furniture,East,Store A,11,12896.03,0,141856.29,44932.5,0,0
2025-12-29,T-Shirt,Fashion,South,Store D,21,794.25,0,16679.35,5580.67,1,0
2025-12-29,Jeans,Fashion,North,Store D,18,1852.95,5,31685.41,11027.09,0,0
2025-12-29,Shoes,Fashion,North,Store B,11,2638.11,10,26117.32,6161.92,0,0
2025-12-29,Coffee Maker,Home Appliances,South,Store A,10,4322.68,15,36742.81,7522.28,0,0
2025-12-29,Mixer Grinder,Home Appliances,North,Store A,11,3547.88,10,35124.03,8698.25,1,0
2025-12-30,Laptop,Electronics,North,Store A,14,58525.49,5,778388.99,192605.77,0,0
2025-12-30,Smartphone,Electronics,North,Store D,9,26296.29,15,201166.62,48572.86,0,0
2025-12-30,Headphones,Electronics,South,Store A,20,2574.39,0,51487.72,17691.37,0,0
2025-12-30,Office Chair,Furniture,East,Store B,12,8088.63,0,97063.58,33970.1,0,0
2025-12-30,Study Table,Furniture,North,Store B,7,12236.18,5,81370.59,29313.02,0,0
2025-12-30,T-Shirt,Fashion,South,Store C,8,809.94,10,5831.59,1346.11,0,0
2025-12-30,Jeans,Fashion,South,Store A,12,1862.5,10,20114.97,5985.53,0,0
2025-12-30,Shoes,Fashion,West,Store B,11,2637.12,0,29008.33,8913.38,0,0
2025-12-30,Coffee Maker,Home Appliances,West,Store B,3,4510.1,20,10824.23,492.64,0,0
2025-12-30,Mixer Grinder,Home Appliances,West,Store C,8,3382.89,10,24356.78,3180.0,0,0
2025-12-31,Laptop,Electronics,West,Store A,19,57549.93,5,1038776.24,229332.4,1,1
2025-12-31,Smartphone,Electronics,East,Store C,24,25836.79,15,527070.61,69270.42,0,1
2025-12-31,Headphones,Electronics,East,Store D,30,2526.37,15,64422.4,18532.95,1,1
2025-12-31,Office Chair,Furniture,West,Store E,12,7702.54,0,92430.49,29388.71,1,1
2025-12-31,Study Table,Furniture,East,Store C,6,12883.98,0,77303.89,25987.66,0,1
2025-12-31,T-Shirt,Fashion,East,Store B,34,771.62,0,26234.96,7686.92,0,1
2025-12-31,Jeans,Fashion,South,Store A,33,1875.64,5,58801.47,19464.44,0,1
2025-12-31,Shoes,Fashion,North,Store E,44,2427.76,0,106821.62,27651.16,1,1
2025-12-31,Coffee Maker,Home Appliances,West,Store D,14,4553.6,5,60562.9,16226.52,0,1
2025-12-31,Mixer Grinder,Home Appliances,North,Store B,11,3686.6,0,40552.61,14117.7,0,1
